shape_id,shape_pt_lat,shape_pt_lon,shape_pt_sequence,shape_dist_traveled
48728,40.000247,-105.267778,1,0
48728,40.00178,-105.26778,2,170.65
48728,40.00185,-105.267785,3,178.46
48728,40.001958,-105.267784,4,190.48
48728,40.00224,-105.267776,5,221.88
48728,40.00273,-105.267784,6,276.43
48728,40.003193,-105.267791,7,327.97
48728,40.00327,-105.267787,8,336.55
48728,40.00334,-105.267776,9,344.4
48728,40.003347,-105.267771,10,345.29
48728,40.003394,-105.267749,11,350.85
48728,40.003481,-105.2677,12,361.4
48728,40.003541,-105.267821,13,373.69
48728,40.003676,-105.268094,14,401.39
48728,40.003943,-105.268605,15,454.14
48728,40.004057,-105.268823,16,476.65
48728,40.004326,-105.269312,17,527.98
48728,40.004406,-105.269458,18,543.29
48728,40.004541,-105.269709,19,569.44
48728,40.004601,-105.269813,20,580.54
48728,40.004649,-105.269896,21,589.41
48728,40.00499,-105.270513,22,654.29
48728,40.005356,-105.27116,23,722.87
48728,40.0055,-105.271413,24,749.75
48728,40.005593,-105.271579,25,767.28
48728,40.005813,-105.27197,26,808.65
48728,40.005836,-105.272011,27,812.99
48728,40.005911,-105.272145,28,827.14
48728,40.006059,-105.2724,29,854.42
48728,40.006431,-105.273077,30,925.46
48728,40.006695,-105.273557,31,975.85
48728,40.006913,-105.273953,32,1017.43
48728,40.006944,-105.274006,33,1023.12
48728,40.007195,-105.274429,34,1068.74
48728,40.007272,-105.274546,35,1081.89
48728,40.007328,-105.274608,36,1090.07
48728,40.007389,-105.274679,37,1099.16
48728,40.007476,-105.274763,38,1111.21
48728,40.007489,-105.274771,39,1112.81
48728,40.007535,-105.274806,40,1118.74
48728,40.00765,-105.274899,41,1133.8
48728,40.007854,-105.275049,42,1159.86
48728,40.008655,-105.275584,43,1260.02
48728,40.008874,-105.275741,44,1287.83
48728,40.009166,-105.275948,45,1324.82
48728,40.009217,-105.275982,46,1331.19
48728,40.0093,-105.276037,47,1341.55
48728,40.009406,-105.276107,48,1354.78
48728,40.009504,-105.276172,49,1367.01
48728,40.009576,-105.276217,50,1375.9
48728,40.009678,-105.276282,51,1388.53
48728,40.009997,-105.276517,52,1429.31
48728,40.01001,-105.276526,53,1430.95
48728,40.010188,-105.276644,54,1453.17
48728,40.010509,-105.276858,55,1493.29
48728,40.010894,-105.277077,56,1540.04
48728,40.011035,-105.277157,57,1557.15
48728,40.011327,-105.277313,58,1592.28
48728,40.011543,-105.277445,59,1618.82
48728,40.012173,-105.277785,60,1694.71
48728,40.012335,-105.277881,61,1714.51
48728,40.012368,-105.277901,62,1718.56
48728,40.01254,-105.278003,63,1739.59
48728,40.012598,-105.278037,64,1746.67
48728,40.012633,-105.278058,65,1750.96
48728,40.012701,-105.278097,66,1759.23
48728,40.01281,-105.278152,67,1772.24
48728,40.012902,-105.278194,68,1783.08
48728,40.01303,-105.278252,69,1798.17
48728,40.013099,-105.278275,70,1806.09
48728,40.013136,-105.278288,71,1810.36
48728,40.013386,-105.278393,72,1839.59
48728,40.013467,-105.278464,73,1850.45
48728,40.013576,-105.278503,74,1863.04
48728,40.014011,-105.278655,75,1913.16
48728,40.014096,-105.278685,76,1922.97
48728,40.014181,-105.278712,77,1932.7
48728,40.014271,-105.278741,78,1943.02
48728,40.014408,-105.278786,79,1958.75
48728,40.014479,-105.278808,80,1966.87
48728,40.014643,-105.278859,81,1985.64
48728,40.015165,-105.279041,82,2045.78
48728,40.015179,-105.279046,83,2047.4
48728,40.015326,-105.279095,84,2064.29
48728,40.01572,-105.279225,85,2109.53
48728,40.015739,-105.279232,86,2111.73
48728,40.015761,-105.279238,87,2114.23
48728,40.015818,-105.279257,88,2120.78
48728,40.015929,-105.279293,89,2133.51
48728,40.016002,-105.27932,90,2141.95
48728,40.016047,-105.279337,91,2147.17
48728,40.01623,-105.279404,92,2168.33
48728,40.016387,-105.279462,93,2186.49
48728,40.016653,-105.27956,94,2217.26
48728,40.016666,-105.279565,95,2218.76
48728,40.016791,-105.27961,96,2233.2
48728,40.016863,-105.279636,97,2241.51
48728,40.017079,-105.279711,98,2266.4
48728,40.017343,-105.279802,99,2296.79
48728,40.01738,-105.279814,100,2301.03
48728,40.01767,-105.279912,101,2334.38
48728,40.017895,-105.279988,102,2360.25
48728,40.01819,-105.280087,103,2394.16
48728,40.018396,-105.280157,104,2417.85
48728,40.018919,-105.280333,105,2477.98
48728,40.019345,-105.280485,106,2527.14
48728,40.019422,-105.280513,107,2536.04
48728,40.019598,-105.28057,108,2556.22
48728,40.019907,-105.280672,109,2591.7
48728,40.020035,-105.280715,110,2606.41
48728,40.020126,-105.280747,111,2616.9
48728,40.020282,-105.280802,112,2634.89
48728,40.020425,-105.280849,113,2651.31
48728,40.020933,-105.281016,114,2709.62
48728,40.021425,-105.281181,115,2766.17
48728,40.021789,-105.281303,116,2808
48728,40.022177,-105.281433,117,2852.59
48728,40.022232,-105.281451,118,2858.91
48728,40.022386,-105.281502,119,2876.59
48728,40.022617,-105.28158,120,2903.15
48728,40.022679,-105.281601,121,2910.28
48728,40.023194,-105.281774,122,2969.48
48728,40.023507,-105.281898,123,3005.89
48728,40.023652,-105.281944,124,3022.5
48728,40.023726,-105.281968,125,3030.99
48728,40.023894,-105.282012,126,3050.06
48728,40.023972,-105.282023,127,3058.8
48728,40.024041,-105.282033,128,3066.52
48728,40.024188,-105.282043,129,3082.91
48728,40.024204,-105.282043,130,3084.69
48728,40.024475,-105.282046,131,3114.86
48728,40.024829,-105.282047,132,3154.27
48728,40.024975,-105.282047,133,3170.52
48728,40.025131,-105.282051,134,3187.89
48728,40.025523,-105.282062,135,3231.54
48728,40.025837,-105.282069,136,3266.5
48728,40.025942,-105.282072,137,3278.19
48728,40.026108,-105.282078,138,3296.67
48728,40.026145,-105.282079,139,3300.79
48728,40.026384,-105.282079,140,3327.4
48728,40.026452,-105.28208,141,3334.97
48728,40.02675,-105.282085,142,3368.14
48728,40.027024,-105.282087,143,3398.65
48728,40.027518,-105.282096,144,3453.64
48728,40.028001,-105.282104,145,3507.42
48728,40.028356,-105.282105,146,3546.93
48728,40.028483,-105.282106,147,3561.07
48728,40.028609,-105.282107,148,3575.1
48728,40.029134,-105.282111,149,3633.54
48728,40.029256,-105.282112,150,3647.12
48728,40.030104,-105.282099,151,3741.53
48728,40.030352,-105.282097,152,3769.14
48728,40.03107,-105.282093,153,3849.06
48728,40.031289,-105.282092,154,3873.44
48728,40.032062,-105.282087,155,3959.49
48728,40.032867,-105.282082,156,4049.11
48728,40.033231,-105.282081,157,4089.63
48728,40.034036,-105.282076,158,4179.24
48728,40.034073,-105.282076,159,4183.36
48728,40.034193,-105.282075,160,4196.72
48728,40.035003,-105.282085,161,4286.89
48728,40.035105,-105.282085,162,4298.25
48728,40.035527,-105.282084,163,4345.22
48728,40.0363,-105.282082,164,4431.27
48728,40.036335,-105.282082,165,4435.17
48728,40.036408,-105.282083,166,4443.3
48728,40.036526,-105.282081,167,4456.43
48728,40.03703,-105.28208,168,4512.54
48728,40.03713,-105.28208,169,4523.67
48728,40.037283,-105.282079,170,4540.7
48728,40.037497,-105.282078,171,4564.52
48728,40.037882,-105.282075,172,4607.38
48728,40.038584,-105.282077,173,4685.53
48728,40.039098,-105.282078,174,4742.75
48728,40.039451,-105.282082,175,4782.05
48728,40.03999,-105.282084,176,4842.05
48728,40.04027,-105.282086,177,4873.22
48728,40.040286,-105.282086,178,4875
48728,40.040515,-105.282087,179,4900.49
48728,40.040819,-105.282089,180,4934.33
48728,40.040837,-105.28209,181,4936.34
48728,40.04093,-105.28209,182,4946.69
48728,40.04101,-105.282088,183,4955.6
48728,40.041026,-105.282088,184,4957.38
48728,40.041238,-105.282083,185,4980.98
48728,40.041258,-105.282082,186,4983.21
48728,40.041503,-105.282079,187,5010.48
48728,40.041547,-105.282078,188,5015.38
48728,40.041693,-105.282076,189,5031.64
48728,40.04173,-105.282074,190,5035.76
48728,40.043234,-105.282088,191,5203.19
48728,40.04337,-105.282087,192,5218.33
48728,40.043647,-105.282086,193,5249.16
48728,40.043755,-105.282083,194,5261.19
48728,40.04389,-105.282085,195,5276.22
48728,40.044085,-105.282088,196,5297.93
48728,40.044618,-105.282093,197,5357.26
48728,40.044998,-105.282092,198,5399.56
48728,40.045388,-105.282093,199,5442.98
48728,40.045449,-105.282093,200,5449.77
48728,40.045581,-105.282094,201,5464.46
48728,40.0459,-105.282095,202,5499.97
48728,40.04617,-105.282095,203,5530.03
48728,40.046323,-105.282096,204,5547.06
48728,40.046393,-105.282095,205,5554.85
48728,40.046519,-105.282094,206,5568.88
48728,40.046889,-105.282094,207,5610.07
48728,40.047152,-105.282096,208,5639.35
48728,40.047329,-105.282097,209,5659.05
48728,40.047537,-105.282098,210,5682.2
48728,40.04765,-105.282099,211,5694.78
48728,40.047917,-105.2821,212,5724.51
48728,40.048011,-105.282101,213,5734.97
48728,40.04811,-105.282101,214,5745.99
48728,40.04824,-105.282101,215,5760.46
48728,40.048339,-105.282101,216,5771.48
48728,40.048613,-105.2821,217,5801.99
48728,40.048868,-105.282112,218,5830.39
48728,40.049079,-105.282118,219,5853.88
48728,40.049167,-105.28212,220,5863.68
48728,40.049309,-105.282128,221,5879.5
48728,40.049445,-105.282141,222,5894.68
48728,40.049506,-105.282144,223,5901.48
48728,40.050002,-105.282151,224,5956.7
48728,40.050299,-105.282137,225,5989.78
48728,40.050621,-105.282118,226,6025.66
48728,40.050783,-105.282114,227,6043.7
48728,40.050854,-105.282112,228,6051.6
48728,40.051608,-105.282112,229,6135.54
48728,40.051724,-105.282113,230,6148.45
48728,40.052267,-105.282119,231,6208.9
48728,40.052809,-105.282129,232,6269.24
48728,40.053073,-105.282131,233,6298.63
48728,40.053167,-105.282132,234,6309.1
48728,40.053882,-105.282126,235,6388.69
48728,40.054156,-105.282125,236,6419.19
48728,40.05447,-105.282125,237,6454.15
48728,40.05459,-105.282125,238,6467.5
48728,40.054682,-105.282127,239,6477.75
48728,40.05495,-105.282129,240,6507.58
48728,40.055101,-105.28213,241,6524.39
48728,40.055245,-105.282131,242,6540.42
48728,40.055893,-105.282134,243,6612.56
48728,40.055955,-105.282135,244,6619.46
48728,40.055993,-105.282136,245,6623.69
48728,40.0562,-105.282136,246,6646.73
48728,40.056299,-105.282136,247,6657.75
48728,40.056327,-105.282136,248,6660.87
48728,40.056709,-105.282137,249,6703.4
48728,40.056798,-105.282137,250,6713.3
48728,40.057474,-105.282139,251,6788.55
48728,40.057591,-105.28214,252,6801.58
48728,40.057933,-105.282141,253,6839.65
48728,40.058104,-105.282142,254,6858.69
48728,40.058142,-105.282142,255,6862.92
48728,40.058268,-105.282141,256,6876.94
48728,40.058346,-105.28214,257,6885.63
48728,40.058561,-105.282141,258,6909.56
48728,40.05857,-105.282141,259,6910.56
48728,40.058681,-105.282141,260,6922.92
48728,40.058796,-105.282141,261,6935.72
48728,40.058988,-105.282142,262,6957.09
48728,40.059156,-105.282143,263,6975.8
48728,40.059362,-105.282143,264,6998.73
48728,40.059582,-105.282144,265,7023.22
48728,40.059943,-105.282143,266,7063.4
48728,40.060574,-105.282145,267,7133.65
48728,40.060743,-105.282141,268,7152.46
48728,40.061203,-105.282143,269,7203.67
48728,40.06134,-105.282143,270,7218.92
48728,40.061733,-105.282136,271,7262.67
48728,40.061835,-105.282137,272,7274.03
48728,40.061941,-105.282138,273,7285.83
48728,40.062175,-105.282136,274,7311.88
48728,40.062321,-105.282134,275,7328.13
48728,40.062916,-105.282132,276,7394.37
48728,40.063352,-105.282123,277,7442.91
48728,40.063535,-105.282125,278,7463.28
48728,40.06377,-105.282122,279,7489.44
48728,40.064057,-105.282122,280,7521.39
48728,40.06418,-105.282069,281,7535.81
48728,40.064402,-105.282035,282,7560.69
48728,40.064454,-105.282023,283,7566.57
48728,40.064497,-105.282013,284,7571.43
48728,40.064522,-105.282008,285,7574.25
48728,40.064755,-105.28189,286,7602.06
48728,40.064803,-105.281858,287,7608.06
48728,40.064872,-105.281795,288,7617.43
48728,40.064939,-105.281727,289,7626.88
48728,40.065038,-105.28163,290,7640.65
48728,40.065091,-105.281553,291,7649.47
48728,40.065185,-105.281352,292,7669.54
48728,40.065248,-105.281407,293,7677.98
48728,40.065558,-105.281659,294,7718.62
48728,40.065882,-105.281894,295,7759.87
48728,40.066129,-105.282057,296,7790.67
48728,40.066279,-105.282156,297,7809.38
48728,40.066457,-105.282252,298,7830.82
48728,40.066762,-105.282507,299,7871.13
48728,40.067023,-105.28261,300,7901.48
48728,40.068912,-105.283244,301,8118.58
48728,40.07076,-105.283809,302,8329.86
48728,40.073054,-105.28451,303,8592.11
48728,40.073322,-105.28458,304,8622.54
48728,40.073565,-105.284632,305,8649.95
48728,40.073755,-105.284658,306,8671.21
48728,40.073926,-105.284666,307,8690.26
48728,40.07409,-105.284666,308,8708.52
48728,40.074254,-105.284658,309,8726.79
48728,40.074405,-105.284641,310,8743.66
48728,40.074596,-105.284598,311,8765.23
48728,40.074773,-105.284555,312,8785.28
48728,40.07499,-105.284486,313,8810.14
48728,40.075305,-105.28434,314,8847.34
48728,40.075665,-105.284175,315,8889.81
48728,40.078806,-105.282572,316,9265.18
48728,40.078976,-105.282495,317,9285.21
48728,40.079173,-105.282409,318,9308.33
48728,40.079383,-105.28234,319,9332.43
48728,40.07958,-105.28228,320,9354.95
48728,40.079649,-105.282264,321,9362.75
48728,40.079731,-105.282244,322,9372.04
48728,40.079922,-105.282203,323,9393.59
48728,40.080127,-105.282193,324,9416.42
48728,40.080339,-105.282172,325,9440.09
48728,40.080981,-105.282158,326,9511.57
48728,40.097129,-105.282143,327,11309.15
48728,40.097537,-105.282132,328,11354.58
48728,40.098602,-105.282077,329,11473.23
48728,40.099096,-105.282053,330,11528.26
48728,40.099271,-105.282045,331,11547.75
48728,40.100303,-105.281989,332,11662.73
48728,40.10037,-105.281985,333,11670.2
48728,40.100978,-105.281989,334,11737.88
48728,40.101355,-105.28201,335,11779.89
48728,40.102591,-105.282071,336,11917.58
48728,40.105002,-105.28219,337,12186.16
48728,40.105274,-105.28219,338,12216.44
48728,40.105551,-105.282173,339,12247.31
48728,40.105989,-105.282143,340,12296.13
48728,40.108524,-105.281854,341,12579.4
48728,40.108779,-105.281825,342,12607.89
48728,40.109009,-105.281817,343,12633.5
48728,40.109602,-105.281816,344,12699.52
48728,40.109822,-105.281838,345,12724.08
48728,40.110022,-105.281865,346,12746.46
48728,40.110368,-105.281911,347,12785.18
48728,40.112026,-105.282128,348,12970.67
48728,40.112685,-105.28221,349,13044.36
48728,40.112853,-105.282231,350,13063.14
48728,40.113109,-105.282257,351,13091.73
48728,40.113311,-105.282263,352,13114.22
48728,40.113371,-105.282265,353,13120.9
48728,40.114487,-105.28228,354,13245.14
48728,40.114972,-105.282283,355,13299.13
48728,40.116382,-105.282293,356,13456.09
48728,40.117729,-105.282302,357,13606.04
48728,40.11873,-105.282304,358,13717.47
48728,40.11981,-105.282305,359,13837.7
48728,40.123939,-105.282307,360,14297.34
48728,40.124189,-105.282313,361,14325.17
48728,40.126587,-105.282317,362,14592.12
48728,40.128458,-105.28231,363,14800.4
48728,40.128626,-105.282312,364,14819.1
48728,40.129321,-105.28231,365,14896.47
48728,40.129542,-105.282308,366,14921.07
48728,40.129867,-105.282306,367,14957.25
48728,40.12998,-105.282306,368,14969.83
48728,40.131663,-105.282279,369,15157.19
48728,40.13177,-105.282276,370,15169.1
48728,40.131921,-105.28221,371,15186.83
48728,40.13239,-105.282183,372,15239.09
48728,40.133163,-105.282181,373,15325.14
48728,40.133216,-105.282181,374,15331.04
48728,40.133669,-105.282186,375,15381.47
48728,40.133696,-105.282186,376,15384.47
48728,40.134448,-105.282183,377,15468.18
48728,40.135162,-105.282211,378,15547.7
48728,40.135415,-105.282284,379,15576.54
48728,40.136669,-105.28227,380,15716.14
48728,40.136962,-105.282268,381,15748.76
48728,40.138265,-105.28226,382,15893.81
48728,40.138706,-105.282257,383,15942.9
48728,40.139433,-105.282253,384,16023.83
48728,40.141601,-105.282271,385,16265.18
48728,40.141765,-105.282272,386,16283.44
48728,40.141828,-105.282272,387,16290.45
48728,40.143798,-105.282253,388,16509.75
48728,40.144152,-105.282249,389,16549.16
48728,40.14497,-105.282242,390,16640.22
48728,40.145074,-105.282241,391,16651.8
48728,40.145467,-105.282245,392,16695.55
48728,40.145615,-105.282243,393,16712.03
48728,40.145794,-105.282243,394,16731.95
48728,40.148144,-105.282249,395,16993.56
48728,40.148523,-105.282237,396,17035.76
48728,40.148977,-105.282207,397,17086.36
48728,40.149348,-105.282146,398,17127.99
48728,40.149624,-105.282076,399,17159.28
48728,40.150063,-105.281935,400,17209.6
48728,40.150238,-105.281853,401,17230.3
48728,40.150484,-105.281729,402,17259.64
48728,40.150727,-105.281588,403,17289.23
48728,40.150965,-105.28143,404,17318.94
48728,40.151205,-105.281251,405,17349.7
48728,40.151364,-105.28112,406,17370.61
48728,40.151596,-105.280911,407,17401.97
48728,40.15224,-105.280246,408,17493.3
48728,40.156888,-105.275445,409,18152.52
48728,40.157525,-105.274764,410,18244.09
48728,40.157756,-105.274488,411,18278.91
48728,40.158044,-105.274114,412,18324.08
48728,40.158243,-105.273836,413,18356.49
48728,40.159169,-105.272513,414,18509.12
48728,40.159322,-105.272319,415,18532.83
48728,40.159349,-105.272286,416,18536.95
48728,40.159601,-105.272009,417,18573.58
48728,40.159729,-105.271884,418,18591.36
48728,40.159832,-105.271786,419,18605.54
48728,40.159955,-105.271668,420,18622.52
48728,40.160131,-105.27153,421,18645.36
48728,40.160385,-105.271372,422,18676.67
48728,40.160564,-105.271256,423,18698.9
48728,40.160799,-105.271136,424,18726.98
48728,40.161182,-105.270994,425,18771.3
48728,40.163208,-105.270354,426,19003.31
48728,40.163418,-105.270285,427,19027.41
48728,40.163629,-105.270204,428,19051.89
48728,40.163822,-105.270103,429,19075.03
48728,40.164086,-105.269952,430,19107.1
48728,40.164346,-105.269777,431,19139.65
48728,40.164612,-105.269556,432,19174.73
48728,40.164806,-105.269368,433,19201.6
48728,40.165049,-105.269088,434,19237.64
48728,40.165716,-105.268261,435,19339.93
48728,40.165948,-105.267974,436,19375.47
48728,40.166086,-105.26782,437,19395.66
48728,40.166228,-105.267672,438,19415.87
48728,40.166374,-105.267532,439,19436.01
48728,40.166526,-105.267402,440,19456.23
48728,40.167034,-105.267009,441,19521.92
48728,40.169705,-105.264943,442,19867.31
48728,40.172159,-105.262672,443,20201.89
48728,40.173344,-105.261584,444,20363.03
48728,40.173724,-105.261235,445,20414.71
48728,40.174023,-105.260932,446,20456.8
48728,40.174345,-105.260563,447,20504.45
48728,40.174443,-105.260424,448,20520.53
48728,40.174657,-105.260119,449,20555.76
48728,40.175011,-105.259578,450,20616.34
48728,40.175361,-105.259018,451,20677.88
48728,40.176508,-105.257182,452,20879.59
48728,40.176902,-105.256598,453,20945.86
48728,40.177241,-105.256145,454,20999.79
48728,40.177275,-105.2561,455,21005.17
48728,40.177597,-105.255693,456,21055
48728,40.178058,-105.255155,457,21123.76
48728,40.178356,-105.254862,458,21165.25
48728,40.178679,-105.254598,459,21207.64
48728,40.178951,-105.254403,460,21242.17
48728,40.179311,-105.254185,461,21286.32
48728,40.179692,-105.253996,462,21331.68
48728,40.183339,-105.25275,463,21751.26
48728,40.18377,-105.252641,464,21800.13
48728,40.183957,-105.252605,465,21821.17
48728,40.1842,-105.252568,466,21848.4
48728,40.184328,-105.25256,467,21862.67
48728,40.184635,-105.252541,468,21896.88
48728,40.185297,-105.25254,469,21970.57
48728,40.186215,-105.252534,470,22072.77
48728,40.186623,-105.252518,471,22118.21
48728,40.186926,-105.252472,472,22152.16
48728,40.187268,-105.252405,473,22190.66
48728,40.187729,-105.252242,474,22243.81
48728,40.18825,-105.251988,475,22305.7
48728,40.189158,-105.251576,476,22412.68
48728,40.189598,-105.251427,477,22463.27
48728,40.190033,-105.251336,478,22512.31
48728,40.190376,-105.251285,479,22550.74
48728,40.190789,-105.251267,480,22596.74
48728,40.191541,-105.25126,481,22680.46
48728,40.192299,-105.251221,482,22764.9
48728,40.192833,-105.251188,483,22824.41
48728,40.193349,-105.251128,484,22882.08
48728,40.19378,-105.25107,485,22930.31
48728,40.194274,-105.250956,486,22986.15
48728,40.194829,-105.250769,487,23049.95
48728,40.198551,-105.249344,488,23481.63
48728,40.198989,-105.249247,489,23531.08
48728,40.199059,-105.249231,490,23538.99
48728,40.199497,-105.249178,491,23587.96
48728,40.199831,-105.249166,492,23625.15
48728,40.201582,-105.249135,493,23820.09
48728,40.203873,-105.249145,494,24075.12
48728,40.204326,-105.249147,495,24125.55
48728,40.207756,-105.249157,496,24507.38
48728,40.207906,-105.249155,497,24524.08
48728,40.208063,-105.249154,498,24541.56
48728,40.208815,-105.249145,499,24625.27
48728,40.209897,-105.249132,500,24745.72
48728,40.210591,-105.249122,501,24822.98
48728,40.210642,-105.249122,502,24828.66
48728,40.210781,-105.24912,503,24844.14
48728,40.211237,-105.249115,504,24894.9
48728,40.211628,-105.249101,505,24938.44
48728,40.211782,-105.249099,506,24955.59
48728,40.211897,-105.249091,507,24968.41
48728,40.211953,-105.249086,508,24974.65
48728,40.212131,-105.249073,509,24994.5
48728,40.212236,-105.249068,510,25006.2
48728,40.212345,-105.24905,511,25018.43
48728,40.212393,-105.249294,512,25039.85
48728,40.212464,-105.249611,513,25067.93
48728,40.212554,-105.249951,514,25098.52
48728,40.212644,-105.250265,515,25127.03
48728,40.21267,-105.250493,517,25147.15
48728,40.212675,-105.250358,516,25135.66
48728,40.212806,-105.250868,518,25182.44
48728,40.212845,-105.250951,519,25190.72
48728,40.212917,-105.251108,520,25206.29
48728,40.213013,-105.251331,521,25228.05
48728,40.21314,-105.251594,522,25254.5
48728,40.213165,-105.251645,523,25259.66
48728,40.213255,-105.251831,524,25278.37
48728,40.213445,-105.252165,525,25313.78
48728,40.213572,-105.252362,526,25335.7
48728,40.213724,-105.25261,527,25362.73
48728,40.213808,-105.252731,528,25376.63
48728,40.213906,-105.252871,529,25392.77
48728,40.215199,-105.254603,530,25598.67
48728,40.215387,-105.254851,531,25628.38
48728,40.215418,-105.254892,532,25633.28
48728,40.215552,-105.255075,533,25654.84
48728,40.215642,-105.255199,534,25669.38
48728,40.215797,-105.255434,535,25695.78
48728,40.21581,-105.255454,536,25698.01
48728,40.215918,-105.255628,537,25717.07
48728,40.216082,-105.255938,538,25749.13
48728,40.216309,-105.256459,539,25800.12
48728,40.216367,-105.256623,540,25815.48
48728,40.216575,-105.257209,541,25870.41
48728,40.21684,-105.257894,542,25935.69
48728,40.217008,-105.258253,543,25971.48
48728,40.217149,-105.258539,544,26000.41
48728,40.217334,-105.258822,545,26032.08
48728,40.21748,-105.258998,546,26054.17
48728,40.217585,-105.25914,547,26070.97
48728,40.218041,-105.259626,548,26136.42
48728,40.218108,-105.259703,549,26146.34
48728,40.218178,-105.259781,550,26156.58
48728,40.218219,-105.259829,551,26162.7
48728,40.218834,-105.260557,552,26254.98
48728,40.220358,-105.262332,553,26482.02
48728,40.220537,-105.262557,554,26509.64
48728,40.220744,-105.262818,555,26541.62
48728,40.220848,-105.262961,556,26558.41
48728,40.22112,-105.263334,557,26602.25
48728,40.221196,-105.263438,558,26614.49
48728,40.221633,-105.264007,559,26683.08
48728,40.221761,-105.264171,560,26703.02
48728,40.222159,-105.264662,561,26763.88
48728,40.222355,-105.264903,562,26793.81
48728,40.222486,-105.265065,563,26813.87
48728,40.222622,-105.265234,564,26834.74
48728,40.222705,-105.265335,565,26847.35
48728,40.222807,-105.265459,566,26862.84
48728,40.222884,-105.265549,567,26874.33
48728,40.222913,-105.265583,568,26878.66
48728,40.223216,-105.265962,569,26925.3
48728,40.223246,-105.265997,570,26929.78
48728,40.223527,-105.266336,571,26972.31
48728,40.223546,-105.269959,616,27923.99
48728,40.223551,-105.270689,615,27861.94
48728,40.223553,-105.271014,614,27834.31
48728,40.223557,-105.271497,613,27793.26
48728,40.223561,-105.271646,612,27780.58
48728,40.223576,-105.271644,611,27778.91
48728,40.223712,-105.269955,617,27942.47
48728,40.22378,-105.271638,610,27756.19
48728,40.223812,-105.26668,572,27015.45
48728,40.223826,-105.271686,609,27749.64
48728,40.223897,-105.26669,573,27024.95
48728,40.224053,-105.271685,608,27724.37
48728,40.224082,-105.266897,574,27052.04
48728,40.224141,-105.271683,607,27714.58
48728,40.2242,-105.267022,575,27068.93
48728,40.224214,-105.271681,606,27706.45
48728,40.224344,-105.267178,576,27089.73
48728,40.224414,-105.267254,577,27099.86
48728,40.22448,-105.267335,578,27109.92
48728,40.224525,-105.267399,579,27117.32
48728,40.22454,-105.27168,605,27670.16
48728,40.22457,-105.267467,580,27124.97
48728,40.224592,-105.267517,581,27129.87
48728,40.224611,-105.267584,582,27135.95
48728,40.224623,-105.267651,583,27141.8
48728,40.22464,-105.267754,584,27150.75
48728,40.224643,-105.268019,585,27173.28
48728,40.224647,-105.268345,586,27200.99
48728,40.224648,-105.268464,587,27211.11
48728,40.22466,-105.271676,604,27656.8
48728,40.224665,-105.269617,588,27309.12
48728,40.224666,-105.269765,589,27321.7
48728,40.224671,-105.269939,590,27336.5
48728,40.22479,-105.269935,591,27349.75
48728,40.22479,-105.27169,603,27642.28
48728,40.224843,-105.269932,592,27355.66
48728,40.224912,-105.27173,602,27628.28
48728,40.225073,-105.271827,601,27608.55
48728,40.225188,-105.271904,600,27594.17
48728,40.225279,-105.271905,599,27584.04
48728,40.225319,-105.269906,593,27408.69
48728,40.225342,-105.269905,594,27411.25
48728,40.225348,-105.271742,598,27568.2
48728,40.225362,-105.271695,597,27563.91
48728,40.22538,-105.271463,595,27543.74
48728,40.225384,-105.271618,596,27556.92
48729,40.000085,-105.263769,625,28153.5
48729,40.000085,-105.263908,626,28165.35
48729,40.000086,-105.263996,627,28172.86
48729,40.000088,-105.26413,628,28184.29
48729,40.00009,-105.264281,629,28197.17
48729,40.00009,-105.26569,637,28317.33
48729,40.00009,-105.266516,638,28387.77
48729,40.00009,-105.267669,640,28486.09
48729,40.00009,-105.26777,641,28494.7
48729,40.00009,-105.267777,642,28495.3
48729,40.000091,-105.264321,630,28200.58
48729,40.000091,-105.266583,639,28393.48
48729,40.000093,-105.264474,631,28213.63
48729,40.000093,-105.264505,632,28216.27
48729,40.000096,-105.264946,633,28253.88
48729,40.000096,-105.265054,634,28263.09
48729,40.000096,-105.265075,635,28264.88
48729,40.000096,-105.265236,636,28278.61
48729,40.000234,-105.263866,624,28134.97
48729,40.000239941,-105.267778,643,28511.99
48729,40.000776,-105.264239,623,28066.76
48729,40.000876,-105.264308,622,28054.17
48729,40.000963,-105.264368,621,28043.22
48729,40.001009,-105.264399,620,28037.45
48729,40.001641,-105.264841,619,27957.64
48729,40.002113,-105.265163,618,27898.35
48729,40.002283,-105.265305,617,27875.89
48729,40.002391,-105.265411,616,27860.85
48729,40.002541,-105.265589,615,27838.28
48729,40.002678,-105.265782,614,27815.84
48729,40.00279,-105.265978,613,27794.99
48729,40.002885,-105.266187,612,27774.27
48729,40.002956,-105.266385,611,27755.63
48729,40.003021,-105.266569,610,27738.35
48729,40.00318,-105.267076,609,27691.63
48729,40.003265,-105.267359,608,27665.71
48729,40.003328,-105.267561,607,27647.11
48729,40.003347,-105.267623,606,27641.42
48729,40.003355,-105.267647,605,27639.19
48729,40.003394,-105.267749,604,27629.47
48729,40.003443,-105.26786,603,27618.54
48729,40.003491,-105.267971,602,27607.67
48729,40.003522,-105.268031,601,27601.5
48729,40.003659,-105.268292,600,27574.52
48729,40.003686,-105.268341,599,27569.37
48729,40.00378,-105.268511,598,27551.5
48729,40.004363,-105.269567,597,27440.5
48729,40.004475,-105.269768,596,27419.31
48729,40.004526,-105.269862,595,27409.48
48729,40.004618,-105.270033,594,27391.66
48729,40.004915,-105.270557,593,27336.08
48729,40.004943,-105.270611,592,27330.52
48729,40.00517,-105.271019,591,27287.52
48729,40.0056,-105.271793,590,27205.99
48729,40.005732,-105.272033,589,27180.8
48729,40.005773,-105.272108,588,27172.94
48729,40.005853,-105.272255,587,27157.57
48729,40.0059,-105.272338,586,27148.77
48729,40.00598,-105.272481,585,27133.67
48729,40.006353,-105.273146,584,27063.39
48729,40.006662,-105.273697,583,27005.16
48729,40.006732,-105.27382,582,26992.09
48729,40.006932,-105.274172,581,26954.72
48729,40.007125,-105.274502,580,26919.32
48729,40.007218,-105.274639,579,26903.71
48729,40.007258,-105.27469,578,26897.49
48729,40.007267,-105.274702,577,26896.05
48729,40.007306,-105.274753,576,26889.91
48729,40.007365,-105.274822,575,26881.09
48729,40.007418,-105.274884,574,26873.17
48729,40.007477,-105.274925,573,26865.73
48729,40.007567,-105.274992,572,26854.2
48729,40.007673,-105.275071,571,26840.61
48729,40.007776,-105.27514,570,26827.72
48729,40.007899,-105.275225,569,26812.23
48729,40.008616,-105.27572,568,26721.94
48729,40.008721,-105.275794,567,26708.66
48729,40.008733,-105.275802,566,26707.16
48729,40.009241,-105.276178,565,26642.15
48729,40.009367,-105.276254,564,26626.7
48729,40.009465,-105.276326,563,26614.18
48729,40.009572,-105.276394,562,26600.94
48729,40.009803,-105.276543,561,26572.25
48729,40.00985,-105.276573,560,26566.43
48729,40.010065,-105.27671,559,26539.8
48729,40.010508,-105.276993,558,26484.9
48729,40.011166,-105.277362,557,26405.18
48729,40.011205,-105.277384,556,26400.45
48729,40.011283,-105.277427,555,26391.02
48729,40.011551,-105.277574,554,26358.66
48729,40.011746,-105.277679,553,26335.18
48729,40.011823,-105.27772,552,26325.93
48729,40.011947,-105.277788,551,26310.95
48729,40.011969,-105.277801,550,26308.27
48729,40.012339,-105.278007,549,26263.49
48729,40.012686,-105.278203,548,26221.4
48729,40.012878,-105.278302,547,26198.42
48729,40.01303,-105.278367,546,26180.62
48729,40.013068,-105.278383,545,26176.17
48729,40.013157,-105.27842,544,26165.78
48729,40.013275,-105.278458,543,26152.25
48729,40.013345,-105.278469,542,26144.4
48729,40.013368,-105.278473,541,26141.81
48729,40.013467,-105.278464,540,26130.77
48729,40.013576,-105.278503,539,26118.19
48729,40.014011,-105.278655,538,26068.06
48729,40.014023,-105.278659,537,26066.68
48729,40.014096,-105.278685,536,26058.26
48729,40.014181,-105.278712,535,26048.52
48729,40.014271,-105.278741,534,26038.2
48729,40.014408,-105.278786,533,26022.47
48729,40.014479,-105.278808,532,26014.35
48729,40.014643,-105.278859,531,25995.58
48729,40.015165,-105.279041,530,25935.44
48729,40.015179,-105.279046,528,25933.82
48729,40.015739,-105.279232,527,25869.5
48729,40.015761,-105.279238,526,25867
48729,40.015818,-105.279257,525,25860.45
48729,40.015929,-105.279293,524,25847.72
48729,40.016002,-105.27932,523,25839.27
48729,40.016047,-105.279337,522,25834.05
48729,40.01623,-105.279404,521,25812.9
48729,40.016387,-105.279462,520,25794.73
48729,40.016503,-105.279505,519,25781.31
48729,40.016653,-105.27956,518,25763.97
48729,40.016666,-105.279565,517,25762.46
48729,40.016791,-105.27961,516,25748.02
48729,40.016863,-105.279636,515,25739.71
48729,40.017343,-105.279802,514,25684.43
48729,40.01738,-105.279814,513,25680.19
48729,40.017463,-105.279842,512,25670.65
48729,40.01767,-105.279912,511,25646.84
48729,40.017895,-105.279988,510,25620.97
48729,40.01819,-105.280087,509,25587.06
48729,40.018396,-105.280157,508,25563.37
48729,40.018919,-105.280333,507,25503.25
48729,40.018991,-105.280359,506,25494.93
48729,40.019422,-105.280513,505,25445.19
48729,40.019598,-105.28057,504,25425
48729,40.019907,-105.280672,503,25389.52
48729,40.020035,-105.280715,502,25374.81
48729,40.020126,-105.280747,501,25364.32
48729,40.020282,-105.280802,500,25346.33
48729,40.020425,-105.280849,499,25329.92
48729,40.020933,-105.281016,498,25271.6
48729,40.021425,-105.281181,497,25215.05
48729,40.021789,-105.281303,496,25173.22
48729,40.022177,-105.281433,495,25128.63
48729,40.022232,-105.281451,494,25122.32
48729,40.022617,-105.28158,493,25078.07
48729,40.022679,-105.281601,492,25070.94
48729,40.023071,-105.281733,491,25025.88
48729,40.023194,-105.281774,490,25011.74
48729,40.023507,-105.281898,489,24975.33
48729,40.023652,-105.281944,488,24958.72
48729,40.023726,-105.281968,487,24950.23
48729,40.023894,-105.282012,486,24931.16
48729,40.023972,-105.282023,485,24922.43
48729,40.024041,-105.282033,484,24914.7
48729,40.024188,-105.282043,483,24898.31
48729,40.024204,-105.282043,482,24896.53
48729,40.024475,-105.282046,481,24866.36
48729,40.024829,-105.282047,480,24826.96
48729,40.024975,-105.282047,479,24810.7
48729,40.025131,-105.282051,478,24793.33
48729,40.025523,-105.282062,477,24749.69
48729,40.025837,-105.282069,476,24714.73
48729,40.025942,-105.282072,475,24703.04
48729,40.026145,-105.282079,474,24680.43
48729,40.02635,-105.282079,473,24657.61
48729,40.026384,-105.282079,472,24653.82
48729,40.026452,-105.28208,471,24646.25
48729,40.02675,-105.282085,470,24613.08
48729,40.027024,-105.282087,469,24582.58
48729,40.027518,-105.282096,468,24527.58
48729,40.028001,-105.282104,467,24473.81
48729,40.028356,-105.282105,466,24434.29
48729,40.028483,-105.282106,465,24420.15
48729,40.028609,-105.282107,464,24406.12
48729,40.029134,-105.282111,463,24347.68
48729,40.029256,-105.282112,462,24334.1
48729,40.030104,-105.282099,461,24239.69
48729,40.030399,-105.282097,460,24206.85
48729,40.03107,-105.282093,459,24132.16
48729,40.031289,-105.282092,458,24107.78
48729,40.032062,-105.282087,457,24021.73
48729,40.032867,-105.282082,456,23932.12
48729,40.033231,-105.282081,455,23891.59
48729,40.034036,-105.282076,454,23801.98
48729,40.034073,-105.282076,453,23797.86
48729,40.034193,-105.282075,452,23784.5
48729,40.035003,-105.282085,451,23694.33
48729,40.035105,-105.282085,450,23682.98
48729,40.035527,-105.282084,449,23636
48729,40.0363,-105.282082,448,23549.95
48729,40.036408,-105.282083,447,23537.93
48729,40.036526,-105.282081,446,23524.79
48729,40.03693,-105.28208,445,23479.82
48729,40.03703,-105.28208,444,23468.69
48729,40.03713,-105.28208,443,23457.55
48729,40.037283,-105.282079,442,23440.52
48729,40.037497,-105.282078,441,23416.7
48729,40.037882,-105.282075,440,23373.84
48729,40.038584,-105.282077,439,23295.69
48729,40.039098,-105.282078,438,23238.48
48729,40.039451,-105.282082,437,23199.18
48729,40.03999,-105.282084,436,23139.18
48729,40.04027,-105.282086,435,23108.01
48729,40.040286,-105.282086,434,23106.23
48729,40.040515,-105.282087,433,23080.73
48729,40.040819,-105.282089,432,23046.89
48729,40.040837,-105.28209,431,23044.89
48729,40.04093,-105.28209,430,23034.53
48729,40.04101,-105.282088,429,23025.63
48729,40.041168,-105.282085,428,23008.04
48729,40.041238,-105.282083,427,23000.24
48729,40.041258,-105.282082,426,22998.01
48729,40.041547,-105.282078,425,22965.84
48729,40.041693,-105.282076,424,22949.59
48729,40.04173,-105.282074,423,22945.46
48729,40.043234,-105.282088,422,22778.04
48729,40.04337,-105.282087,421,22762.9
48729,40.043647,-105.282086,420,22732.06
48729,40.043755,-105.282083,419,22720.04
48729,40.04389,-105.282085,418,22705.01
48729,40.044085,-105.282088,417,22683.3
48729,40.044618,-105.282093,416,22623.96
48729,40.044998,-105.282092,415,22581.66
48729,40.045388,-105.282093,414,22538.25
48729,40.045449,-105.282093,413,22531.46
48729,40.045581,-105.282094,412,22516.76
48729,40.0459,-105.282095,411,22481.25
48729,40.04617,-105.282095,410,22451.19
48729,40.046323,-105.282096,409,22434.16
48729,40.046393,-105.282095,408,22426.37
48729,40.046519,-105.282094,407,22412.34
48729,40.046889,-105.282094,406,22371.15
48729,40.047152,-105.282096,405,22341.88
48729,40.047329,-105.282097,404,22322.17
48729,40.047537,-105.282098,403,22299.02
48729,40.04765,-105.282099,402,22286.44
48729,40.04773,-105.282099,401,22277.53
48729,40.047917,-105.2821,400,22256.72
48729,40.048011,-105.282101,399,22246.25
48729,40.04811,-105.282101,398,22235.23
48729,40.048339,-105.282101,397,22209.74
48729,40.048613,-105.2821,396,22179.24
48729,40.048868,-105.282112,395,22150.83
48729,40.049079,-105.282118,394,22127.34
48729,40.049167,-105.28212,393,22117.54
48729,40.049309,-105.282128,392,22101.72
48729,40.049445,-105.282141,391,22086.54
48729,40.049506,-105.282144,390,22079.74
48729,40.050002,-105.282151,389,22024.53
48729,40.050299,-105.282137,388,21991.44
48729,40.050621,-105.282118,387,21955.56
48729,40.050783,-105.282114,386,21937.52
48729,40.050854,-105.282112,385,21929.62
48729,40.051608,-105.282112,384,21845.68
48729,40.052267,-105.282119,383,21772.32
48729,40.052476,-105.282123,382,21749.05
48729,40.052809,-105.282129,381,21711.98
48729,40.053073,-105.282131,380,21682.59
48729,40.053167,-105.282132,379,21672.13
48729,40.053882,-105.282126,378,21592.53
48729,40.054156,-105.282125,377,21562.03
48729,40.05447,-105.282125,376,21527.08
48729,40.05459,-105.282125,375,21513.72
48729,40.054682,-105.282127,374,21503.48
48729,40.05495,-105.282129,373,21473.64
48729,40.055101,-105.28213,372,21456.83
48729,40.055245,-105.282131,371,21440.8
48729,40.055893,-105.282134,370,21368.67
48729,40.055955,-105.282135,369,21361.76
48729,40.055993,-105.282136,368,21357.53
48729,40.0562,-105.282136,367,21334.49
48729,40.056299,-105.282136,366,21323.47
48729,40.056327,-105.282136,365,21320.35
48729,40.056709,-105.282137,364,21277.83
48729,40.056798,-105.282137,363,21267.92
48729,40.057474,-105.282139,362,21192.67
48729,40.057591,-105.28214,361,21179.64
48729,40.057933,-105.282141,360,21141.57
48729,40.058104,-105.282142,359,21122.54
48729,40.058142,-105.282142,358,21118.31
48729,40.058268,-105.282141,357,21104.28
48729,40.058299,-105.282141,356,21100.83
48729,40.058346,-105.28214,355,21095.6
48729,40.058561,-105.282141,354,21071.66
48729,40.058681,-105.282141,353,21058.3
48729,40.058796,-105.282141,352,21045.5
48729,40.058988,-105.282142,351,21024.13
48729,40.059156,-105.282143,350,21005.43
48729,40.059362,-105.282143,349,20982.5
48729,40.059582,-105.282144,348,20958
48729,40.059943,-105.282143,347,20917.82
48729,40.060574,-105.282145,346,20847.58
48729,40.060743,-105.282141,345,20828.76
48729,40.061203,-105.282143,344,20777.55
48729,40.06134,-105.282143,343,20762.3
48729,40.061733,-105.282136,342,20718.55
48729,40.061835,-105.282137,341,20707.19
48729,40.061941,-105.282138,340,20695.39
48729,40.062175,-105.282136,339,20669.34
48729,40.062321,-105.282134,338,20653.09
48729,40.062916,-105.282132,337,20586.86
48729,40.063352,-105.282123,336,20538.31
48729,40.063535,-105.282125,335,20517.94
48729,40.06377,-105.282122,334,20491.78
48729,40.064057,-105.282122,333,20459.83
48729,40.064169,-105.282203,332,20445.58
48729,40.06428,-105.282199,331,20433.22
48729,40.064397,-105.282183,330,20420.13
48729,40.064589,-105.282119,329,20398.07
48729,40.064677,-105.282081,328,20387.75
48729,40.064826,-105.28199,327,20369.44
48729,40.064851,-105.281969,326,20366.13
48729,40.064995,-105.281833,325,20346.35
48729,40.065072,-105.281807,324,20337.5
48729,40.065131,-105.281779,323,20330.51
48729,40.065186,-105.281765,322,20324.28
48729,40.065229,-105.281764,321,20319.49
48729,40.065314,-105.281768,320,20310.02
48729,40.0656,-105.281994,319,20272.81
48729,40.065682,-105.282051,318,20262.47
48729,40.065769,-105.282112,317,20251.48
48729,40.065975,-105.282231,316,20226.41
48729,40.066251,-105.282387,315,20192.93
48729,40.066394,-105.282451,314,20176.11
48729,40.066762,-105.282507,313,20134.87
48729,40.067023,-105.28261,312,20104.51
48729,40.068912,-105.283244,311,19887.41
48729,40.072886,-105.284459,310,19433.08
48729,40.073054,-105.28451,309,19413.88
48729,40.073322,-105.28458,308,19383.45
48729,40.073565,-105.284632,307,19356.04
48729,40.073755,-105.284658,306,19334.78
48729,40.073926,-105.284666,305,19315.73
48729,40.07409,-105.284666,304,19297.47
48729,40.074254,-105.284658,303,19279.2
48729,40.074405,-105.284641,302,19262.33
48729,40.074596,-105.284598,301,19240.76
48729,40.074773,-105.284555,300,19220.71
48729,40.07499,-105.284486,299,19195.85
48729,40.075305,-105.28434,298,19158.65
48729,40.075665,-105.284175,297,19116.18
48729,40.078806,-105.282572,296,18740.81
48729,40.078976,-105.282495,295,18720.78
48729,40.079173,-105.282409,294,18697.66
48729,40.079383,-105.28234,293,18673.56
48729,40.07958,-105.28228,292,18651.04
48729,40.079731,-105.282244,291,18633.95
48729,40.079922,-105.282203,290,18612.41
48729,40.080127,-105.282193,289,18589.57
48729,40.080339,-105.282172,288,18565.9
48729,40.080981,-105.282158,287,18494.42
48729,40.097129,-105.282143,286,16696.84
48729,40.097537,-105.282132,285,16651.41
48729,40.098602,-105.282077,284,16532.76
48729,40.099096,-105.282053,283,16477.73
48729,40.099271,-105.282045,282,16458.24
48729,40.100303,-105.281989,281,16343.26
48729,40.10037,-105.281985,280,16335.79
48729,40.100978,-105.281989,279,16268.11
48729,40.101355,-105.28201,278,16226.1
48729,40.105002,-105.28219,277,15819.83
48729,40.105274,-105.28219,276,15789.55
48729,40.105551,-105.282173,275,15758.68
48729,40.105989,-105.282143,274,15709.86
48729,40.108524,-105.281854,273,15426.59
48729,40.108779,-105.281825,272,15398.1
48729,40.109009,-105.281817,271,15372.49
48729,40.109602,-105.281816,270,15306.47
48729,40.109822,-105.281838,269,15281.91
48729,40.110022,-105.281865,268,15259.53
48729,40.110065,-105.281871,267,15254.72
48729,40.110368,-105.281911,266,15220.81
48729,40.112026,-105.282128,265,15035.32
48729,40.112685,-105.28221,264,14961.63
48729,40.112853,-105.282231,263,14942.85
48729,40.113109,-105.282257,262,14914.26
48729,40.113311,-105.282263,261,14891.77
48729,40.113371,-105.282265,260,14885.09
48729,40.114487,-105.28228,259,14760.85
48729,40.114972,-105.282283,258,14706.86
48729,40.116382,-105.282293,257,14549.9
48729,40.117729,-105.282302,256,14399.95
48729,40.11873,-105.282304,255,14288.52
48729,40.11981,-105.282305,254,14168.29
48729,40.123939,-105.282307,253,13708.65
48729,40.124189,-105.282313,252,13680.82
48729,40.126587,-105.282317,251,13413.87
48729,40.128458,-105.28231,250,13205.59
48729,40.128626,-105.282312,249,13186.89
48729,40.129321,-105.28231,248,13109.53
48729,40.129542,-105.282308,247,13084.92
48729,40.129867,-105.282306,246,13048.74
48729,40.12998,-105.282306,245,13036.16
48729,40.131663,-105.282279,244,12848.8
48729,40.13177,-105.282276,243,12836.89
48729,40.13192,-105.282353,242,12818.95
48729,40.132156,-105.282364,241,12792.66
48729,40.132398,-105.28236,240,12765.72
48729,40.13282,-105.282355,239,12718.74
48729,40.133068,-105.282354,238,12691.13
48729,40.133457,-105.282352,237,12647.83
48729,40.133591,-105.282354,236,12632.91
48729,40.133695,-105.282356,235,12621.33
48729,40.133858,-105.282355,234,12603.19
48729,40.13434,-105.282361,233,12549.53
48729,40.135134,-105.282352,232,12461.14
48729,40.135415,-105.282284,231,12429.33
48729,40.136446,-105.282695,229,12245.86
48729,40.136669,-105.28227,228,12201.99
48729,40.136669,-105.28227,230,12289.73
48729,40.138265,-105.28226,227,12024.32
48729,40.138706,-105.282257,226,11975.23
48729,40.139433,-105.282253,225,11894.3
48729,40.141604,-105.282271,224,11652.62
48729,40.141765,-105.282272,223,11634.7
48729,40.141828,-105.282272,222,11627.68
48729,40.143798,-105.282253,221,11408.38
48729,40.144152,-105.282249,220,11368.97
48729,40.14497,-105.282242,219,11277.91
48729,40.145074,-105.282241,218,11266.33
48729,40.145467,-105.282245,217,11222.58
48729,40.145615,-105.282243,216,11206.1
48729,40.145794,-105.282243,215,11186.18
48729,40.148144,-105.282249,214,10924.58
48729,40.148523,-105.282237,213,10882.37
48729,40.148977,-105.282207,212,10831.77
48729,40.149348,-105.282146,211,10790.15
48729,40.149624,-105.282076,210,10758.85
48729,40.150063,-105.281935,209,10708.53
48729,40.150238,-105.281853,208,10687.84
48729,40.150484,-105.281729,207,10658.49
48729,40.150727,-105.281588,206,10628.9
48729,40.150965,-105.28143,205,10599.19
48729,40.151205,-105.281251,204,10568.44
48729,40.151364,-105.28112,203,10547.52
48729,40.151596,-105.280911,202,10516.16
48729,40.15224,-105.280246,201,10424.83
48729,40.156888,-105.275445,200,9765.61
48729,40.157525,-105.274764,199,9674.04
48729,40.157756,-105.274488,198,9639.22
48729,40.158044,-105.274114,197,9594.05
48729,40.158243,-105.273836,196,9561.64
48729,40.159169,-105.272513,195,9409.02
48729,40.159322,-105.272319,194,9385.3
48729,40.159349,-105.272286,193,9381.19
48729,40.159601,-105.272009,192,9344.55
48729,40.159729,-105.271884,191,9326.77
48729,40.159832,-105.271786,190,9312.59
48729,40.159955,-105.271668,189,9295.61
48729,40.160131,-105.27153,188,9272.77
48729,40.160385,-105.271372,187,9241.47
48729,40.160564,-105.271256,186,9219.23
48729,40.160799,-105.271136,185,9191.15
48729,40.161182,-105.270994,184,9146.83
48729,40.163208,-105.270354,183,8914.82
48729,40.163418,-105.270285,182,8890.72
48729,40.163629,-105.270204,181,8866.24
48729,40.163822,-105.270103,180,8843.1
48729,40.164086,-105.269952,179,8811.03
48729,40.164346,-105.269777,178,8778.48
48729,40.164612,-105.269556,177,8743.41
48729,40.164806,-105.269368,176,8716.53
48729,40.165049,-105.269088,175,8680.49
48729,40.165716,-105.268261,174,8578.2
48729,40.165948,-105.267974,173,8542.66
48729,40.166086,-105.26782,172,8522.47
48729,40.166228,-105.267672,171,8502.27
48729,40.166374,-105.267532,170,8482.12
48729,40.166526,-105.267402,169,8461.9
48729,40.167034,-105.267009,168,8396.21
48729,40.169705,-105.264943,167,8050.82
48729,40.172159,-105.262672,166,7716.24
48729,40.173344,-105.261584,165,7555.1
48729,40.173724,-105.261235,164,7503.42
48729,40.174023,-105.260932,163,7461.33
48729,40.174345,-105.260563,162,7413.68
48729,40.174443,-105.260424,161,7397.6
48729,40.174657,-105.260119,160,7362.38
48729,40.175011,-105.259578,159,7301.79
48729,40.176508,-105.257182,158,7038.54
48729,40.176902,-105.256598,157,6972.27
48729,40.177241,-105.256145,156,6918.34
48729,40.177275,-105.2561,155,6912.96
48729,40.177484,-105.255836,154,6880.63
48729,40.177597,-105.255693,153,6863.13
48729,40.178058,-105.255155,152,6794.37
48729,40.178356,-105.254862,151,6752.88
48729,40.178679,-105.254598,150,6710.49
48729,40.178951,-105.254403,149,6675.97
48729,40.179311,-105.254185,148,6631.81
48729,40.179692,-105.253996,147,6586.45
48729,40.183339,-105.25275,146,6166.87
48729,40.18377,-105.252641,145,6118
48729,40.183957,-105.252605,144,6096.96
48729,40.1842,-105.252568,143,6069.73
48729,40.184328,-105.25256,142,6055.46
48729,40.184635,-105.252541,141,6021.25
48729,40.185297,-105.25254,140,5947.56
48729,40.186215,-105.252534,139,5845.36
48729,40.186623,-105.252518,138,5799.93
48729,40.186926,-105.252472,137,5765.97
48729,40.187268,-105.252405,136,5727.47
48729,40.187729,-105.252242,135,5674.32
48729,40.18825,-105.251988,134,5612.43
48729,40.189158,-105.251576,133,5505.45
48729,40.189598,-105.251427,132,5454.86
48729,40.190033,-105.251336,131,5405.82
48729,40.190376,-105.251285,130,5367.39
48729,40.190789,-105.251267,129,5321.39
48729,40.191541,-105.25126,128,5237.68
48729,40.192299,-105.251221,127,5153.23
48729,40.192833,-105.251188,126,5093.72
48729,40.193349,-105.251128,125,5036.05
48729,40.19378,-105.25107,124,4987.82
48729,40.194274,-105.250956,123,4931.98
48729,40.194829,-105.250769,122,4868.19
48729,40.198551,-105.249344,121,4436.5
48729,40.198989,-105.249247,120,4387.05
48729,40.199059,-105.249231,119,4379.14
48729,40.199497,-105.249178,118,4330.17
48729,40.199831,-105.249166,117,4292.98
48729,40.201582,-105.249135,116,4098.04
48729,40.203873,-105.249145,115,3843.01
48729,40.204326,-105.249147,114,3792.58
48729,40.207756,-105.249157,113,3410.75
48729,40.207906,-105.249155,112,3394.05
48729,40.208063,-105.249154,111,3376.58
48729,40.208815,-105.249145,110,3292.86
48729,40.209897,-105.249132,109,3172.41
48729,40.210591,-105.249122,108,3095.15
48729,40.210642,-105.249122,107,3089.47
48729,40.210781,-105.24912,106,3074
48729,40.211237,-105.249115,105,3023.23
48729,40.211628,-105.249101,104,2979.69
48729,40.211782,-105.249099,103,2962.55
48729,40.211897,-105.249091,102,2949.73
48729,40.212061,-105.249217,101,2928.56
48729,40.212157,-105.249297,100,2915.89
48729,40.212178,-105.249323,99,2912.68
48729,40.212251,-105.249415,98,2901.4
48729,40.212326,-105.24952,97,2889.17
48729,40.212409,-105.249849,96,2859.72
48729,40.212581,-105.250429,95,2806.83
48729,40.21267,-105.250493,94,2795.52
48729,40.212806,-105.250868,93,2760.23
48729,40.212845,-105.250951,92,2751.95
48729,40.212917,-105.251108,91,2736.38
48729,40.213013,-105.251331,90,2714.62
48729,40.21314,-105.251594,89,2688.17
48729,40.213255,-105.251831,88,2664.3
48729,40.213445,-105.252165,87,2628.89
48729,40.213462,-105.252192,86,2625.92
48729,40.213572,-105.252362,85,2606.97
48729,40.213724,-105.25261,84,2579.94
48729,40.213808,-105.252731,83,2566.04
48729,40.213906,-105.252871,82,2549.9
48729,40.215199,-105.254603,81,2344
48729,40.215387,-105.254851,80,2314.29
48729,40.215418,-105.254892,79,2309.39
48729,40.215584,-105.25512,78,2282.61
48729,40.215642,-105.255199,77,2273.29
48729,40.215797,-105.255434,76,2246.89
48729,40.21581,-105.255454,75,2244.66
48729,40.215918,-105.255628,74,2225.6
48729,40.216082,-105.255938,73,2193.54
48729,40.216309,-105.256459,72,2142.55
48729,40.216367,-105.256623,71,2127.19
48729,40.216575,-105.257209,70,2072.26
48729,40.21684,-105.257894,69,2006.99
48729,40.216941,-105.258111,68,1985.38
48729,40.217008,-105.258253,67,1971.19
48729,40.217149,-105.258539,66,1942.26
48729,40.217334,-105.258822,65,1910.59
48729,40.21748,-105.258998,64,1888.5
48729,40.217585,-105.25914,63,1871.7
48729,40.218038,-105.259816,60,1783.96
48729,40.218041,-105.259626,62,1806.25
48729,40.218108,-105.259703,59,1771.59
48729,40.218108,-105.259703,61,1796.33
48729,40.218178,-105.259781,58,1761.36
48729,40.218834,-105.260557,57,1662.95
48729,40.220358,-105.262332,56,1435.92
48729,40.220527,-105.262544,55,1409.86
48729,40.220537,-105.262557,54,1408.3
48729,40.220744,-105.262818,53,1376.31
48729,40.220848,-105.262961,52,1359.52
48729,40.22112,-105.263334,51,1315.68
48729,40.221196,-105.263438,50,1303.45
48729,40.221633,-105.264007,49,1234.85
48729,40.221761,-105.264171,48,1214.92
48729,40.222355,-105.264903,47,1124.12
48729,40.222622,-105.265234,46,1083.2
48729,40.222705,-105.265335,45,1070.58
48729,40.222807,-105.265459,44,1055.09
48729,40.222913,-105.265583,43,1039.27
48729,40.223216,-105.265962,42,992.63
48729,40.223246,-105.265997,41,988.16
48729,40.223546,-105.269959,24,568.33
48729,40.223551,-105.270689,23,506.28
48729,40.223553,-105.271014,22,478.66
48729,40.223557,-105.271497,21,437.6
48729,40.223561,-105.271646,20,424.93
48729,40.223593,-105.271642,19,421.35
48729,40.223712,-105.269955,25,586.81
48729,40.22378,-105.271638,18,400.53
48729,40.223812,-105.26668,40,902.48
48729,40.223813,-105.266795,39,892.71
48729,40.223826,-105.271686,17,393.99
48729,40.223833,-105.266857,38,886.99
48729,40.22388,-105.266962,37,876.64
48729,40.223922,-105.26995,26,610.2
48729,40.223937,-105.267131,36,860.94
48729,40.223948,-105.267185,35,856.19
48729,40.223968,-105.267289,34,847.07
48729,40.223976,-105.267364,33,840.64
48729,40.223982,-105.26748,32,830.75
48729,40.223987,-105.267664,31,815.11
48729,40.22399,-105.268362,30,755.78
48729,40.224001,-105.268917,29,708.59
48729,40.224016,-105.269824,28,631.48
48729,40.224017,-105.26995,27,620.77
48729,40.224053,-105.271685,16,368.72
48729,40.224141,-105.271683,15,358.92
48729,40.224214,-105.271681,14,350.79
48729,40.22454,-105.27168,13,314.5
48729,40.22466,-105.271676,12,301.14
48729,40.22479,-105.27169,11,286.62
48729,40.224843,-105.269932,1,0
48729,40.224912,-105.27173,10,272.62
48729,40.225073,-105.271827,9,252.89
48729,40.225188,-105.271904,8,238.51
48729,40.225279,-105.271905,7,228.38
48729,40.225342,-105.269905,2,55.6
48729,40.225348,-105.271742,6,212.54
48729,40.225362,-105.271695,5,208.25
48729,40.22538,-105.271463,3,188.08
48729,40.225384,-105.271618,4,201.26
48730,40.011486,-105.30809,761,16348.63
48730,40.011497,-105.307922,762,16363.01
48730,40.011497,-105.308334,760,16327.79
48730,40.011539,-105.308533,759,16310.19
48730,40.011547,-105.307709,763,16382
48730,40.011578,-105.307617,764,16390.57
48730,40.011604,-105.308716,758,16292.99
48730,40.011673,-105.308853,757,16279.01
48730,40.01178,-105.30899,756,16262.33
48730,40.011894,-105.306892,765,16461.69
48730,40.011902,-105.309113,755,16245.17
48730,40.011982,-105.303261,774,16778.85
48730,40.011986,-105.303093,775,16793.18
48730,40.01199,-105.303421,773,16765.17
48730,40.011997,-105.303612,772,16748.87
48730,40.012005,-105.309196,754,16231.7
48730,40.012012,-105.302948,776,16805.87
48730,40.012028,-105.306541,766,16495.13
48730,40.012062,-105.302742,777,16824.3
48730,40.012093,-105.306358,767,16512.33
48730,40.012138,-105.30616,768,16529.94
48730,40.012142,-105.302528,778,16844.6
48730,40.012173,-105.305931,769,16549.85
48730,40.012173,-105.309303,753,16210.89
48730,40.01218,-105.305557,771,16581.79
48730,40.012184,-105.305763,770,16564.22
48730,40.012253,-105.302353,779,16863.97
48730,40.012299,-105.302292,780,16871.27
48730,40.012337,-105.302254,781,16876.6
48730,40.01239,-105.302193,782,16884.47
48730,40.012512,-105.302094,783,16900.46
48730,40.012634,-105.316124,727,15326.79
48730,40.012638,-105.302017,784,16915.94
48730,40.012638,-105.316292,726,15312.46
48730,40.012657,-105.31646,725,15297.98
48730,40.012661,-105.309509,752,16153.8
48730,40.012665,-105.315872,728,15348.55
48730,40.012691,-105.316628,724,15283.16
48730,40.012707,-105.315704,729,15363.62
48730,40.01276,-105.315552,730,15377.86
48730,40.012814,-105.309593,751,16135.32
48730,40.012844,-105.315399,731,15393.91
48730,40.012905,-105.30191,785,16947.03
48730,40.012959,-105.3097,750,16116.78
48730,40.012959,-105.315247,732,15412.12
48730,40.013096,-105.309822,749,16098.32
48730,40.013222,-105.309967,748,16079.62
48730,40.013287,-105.310051,747,16069.44
48730,40.013313,-105.31855,723,15105.27
48730,40.013378,-105.301781,786,17000.82
48730,40.013393,-105.297363,818,17439.16
48730,40.013401,-105.297554,817,17422.85
48730,40.013405,-105.314751,733,15477.34
48730,40.013405,-105.318733,722,15086.6
48730,40.013409,-105.297127,819,17459.36
48730,40.013409,-105.297699,816,17410.45
48730,40.013416,-105.301773,787,17005.11
48730,40.01342,-105.296921,820,17476.96
48730,40.01342,-105.29789,815,17394.12
48730,40.013439,-105.298073,814,17378.38
48730,40.013447,-105.296722,821,17494.19
48730,40.013447,-105.310272,746,16043.51
48730,40.013466,-105.298256,813,17362.49
48730,40.013485,-105.296532,822,17510.93
48730,40.013496,-105.318878,721,15070.62
48730,40.0135,-105.298439,812,17346.43
48730,40.0135,-105.301735,788,17015.01
48730,40.013535,-105.298592,811,17332.82
48730,40.013546,-105.296303,823,17531.61
48730,40.01358,-105.298767,810,17317.08
48730,40.013592,-105.301697,789,17025.75
48730,40.013599,-105.319,720,15055.14
48730,40.013645,-105.29599,824,17560.48
48730,40.013649,-105.298973,809,17297.91
48730,40.013672,-105.301659,790,17035.22
48730,40.013695,-105.299095,808,17286.32
48730,40.013702,-105.314514,734,15516.09
48730,40.013721,-105.319115,719,15038.39
48730,40.013737,-105.301605,791,17043.8
48730,40.013748,-105.29557,825,17598.08
48730,40.013786,-105.299332,807,17263.71
48730,40.013794,-105.301552,792,17051.59
48730,40.013866,-105.301483,793,17061.53
48730,40.013866,-105.31443,735,15535.7
48730,40.013885,-105.294815,826,17664.23
48730,40.013927,-105.29969,806,17229.39
48730,40.013927,-105.319252,718,15012.65
48730,40.013947,-105.301384,794,17073.88
48730,40.014008,-105.301292,795,17084.26
48730,40.014038,-105.299965,805,17202.89
48730,40.014057,-105.30117,796,17096
48730,40.01408,-105.300102,804,17190.31
48730,40.014103,-105.301048,797,17107.6
48730,40.014118,-105.300262,803,17176.02
48730,40.014137,-105.300934,798,17118.03
48730,40.014145,-105.300407,802,17163.3
48730,40.014156,-105.300552,801,17150.88
48730,40.014156,-105.300812,799,17128.64
48730,40.014164,-105.30069,800,17139.08
48730,40.014183,-105.319412,717,14981.06
48730,40.014298443,-105.294952892,827,17711.73
48730,40.01442,-105.291287,853,18155.67
48730,40.014427,-105.31424,736,15600.21
48730,40.014439,-105.291199,855,18163.46
48730,40.014458,-105.319626,716,14945.42
48730,40.014484,-105.291307,852,18148.34
48730,40.014508,-105.291314,851,18145.6
48730,40.014526,-105.29132,850,18143.54
48730,40.014538,-105.29071,856,18206.59
48730,40.014538,-105.321869,704,14733.93
48730,40.014549,-105.322014,703,14721.51
48730,40.014553,-105.258219,985,21172.03
48730,40.014553,-105.258337,984,21161.97
48730,40.014553,-105.258557,983,21143.22
48730,40.014553,-105.258663,982,21134.18
48730,40.014553,-105.258702,981,21130.85
48730,40.014553,-105.258788,980,21123.52
48730,40.014553,-105.319725,715,14931.89
48730,40.014555,-105.259673,979,21048.07
48730,40.014555,-105.259756,978,21040.99
48730,40.014555,-105.259857,977,21032.38
48730,40.014557,-105.257696,986,21216.62
48730,40.014557,-105.26065,976,20964.77
48730,40.014557,-105.260773,975,20954.28
48730,40.014557,-105.321709,705,14747.74
48730,40.01456,-105.257126,988,21265.22
48730,40.01456,-105.257195,987,21259.34
48730,40.01456,-105.260918,974,20941.92
48730,40.014563,-105.256595,989,21310.5
48730,40.014563,-105.261026,973,20932.7
48730,40.014564,-105.256386,990,21328.31
48730,40.014564,-105.261077,972,20928.35
48730,40.014565,-105.256182,991,21345.71
48730,40.014566,-105.256069,992,21355.34
48730,40.014567,-105.261257,971,20913
48730,40.014567,-105.276039,924,19651.5
48730,40.014569,-105.275673,926,19682.71
48730,40.014569,-105.275844,925,19668.13
48730,40.014571,-105.261525,970,20890.15
48730,40.014572,-105.261874,969,20860.4
48730,40.014572,-105.262824,968,20779.4
48730,40.014572,-105.275386,927,19707.18
48730,40.014573,-105.275335,928,19711.53
48730,40.014576,-105.275236,929,19719.98
48730,40.014576,-105.322166,702,14708.21
48730,40.014577,-105.262894,967,20773.41
48730,40.014577,-105.275116,930,19730.21
48730,40.014581,-105.273412,935,19875.5
48730,40.014581,-105.273949,933,19829.7
48730,40.014581,-105.274282,932,19801.31
48730,40.014581,-105.274646,931,19770.28
48730,40.014583,-105.273108,936,19901.42
48730,40.014585,-105.273655,934,19854.77
48730,40.014591,-105.272558,937,19948.32
48730,40.014592,-105.271662,940,20024.71
48730,40.014592,-105.27221,938,19977.99
48730,40.014593,-105.272055,939,19991.2
48730,40.014599,-105.270773,941,20100.51
48730,40.014601,-105.270236,942,20146.29
48730,40.014603,-105.267643,951,20367.36
48730,40.014603,-105.268622,947,20283.9
48730,40.014603,-105.268835,946,20265.74
48730,40.014603,-105.269008,945,20250.99
48730,40.014603,-105.269888,943,20175.96
48730,40.014603,-105.321487,706,14767.34
48730,40.014604,-105.267046,952,20418.26
48730,40.014604,-105.267825,950,20351.85
48730,40.014604,-105.268105,949,20327.97
48730,40.014604,-105.26832,948,20309.64
48730,40.014604,-105.269721,944,20190.2
48730,40.014605,-105.266289,953,20482.8
48730,40.014606,-105.266251,954,20486.04
48730,40.014609,-105.265513,955,20548.97
48730,40.014612,-105.264649,956,20622.63
48730,40.014617,-105.263972,958,20680.35
48730,40.014617,-105.264244,957,20657.16
48730,40.014621,-105.263788,960,20696.05
48730,40.014621,-105.263811,959,20694.09
48730,40.014623,-105.263586,961,20713.27
48730,40.014624,-105.263415,962,20727.85
48730,40.014625,-105.263332,963,20734.93
48730,40.014626,-105.263041,966,20759.74
48730,40.014626,-105.263172,965,20748.57
48730,40.014626,-105.263288,964,20738.68
48730,40.014629,-105.256068,993,21362.36
48730,40.014629,-105.322372,701,14689.68
48730,40.014633,-105.319847,714,14918.2
48730,40.014636,-105.291357,849,18130.89
48730,40.014641,-105.314148,737,15625.3
48730,40.014649,-105.276069,923,19642.02
48730,40.014668,-105.290108,857,18259.91
48730,40.014698,-105.322563,700,14671.67
48730,40.014705,-105.256066,994,21370.82
48730,40.014706,-105.321144,707,14798.75
48730,40.014713,-105.320007,713,14901.91
48730,40.014744,-105.284775,876,18726.68
48730,40.014744,-105.284958,875,18711.08
48730,40.014751,-105.284584,877,18742.98
48730,40.014755,-105.285156,874,18694.15
48730,40.014771,-105.284378,878,18760.69
48730,40.014771,-105.320137,712,14889.08
48730,40.014778,-105.285316,873,18680.27
48730,40.01479,-105.285393,872,18673.57
48730,40.014801,-105.314018,738,15646.27
48730,40.014805,-105.289413,858,18321.1
48730,40.014805,-105.312202,745,15820.06
48730,40.014805,-105.320816,708,14828.81
48730,40.014808,-105.291416,848,18111.09
48730,40.014813,-105.256018,995,21383.52
48730,40.014824,-105.284096,879,18785.44
48730,40.014824,-105.322868,699,14642.13
48730,40.014828,-105.320328,711,14871.6
48730,40.014835,-105.285637,871,18652.18
48730,40.014843,-105.320526,710,14854.64
48730,40.014851,-105.320679,709,14841.57
48730,40.014884,-105.294281,828,17798.51
48730,40.014889,-105.312355,744,15804.01
48730,40.014904,-105.283691,880,18821.1
48730,40.014919,-105.313881,739,15663.85
48730,40.014923,-105.294232,829,17804.53
48730,40.014931,-105.276172,922,19609.42
48730,40.014935,-105.288795,859,18375.74
48730,40.014957,-105.283432,881,18843.96
48730,40.01496,-105.293948,832,17830.16
48730,40.014969,-105.283371,882,18849.33
48730,40.014969,-105.294118,830,17815.52
48730,40.014972,-105.29402,831,17823.88
48730,40.014982,-105.29387,833,17837.25
48730,40.014987,-105.291478,847,18090.48
48730,40.014996,-105.283226,883,18862.05
48730,40.015011,-105.293823,834,17842.4
48730,40.015015,-105.312614,743,15777.85
48730,40.015022,-105.283089,884,18874.08
48730,40.015046,-105.276214,921,19596.13
48730,40.015049,-105.288231,860,18425.47
48730,40.015049,-105.323341,698,14594.66
48730,40.015053,-105.313576,740,15693.83
48730,40.01506,-105.286621,870,18564.62
48730,40.015062,-105.293736,835,17851.74
48730,40.015091,-105.286819,869,18547.39
48730,40.015091,-105.288033,861,18442.98
48730,40.015099,-105.312958,742,15747.07
48730,40.015102,-105.287964,862,18448.99
48730,40.015102,-105.313263,741,15721.07
48730,40.015114,-105.287003,868,18531.5
48730,40.015125,-105.287773,863,18465.48
48730,40.015125,-105.323524,697,14576.91
48730,40.015127,-105.276244,920,19586.76
48730,40.015129,-105.293401,836,17881.26
48730,40.015137,-105.287224,867,18512.48
48730,40.015144,-105.287354,866,18501.37
48730,40.015144,-105.287605,864,18479.96
48730,40.015148,-105.287491,865,18489.69
48730,40.015157,-105.293261,837,17893.59
48730,40.015168,-105.256015,996,21423.04
48730,40.015182,-105.323662,696,14563.54
48730,40.015197,-105.27627,919,19578.66
48730,40.015242,-105.292829,838,17931.62
48730,40.015247,-105.282036,885,18967.29
48730,40.015259,-105.323891,695,14542.22
48730,40.015282,-105.292624,839,17949.65
48730,40.015318,-105.292448,840,17965.19
48730,40.015343,-105.32428,694,14507.76
48730,40.015356,-105.292255,841,17982.18
48730,40.015357,-105.276325,918,19560.24
48730,40.015367,-105.292199,842,17987.1
48730,40.01539,-105.291634,846,18043.69
48730,40.01539,-105.292085,843,17997.16
48730,40.015408,-105.281242,886,19037.31
48730,40.015415,-105.256009,997,21450.54
48730,40.015449,-105.256013,998,21454.34
48730,40.015464,-105.291709,844,18030.25
48730,40.015467,-105.256017,999,21456.37
48730,40.015473,-105.291666,845,18034.05
48730,40.015481,-105.27637,917,19545.91
48730,40.015502,-105.276377,914,19539.78
48730,40.015503,-105.324295,693,14489.9
48730,40.015517,-105.276383,916,19541.75
48730,40.015518,-105.276382,915,19541.61
48730,40.015545,-105.280556,887,19097.75
48730,40.015546,-105.276393,913,19534.7
48730,40.015563,-105.256051,1000,21467.44
48730,40.015564,-105.280464,888,19105.88
48730,40.015583,-105.32431,692,14480.91
48730,40.015612,-105.276415,912,19527.12
48730,40.015663,-105.279999,889,19147.03
48730,40.015684,-105.25606,1001,21480.93
48730,40.015739,-105.32444,691,14460.31
48730,40.01576,-105.276466,911,19510.08
48730,40.015766,-105.256067,1002,21490.08
48730,40.015774,-105.27948,890,19192.97
48730,40.015781,-105.279427,891,19197.55
48730,40.015789,-105.279396,892,19200.34
48730,40.01582,-105.279259,893,19212.52
48730,40.015846,-105.279121,894,19224.64
48730,40.015857,-105.256081,1003,21500.28
48730,40.0159,-105.256089,1004,21505.12
48730,40.015957,-105.256108,1005,21511.67
48730,40.015976,-105.276541,910,19485.2
48730,40.015976,-105.278519,895,19277.96
48730,40.016029,-105.276559,909,19479.1
48730,40.016029,-105.324608,690,14424.99
48730,40.016051,-105.256132,1006,21522.33
48730,40.016056,-105.27813,896,19312.3
48730,40.016064,-105.278084,897,19316.32
48730,40.016087,-105.277954,898,19327.7
48730,40.016109,-105.277847,899,19337.14
48730,40.016131,-105.25615,1007,21531.37
48730,40.016149,-105.276599,908,19465.31
48730,40.016212,-105.277351,900,19380.96
48730,40.01622,-105.324692,689,14402.55
48730,40.016228,-105.277275,901,19387.68
48730,40.016241,-105.256171,1008,21543.74
48730,40.016281,-105.276641,907,19450.19
48730,40.016304,-105.276648,906,19447.56
48730,40.016319,-105.27684,902,19426.12
48730,40.016322997,-105.276813522,903,19428.42
48730,40.016329,-105.276788,904,19430.7
48730,40.016343,-105.25619,1009,21555.21
48730,40.016355,-105.276663,905,19441.74
48730,40.016424,-105.256201,1010,21564.28
48730,40.016434,-105.32476,688,14378.03
48730,40.016496,-105.256204,1011,21572.29
48730,40.016579,-105.2562,1012,21581.54
48730,40.016667,-105.256187,1013,21591.4
48730,40.016708,-105.324821,687,14347.09
48730,40.016842,-105.256132,1014,21611.44
48730,40.016869,-105.324844,686,14329.06
48730,40.016901,-105.256113,1015,21618.2
48730,40.017009,-105.256066,1016,21630.87
48730,40.01711,-105.256024,1018,21642.67
48730,40.017225,-105.255978,1019,21656.06
48730,40.017296,-105.324989,685,14279.95
48730,40.017365,-105.255933,1020,21672.11
48730,40.017414,-105.255919,1021,21677.7
48730,40.017452,-105.325073,684,14261.16
48730,40.017487,-105.255906,1022,21685.9
48730,40.017524,-105.255903,1023,21690.02
48730,40.017733,-105.255903,1024,21713.29
48730,40.017746,-105.325333,683,14221.64
48730,40.017994,-105.325569,682,14187.48
48730,40.018083,-105.255904,1025,21752.25
48730,40.018219,-105.255902,1026,21767.39
48730,40.018284,-105.32579,681,14150.1
48730,40.018356,-105.325844,680,14140.85
48730,40.018749,-105.326042,679,14093.96
48730,40.018785,-105.255899,1027,21830.4
48730,40.018891,-105.255919,1028,21842.32
48730,40.018948,-105.326157,678,14069.74
48730,40.01899,-105.255954,1029,21853.74
48730,40.019083,-105.25605,1030,21866.94
48730,40.019113,-105.256081,1031,21871.2
48730,40.019508,-105.326393,677,14004.23
48730,40.019665,-105.326424,676,13986.56
48730,40.019802,-105.326477,675,13970.65
48730,40.019936,-105.326553,674,13954.39
48730,40.020412,-105.326874,673,13894.75
48730,40.020504,-105.326958,672,13882.25
48730,40.020603,-105.327103,671,13865.69
48730,40.020809,-105.327423,670,13830.05
48730,40.020981,-105.32756,669,13807.63
48730,40.02116,-105.327667,668,13785.71
48730,40.021393,-105.327774,667,13758.22
48730,40.021774,-105.327881,666,13714.83
48730,40.021988,-105.327927,665,13690.69
48730,40.022141,-105.327988,664,13672.88
48730,40.02235,-105.32811,663,13647.4
48730,40.022606,-105.328316,662,13613.93
48730,40.022713,-105.328438,661,13598.11
48730,40.022915,-105.328758,660,13562.76
48730,40.023018,-105.328896,659,13546.33
48730,40.023117,-105.328979,658,13533.24
48730,40.023159,-105.32901,657,13527.87
48730,40.023315,-105.329094,656,13509.08
48730,40.023506,-105.329163,655,13487.02
48730,40.023663,-105.329185,654,13469.44
48730,40.023743,-105.329185,653,13460.54
48730,40.024094,-105.329247,652,13421.11
48730,40.024261,-105.32933,651,13401.22
48730,40.024338,-105.329376,650,13391.79
48730,40.024521,-105.329514,649,13368.27
48730,40.024662,-105.329659,648,13348.29
48730,40.024704,-105.329712,647,13341.79
48730,40.024765,-105.329849,646,13328.28
48730,40.02478,-105.329887,645,13324.63
48730,40.024799,-105.329956,644,13318.38
48730,40.02483,-105.330078,643,13307.43
48730,40.024891,-105.330505,642,13270.4
48730,40.02496,-105.330711,641,13251.23
48730,40.025002,-105.332848,631,13052.84
48730,40.025009,-105.33271,632,13064.63
48730,40.025017,-105.332954,630,13043.65
48730,40.025036,-105.332611,633,13073.59
48730,40.025066,-105.333076,629,13031.91
48730,40.02507,-105.335197,617,12828.97
48730,40.02507,-105.335281,616,12821.81
48730,40.025078,-105.335136,618,12834.25
48730,40.025082,-105.335342,615,12816.45
48730,40.025097,-105.335419,614,12809.67
48730,40.025108,-105.335045,619,12842.7
48730,40.02512,-105.332451,634,13090.12
48730,40.025135,-105.335518,613,12800.23
48730,40.025146,-105.33493,620,12853.37
48730,40.025211,-105.331322,640,13192.13
48730,40.02523,-105.332184,635,13115.97
48730,40.025234,-105.33342,628,12997.13
48730,40.025265,-105.331497,639,13176.04
48730,40.025276,-105.332024,636,13130.54
48730,40.025288,-105.333557,627,12983.99
48730,40.025291,-105.335815,612,12769.53
48730,40.025295,-105.331688,638,13159.42
48730,40.025299,-105.331863,637,13144.5
48730,40.02536,-105.333794,626,12962.26
48730,40.025375,-105.334579,621,12892.68
48730,40.025406,-105.334503,622,12900.02
48730,40.025425,-105.334419,623,12907.49
48730,40.025436,-105.334122,625,12933.04
48730,40.025436,-105.33609,611,12741.07
48730,40.025444,-105.334297,624,12918.1
48730,40.025658,-105.336525,610,12696.51
48730,40.025875,-105.336945,609,12653.32
48730,40.025967,-105.337082,608,12637.79
48730,40.026028,-105.337151,607,12628.8
48730,40.026089,-105.337212,606,12620.25
48730,40.02615,-105.33725,605,12612.73
48730,40.026222,-105.337288,604,12604.08
48730,40.026352,-105.337349,603,12588.7
48730,40.026478,-105.337418,602,12573.49
48730,40.026539,-105.337456,601,12565.97
48730,40.026588,-105.337502,600,12559.25
48730,40.02663,-105.337547,599,12553.21
48730,40.026669,-105.337601,598,12546.88
48730,40.026711,-105.337669,597,12539.43
48730,40.026745,-105.337738,596,12532.44
48730,40.026768,-105.337814,595,12525.47
48730,40.026779,-105.337883,594,12519.46
48730,40.026798,-105.337997,593,12509.52
48730,40.026825,-105.338104,592,12499.91
48730,40.026855,-105.338196,591,12491.39
48730,40.02689,-105.338257,590,12484.89
48730,40.026928,-105.33831,589,12478.7
48730,40.026978,-105.338348,588,12472.26
48730,40.027035,-105.338371,587,12465.62
48730,40.027081,-105.338379,586,12460.46
48730,40.027122,-105.338387,585,12455.84
48730,40.027161,-105.338387,584,12451.5
48730,40.027237,-105.338371,583,12442.93
48730,40.027309,-105.338356,582,12434.81
48730,40.02739,-105.338333,581,12425.59
48730,40.027451,-105.33831,580,12418.52
48730,40.027523,-105.338287,579,12410.27
48730,40.027622,-105.338264,578,12399.07
48730,40.027725,-105.338264,577,12387.61
48730,40.02779,-105.338272,576,12380.34
48730,40.027863,-105.338295,575,12371.98
48730,40.027981,-105.338356,574,12357.85
48730,40.028038,-105.338394,573,12350.73
48730,40.028084,-105.338432,572,12344.67
48730,40.028145,-105.338509,571,12335.23
48730,40.028202,-105.338577,570,12326.63
48730,40.028252,-105.338699,569,12314.84
48730,40.02829,-105.338867,568,12299.9
48730,40.028316,-105.339066,567,12282.7
48730,40.028358,-105.339249,566,12266.41
48730,40.028404,-105.339355,565,12256.03
48730,40.028473,-105.339447,564,12245.05
48730,40.028599,-105.339554,563,12228.32
48730,40.028694,-105.339592,562,12217.26
48730,40.028797,-105.3396,561,12205.77
48730,40.029072,-105.339554,560,12174.91
48730,40.029171,-105.339554,559,12163.89
48730,40.029278,-105.339592,558,12151.54
48730,40.029369,-105.339668,557,12139.52
48730,40.02948,-105.339806,556,12122.46
48730,40.029598,-105.340012,555,12100.53
48730,40.029598,-105.341187,549,11995.03
48730,40.029606,-105.341042,550,12007.43
48730,40.029621,-105.34137,548,11979.23
48730,40.029659,-105.341499,547,11967.45
48730,40.029671,-105.340164,554,12085.24
48730,40.029709,-105.340637,551,12043.8
48730,40.02972,-105.340332,553,12069.91
48730,40.029724,-105.340485,552,12056.86
48730,40.029736,-105.34166,546,11951.26
48730,40.029835,-105.341805,545,11934.71
48730,40.029922,-105.341904,544,11921.86
48730,40.030155,-105.342079,543,11891.94
48730,40.030296,-105.34214,542,11875.4
48730,40.03043,-105.342155,541,11860.43
48730,40.030563,-105.342148,540,11845.62
48730,40.030632,-105.342125,539,11837.69
48730,40.030773,-105.341995,538,11818.47
48730,40.030903,-105.34185,537,11799.44
48730,40.031029,-105.34166,536,11778.02
48730,40.031368,-105.341164,535,11721.35
48730,40.031475,-105.341019,534,11704.18
48730,40.031582,-105.340851,533,11685.56
48730,40.031719,-105.340668,532,11663.74
48730,40.031788,-105.34053,531,11649.69
48730,40.031879,-105.340363,530,11632.22
48730,40.031956,-105.340195,529,11615.53
48730,40.032059,-105.340027,528,11597.19
48730,40.032166,-105.33992,527,11582.19
48730,40.032288,-105.339844,526,11567.14
48730,40.032604,-105.339806,525,11531.82
48730,40.032764,-105.339775,524,11513.81
48730,40.033016,-105.339775,523,11485.76
48730,40.033104,-105.339806,522,11475.61
48730,40.033184,-105.339851,521,11465.91
48730,40.033195,-105.340416,517,11415.46
48730,40.033207,-105.339867,520,11463.01
48730,40.033218,-105.340607,516,11398.98
48730,40.03323,-105.340073,518,11444.96
48730,40.033234,-105.339973,519,11453.49
48730,40.033276,-105.34079,515,11382.1
48730,40.033379,-105.340973,514,11362.74
48730,40.033501,-105.341133,513,11343.5
48730,40.033741,-105.341408,512,11307.96
48730,40.033894,-105.341614,511,11283.49
48730,40.03405,-105.34182,510,11258.8
48730,40.034252,-105.342018,509,11230.68
48730,40.034359,-105.342094,508,11217.13
48730,40.034569,-105.342194,507,11192.24
48730,40.034634,-105.342255,506,11183.33
48730,40.034664,-105.342323,505,11176.64
48730,40.034679,-105.3424,504,11169.87
48730,40.034687,-105.342918,503,11125.71
48730,40.034718,-105.34314,502,11106.48
48730,40.034775,-105.343361,501,11086.6
48730,40.034836,-105.343513,500,11071.98
48730,40.035091,-105.344704,492,10957.46
48730,40.035095,-105.343895,499,11028.49
48730,40.035107,-105.344505,493,10974.51
48730,40.03511,-105.344894,491,10941.13
48730,40.035122,-105.344421,494,10981.86
48730,40.035141,-105.344017,498,11016.9
48730,40.035145,-105.344284,495,10993.82
48730,40.035149,-105.344078,497,11011.62
48730,40.035152,-105.345085,490,10924.19
48730,40.03516,-105.344147,496,11005.61
48730,40.035236,-105.345314,489,10902.55
48730,40.035305,-105.345436,488,10889.62
48730,40.035419,-105.345589,487,10871.42
48730,40.035549,-105.345703,486,10853.99
48730,40.035625,-105.345741,485,10844.93
48730,40.035973,-105.345886,484,10804.27
48730,40.036129,-105.345894,483,10786.89
48730,40.036282,-105.345871,482,10769.75
48730,40.036633,-105.345749,481,10729.31
48730,40.036655,-105.351921,429,9755.01
48730,40.036655,-105.352066,428,9742.65
48730,40.036682,-105.352165,427,9733.69
48730,40.036709,-105.345764,480,10720.76
48730,40.036732,-105.352272,426,9723.01
48730,40.036774,-105.346619,475,10640.17
48730,40.036777,-105.34581,479,10712.23
48730,40.036781,-105.346756,474,10628.46
48730,40.036808,-105.352356,425,9711.92
48730,40.036823,-105.346878,473,10617.06
48730,40.036827,-105.345886,478,10703.69
48730,40.036842,-105.346085,476,10686.31
48730,40.03685,-105.345985,477,10694.87
48730,40.03685,-105.352386,424,9706.59
48730,40.036892,-105.346977,472,10605.65
48730,40.036919,-105.352417,423,9698.47
48730,40.037025,-105.347137,471,10585.53
48730,40.037064,-105.350754,430,9864.39
48730,40.037094,-105.347282,470,10570.97
48730,40.037125,-105.350632,431,9876.81
48730,40.037132,-105.347435,469,10557.27
48730,40.037132,-105.347595,468,10543.63
48730,40.03714,-105.348396,467,10475.35
48730,40.037167,-105.348503,466,10465.75
48730,40.037205,-105.350533,432,9889.08
48730,40.037209,-105.348602,465,10456.11
48730,40.037266,-105.348694,464,10446.02
48730,40.037281,-105.352585,422,9655.71
48730,40.0373,-105.350456,433,9901.53
48730,40.037334,-105.348763,463,10436.43
48730,40.037441,-105.348831,462,10423.19
48730,40.037464,-105.350395,434,9920.51
48730,40.037487,-105.352722,421,9629.97
48730,40.037498,-105.348854,461,10416.55
48730,40.03759,-105.35038,435,9934.59
48730,40.037735,-105.352959,420,9595.76
48730,40.037739,-105.350388,436,9951.19
48730,40.037868,-105.350449,437,9966.47
48730,40.038158,-105.35067,438,10003.84
48730,40.038246,-105.350716,439,10014.39
48730,40.038284,-105.353401,419,9523.97
48730,40.038338,-105.348862,460,10323.03
48730,40.038403,-105.353455,418,9509.95
48730,40.03841,-105.348892,459,10314.62
48730,40.038456,-105.34893,458,10308.56
48730,40.03846,-105.349564,453,10252.52
48730,40.038464,-105.349388,454,10267.53
48730,40.038479,-105.349686,452,10241.91
48730,40.038496,-105.349016,457,10299.99
48730,40.038507,-105.349167,455,10286.96
48730,40.038508,-105.349083,456,10294.12
48730,40.038525,-105.353477,417,9496.24
48730,40.038528,-105.349854,451,10226.59
48730,40.038589,-105.34996,450,10215.29
48730,40.03875,-105.353477,416,9471.19
48730,40.038811,-105.350984,440,10081.31
48730,40.038837,-105.353516,415,9460.95
48730,40.038869,-105.350991,441,10087.79
48730,40.038902,-105.353577,414,9452.04
48730,40.038945,-105.350972,442,10096.41
48730,40.038956,-105.353668,413,9442.23
48730,40.038984,-105.353716,412,9437.09
48730,40.038998,-105.350441,449,10154.02
48730,40.039023,-105.350943,443,10105.43
48730,40.039063,-105.350546,448,10142.51
48730,40.039063,-105.350894,444,10111.54
48730,40.039069,-105.354022,411,9409.35
48730,40.039084,-105.350836,445,10117.01
48730,40.039094,-105.350682,447,10130.42
48730,40.039096,-105.350801,446,10120.28
48730,40.039135,-105.354367,410,9379.04
48730,40.039156,-105.354607,409,9358.45
48730,40.039161,-105.354962,408,9328.19
48730,40.039184,-105.355136,407,9313.14
48730,40.039227,-105.355347,406,9294.53
48730,40.039352,-105.355629,405,9266.76
48730,40.039387,-105.355736,404,9256.84
48730,40.039429,-105.355965,403,9236.77
48730,40.039471,-105.356339,402,9204.56
48730,40.039539,-105.356834,401,9161.7
48730,40.039574,-105.357086,400,9139.87
48730,40.039585,-105.357231,399,9127.45
48730,40.039612,-105.357491,398,9105.09
48730,40.039673,-105.35807,397,9055.28
48730,40.039688,-105.358185,396,9045.34
48730,40.039715,-105.358284,395,9036.38
48730,40.039806,-105.358459,394,9018.35
48730,40.039875,-105.358528,393,9008.68
48730,40.040035,-105.358597,392,8989.92
48730,40.040203,-105.358643,391,8970.81
48730,40.040223,-105.359711,379,8856.94
48730,40.040231,-105.359835,378,8846.33
48730,40.040237,-105.359865,377,8843.69
48730,40.040268,-105.35952,380,8873.97
48730,40.040274,-105.360069,376,8825.82
48730,40.04029,-105.358673,390,8960.8
48730,40.040302,-105.360202,375,8814.07
48730,40.040358,-105.36072,374,8769.48
48730,40.040359,-105.358717,389,8952.25
48730,40.040367,-105.359268,381,8898.11
48730,40.040393,-105.360868,373,8756.28
48730,40.040409,-105.359192,382,8906.1
48730,40.040417,-105.358797,388,8942.86
48730,40.040449,-105.359104,383,8914.82
48730,40.040455,-105.358906,387,8932.65
48730,40.040461,-105.361016,372,8741.57
48730,40.040469,-105.359045,384,8920.32
48730,40.040472,-105.35899,385,8925.02
48730,40.040474,-105.35896,386,8927.59
48730,40.040477,-105.361039,371,8738.92
48730,40.040574,-105.361182,370,8722.64
48730,40.040714,-105.361314,369,8703.42
48730,40.040714,-105.363401,358,8507.96
48730,40.040715,-105.363381,359,8509.67
48730,40.04074,-105.363553,357,8494.69
48730,40.040742,-105.363019,360,8540.66
48730,40.040769,-105.363644,356,8486.28
48730,40.040779,-105.362816,361,8558.45
48730,40.040812,-105.363732,355,8477.39
48730,40.04083,-105.361469,368,8684.95
48730,40.040941,-105.361685,367,8662.78
48730,40.040977,-105.362335,362,8604.99
48730,40.041009,-105.361904,366,8642.64
48730,40.041014,-105.361936,365,8639.85
48730,40.041022,-105.362128,363,8623.33
48730,40.041026,-105.362005,364,8633.82
48730,40.041069,-105.363983,354,8441.67
48730,40.0415,-105.36438,353,8382.96
48730,40.04169,-105.364581,352,8355.74
48730,40.041853,-105.364691,349,8333.07
48730,40.041862,-105.364697,348,8331.94
48730,40.041862,-105.364697,350,8334.19
48730,40.041983,-105.364696,347,8318.47
48730,40.042005,-105.364696,346,8316.02
48730,40.042168,-105.364655,345,8297.54
48730,40.042309,-105.364586,344,8280.78
48730,40.042809,-105.364304,343,8220.16
48730,40.043152,-105.364143,342,8179.58
48730,40.043419,-105.364037,341,8148.52
48730,40.043655,-105.363953,340,8121.29
48730,40.043854,-105.363914,339,8098.89
48730,40.043983,-105.363907,338,8084.52
48730,40.044113,-105.363907,337,8070.04
48730,40.044228,-105.36393,336,8057.09
48730,40.044384,-105.363976,335,8039.29
48730,40.044525,-105.364052,334,8022.31
48730,40.04464,-105.364136,333,8007.64
48730,40.0448,-105.364273,332,7986.35
48730,40.045071,-105.36451,331,7950.04
48730,40.045349,-105.364746,330,7913.13
48730,40.045456,-105.364861,329,7897.71
48730,40.045464,-105.36618,316,7775.1
48730,40.045467,-105.366104,317,7781.59
48730,40.045467,-105.366249,315,7769.21
48730,40.045475,-105.366295,314,7765.19
48730,40.045483,-105.366035,318,7787.73
48730,40.045506,-105.365952,319,7795.25
48730,40.045517,-105.366417,313,7753.79
48730,40.045525,-105.364952,328,7886.8
48730,40.045567,-105.365028,327,7878.81
48730,40.045578,-105.366547,312,7740.8
48730,40.045593,-105.365715,320,7817.65
48730,40.045601,-105.365112,326,7870.71
48730,40.045628,-105.365189,325,7863.49
48730,40.045628,-105.365593,321,7828.76
48730,40.045639,-105.36528,324,7855.64
48730,40.045643,-105.365486,322,7838.03
48730,40.045647,-105.365372,323,7847.75
48730,40.0457,-105.366776,311,7717.02
48730,40.045742,-105.366867,310,7707.97
48730,40.045773,-105.366951,309,7700.02
48730,40.045815,-105.367088,308,7687.45
48730,40.045856,-105.367241,307,7673.63
48730,40.045883,-105.367355,306,7663.46
48730,40.045921,-105.36747,305,7652.79
48730,40.045963,-105.367538,304,7645.34
48730,40.046024,-105.367577,303,7637.78
48730,40.046078,-105.367599,302,7631.49
48730,40.046131,-105.367599,301,7625.59
48730,40.046219,-105.367584,300,7615.71
48730,40.046322,-105.367554,299,7603.96
48730,40.046772,-105.36734,298,7550.65
48730,40.046993,-105.367271,297,7525.35
48730,40.047165,-105.367264,296,7506.2
48730,40.047295,-105.367287,295,7491.59
48730,40.047405,-105.367348,294,7478.29
48730,40.047508,-105.367447,293,7464.06
48730,40.047634,-105.367638,292,7442.57
48730,40.047745,-105.367798,291,7424.17
48730,40.047791,-105.367859,290,7416.87
48730,40.04784,-105.367928,289,7408.85
48730,40.047932,-105.367989,288,7397.37
48730,40.048035,-105.368034,287,7385.28
48730,40.048168,-105.368027,286,7370.46
48730,40.049316,-105.367821,285,7241.46
48730,40.04966,-105.36779,284,7203.08
48730,40.049881,-105.36953,276,7019.8
48730,40.049896,-105.369301,277,7039.38
48730,40.049946,-105.369743,275,7000.26
48730,40.049961,-105.369072,278,7060.19
48730,40.049995,-105.36795,283,7163.37
48730,40.049995,-105.369835,274,6990.71
48730,40.050045,-105.368866,279,7080.08
48730,40.050087,-105.368134,282,7144.65
48730,40.05011,-105.368645,280,7100.26
48730,40.050137,-105.368439,281,7118.07
48730,40.050144,-105.369942,273,6971.78
48730,40.050232,-105.369965,272,6961.79
48730,40.050381,-105.37204,260,6708.55
48730,40.050407,-105.371933,261,6718.12
48730,40.050465,-105.371826,262,6729.29
48730,40.050468,-105.372314,259,6683.27
48730,40.050495,-105.369995,271,6932.4
48730,40.050507,-105.372421,258,6673.17
48730,40.05061,-105.372452,257,6661.41
48730,40.050648,-105.404892,63,1925.61
48730,40.050648,-105.405083,62,1909.34
48730,40.050663,-105.37011,270,6911.29
48730,40.050667,-105.405182,61,1900.64
48730,40.050674,-105.374084,236,6374.07
48730,40.050678,-105.371567,263,6761.68
48730,40.050694,-105.404694,64,1943.24
48730,40.050705,-105.373917,237,6388.71
48730,40.050709,-105.372391,256,6649.22
48730,40.050713,-105.374329,235,6352.75
48730,40.050751,-105.404488,65,1961.91
48730,40.05077,-105.404381,66,1971.27
48730,40.050777,-105.374474,234,6338.48
48730,40.050793,-105.373695,238,6410.02
48730,40.050804,-105.372353,255,6638.16
48730,40.050804,-105.404068,67,1998.21
48730,40.050804,-105.405426,60,1874.85
48730,40.050808,-105.370247,269,6891.37
48730,40.050816,-105.403786,68,2022.28
48730,40.050827,-105.371376,264,6784.92
48730,40.050827,-105.403526,69,2044.46
48730,40.050877,-105.374596,233,6323.25
48730,40.050892,-105.403366,70,2059.9
48730,40.050896,-105.373589,239,6424.61
48730,40.050919,-105.37233,254,6625.21
48730,40.050922,-105.371162,265,6806
48730,40.050949,-105.370476,268,6866.32
48730,40.050953,-105.405586,59,1853.38
48730,40.050957,-105.373566,240,6431.68
48730,40.050983,-105.370926,266,6827.23
48730,40.050995,-105.370689,267,6847.46
48730,40.051029,-105.403259,71,2077.67
48730,40.051044,-105.372353,253,6611.16
48730,40.05109,-105.37352,241,6447
48730,40.051121,-105.405685,58,1832.87
48730,40.05117,-105.403175,72,2094.92
48730,40.051189,-105.374771,232,6285.46
48730,40.051224,-105.373466,242,6462.61
48730,40.05125,-105.372414,252,6587.65
48730,40.051281,-105.373428,243,6469.73
48730,40.051308,-105.403069,73,2112.74
48730,40.051311,-105.374878,231,6269.1
48730,40.051331,-105.373375,244,6476.9
48730,40.05138,-105.372437,251,6573.04
48730,40.051407,-105.37326,245,6489.84
48730,40.051418,-105.375008,230,6252.83
48730,40.051426,-105.402939,74,2129.92
48730,40.051434,-105.373184,246,6496.98
48730,40.051479,-105.37249,250,6561.13
48730,40.051506,-105.372932,247,6519.9
48730,40.051517,-105.375168,229,6235.3
48730,40.051525,-105.402779,75,2147.45
48730,40.051556,-105.372627,249,6546.65
48730,40.051556,-105.372696,248,6540.77
48730,40.051636,-105.405823,57,1774.34
48730,40.051662,-105.40583,56,1771.39
48730,40.051708,-105.375511,228,6199.16
48730,40.051739,-105.402473,76,2182.77
48730,40.051765,-105.375595,227,6189.59
48730,40.051842,-105.402328,77,2199.63
48730,40.052059,-105.402069,78,2232.35
48730,40.052086,-105.375969,226,6141.71
48730,40.052174,-105.40197,79,2247.68
48730,40.052326,-105.406265,55,1688.7
48730,40.052353,-105.37619,225,6106.53
48730,40.052505,-105.401733,80,2289.7
48730,40.052528,-105.376373,224,6081.57
48730,40.052544,-105.406372,54,1662.78
48730,40.052631,-105.401604,81,2307.52
48730,40.052685,-105.401527,82,2316.42
48730,40.052822,-105.376701,223,6038.54
48730,40.05283,-105.406441,53,1630.4
48730,40.052925,-105.401161,83,2357.48
48730,40.053005,-105.406494,52,1610.4
48730,40.053074,-105.376961,222,6002.79
48730,40.053211,-105.406502,51,1587.46
48730,40.053238,-105.400726,84,2408.35
48730,40.053379,-105.377129,221,5965.94
48730,40.05341,-105.406502,50,1565.31
48730,40.053455,-105.400635,85,2433.72
48730,40.053608,-105.400604,86,2450.96
48730,40.053638,-105.377243,220,5935.52
48730,40.053722,-105.406448,49,1530.27
48730,40.05381,-105.377403,219,5912.01
48730,40.053905,-105.400627,87,2484.08
48730,40.053967,-105.377663,218,5883.8
48730,40.054028,-105.377869,217,5864.98
48730,40.054035,-105.377953,216,5857.78
48730,40.054058,-105.37822,215,5834.88
48730,40.05407,-105.378517,214,5809.54
48730,40.054096,-105.378922,213,5774.91
48730,40.054165,-105.40062,88,2513.03
48730,40.054169,-105.406357,48,1479.91
48730,40.054211,-105.406349,47,1475.19
48730,40.054295,-105.37925,212,5739.25
48730,40.054314,-105.400497,89,2532.65
48730,40.054417,-105.400284,90,2554.12
48730,40.054485,-105.399994,91,2579.96
48730,40.054539,-105.379356,211,5710.62
48730,40.054634,-105.381271,201,5506.52
48730,40.054649,-105.380913,202,5537.07
48730,40.054653,-105.382118,200,5434.32
48730,40.054688,-105.399307,92,2642.71
48730,40.054726,-105.382706,199,5383.56
48730,40.054729,-105.379402,210,5689.11
48730,40.054745,-105.380592,203,5566.43
48730,40.054794,-105.399048,93,2667.73
48730,40.054806,-105.390556,170,4584.63
48730,40.054821,-105.390457,171,4593.23
48730,40.054832,-105.379456,209,5676.76
48730,40.05484,-105.390289,172,4607.7
48730,40.054844,-105.398987,94,2675.35
48730,40.054859,-105.383102,198,5346.71
48730,40.054901,-105.379524,208,5667.14
48730,40.054901,-105.390808,169,4560.7
48730,40.054916,-105.379547,207,5664.56
48730,40.054916,-105.380241,204,5601.88
48730,40.054916,-105.390144,173,4622.68
48730,40.054958,-105.398865,95,2691.75
48730,40.05497,-105.383408,197,5317.86
48730,40.054989,-105.38002,205,5622.39
48730,40.054993,-105.379768,206,5643.87
48730,40.055046,-105.389954,174,4644.39
48730,40.055077,-105.383713,196,5289.27
48730,40.05508,-105.406387,46,1378.4
48730,40.055141,-105.389816,175,4660.21
48730,40.055199,-105.383919,195,5267.08
48730,40.055206,-105.391121,168,4517.52
48730,40.055267,-105.386086,190,5067.14
48730,40.05529,-105.38958,176,4686.27
48730,40.055294,-105.385811,191,5090.76
48730,40.055359,-105.38652,189,5028.77
48730,40.055367,-105.385445,192,5122.99
48730,40.055408,-105.391296,167,4490.54
48730,40.055435,-105.389343,177,4712.12
48730,40.05545,-105.384209,194,5229.78
48730,40.055458,-105.386703,188,5009.67
48730,40.055462,-105.406464,45,1335.37
48730,40.055485,-105.384659,193,5191.24
48730,40.055489,-105.386742,187,5004.88
48730,40.055573,-105.389091,178,4738.53
48730,40.055592,-105.386871,186,4989
48730,40.055599,-105.398544,96,2768.17
48730,40.055744,-105.391472,166,4450.24
48730,40.055763,-105.386971,185,4968.14
48730,40.055798,-105.391502,165,4443.71
48730,40.055798,-105.406555,44,1297.17
48730,40.055908,-105.391556,164,4430.63
48730,40.056,-105.388153,179,4831.52
48730,40.056065,-105.391655,163,4411.22
48730,40.05608,-105.3871,184,4931.18
48730,40.056095,-105.398338,97,2826.11
48730,40.05611,-105.387863,180,4859.09
48730,40.056122,-105.406639,43,1260.4
48730,40.056152,-105.387154,183,4921.94
48730,40.05619,-105.387421,181,4897.79
48730,40.056194,-105.387238,182,4913.39
48730,40.056358,-105.398293,98,2855.64
48730,40.056496,-105.391975,162,4356.04
48730,40.056557,-105.392029,161,4347.84
48730,40.05661,-105.406845,42,1203.31
48730,40.056713,-105.3983,99,2895.16
48730,40.056774,-105.392235,160,4317.98
48730,40.056801,-105.394188,152,4140.56
48730,40.056801,-105.394363,151,4125.65
48730,40.056835,-105.39444,150,4118.07
48730,40.056877,-105.394012,153,4157.77
48730,40.056896,-105.392456,159,4294.76
48730,40.056896,-105.393951,154,4163.39
48730,40.056904,-105.406998,41,1168.08
48730,40.056961,-105.393784,155,4179.35
48730,40.056999,-105.392937,158,4252.2
48730,40.056999,-105.394615,149,4094.5
48730,40.057007,-105.393494,156,4204.58
48730,40.057018,-105.393127,157,4235.88
48730,40.057125,-105.398331,100,2941.1
48730,40.057129,-105.394722,148,4077.4
48730,40.057201,-105.394737,147,4069.28
48730,40.057224,-105.398346,101,2952.19
48730,40.057274,-105.39476,146,4060.92
48730,40.057331,-105.407181,40,1118.06
48730,40.057354,-105.394722,145,4051.44
48730,40.057438,-105.398338,102,2976.03
48730,40.057449,-105.394592,144,4036.13
48730,40.057522,-105.393539,140,3945.05
48730,40.057522,-105.39431,143,4010.77
48730,40.057529,-105.393478,139,3939.79
48730,40.057529,-105.393898,141,3975.64
48730,40.057529,-105.394112,142,3993.88
48730,40.057564,-105.398285,103,2990.76
48730,40.057571,-105.393364,138,3929.01
48730,40.05764,-105.393318,137,3920.39
48730,40.057671,-105.407333,39,1078.05
48730,40.057705,-105.393341,136,3912.89
48730,40.057735,-105.393387,135,3907.74
48730,40.057785,-105.398087,104,3020.59
48730,40.057888,-105.393806,134,3868.19
48730,40.057938,-105.393959,133,3854.01
48730,40.057941,-105.40741,38,1047.29
48730,40.057964,-105.397934,105,3044.4
48730,40.057968,-105.39431,132,3823.92
48730,40.057972,-105.394485,131,3809
48730,40.058079,-105.394859,130,3774.98
48730,40.058128,-105.407471,37,1025.83
48730,40.058163,-105.397881,106,3067.01
48730,40.058208,-105.395134,129,3747.5
48730,40.058331,-105.397964,107,3087
48730,40.058407,-105.394615,120,3545.59
48730,40.058426,-105.394753,121,3557.54
48730,40.058456,-105.395699,128,3692.01
48730,40.058475,-105.39817,108,3110.77
48730,40.058495,-105.395775,127,3684.21
48730,40.058506,-105.407539,36,983.36
48730,40.05851,-105.39502,122,3582.14
48730,40.058517,-105.394485,119,3529.08
48730,40.058582,-105.395882,126,3670.91
48730,40.058586,-105.3983,109,3127.37
48730,40.058651,-105.394669,118,3507.44
48730,40.058655,-105.395424,123,3620.15
48730,40.058674,-105.395874,125,3660.65
48730,40.058723,-105.395683,124,3643.48
48730,40.058735,-105.398354,110,3144.58
48730,40.058754,-105.398354,111,3146.7
48730,40.0588,-105.40757,35,950.52
48730,40.058891,-105.398308,112,3162.44
48730,40.058949,-105.395325,117,3442.45
48730,40.059086,-105.40757,34,918.69
48730,40.05909,-105.39817,113,3187.52
48730,40.059189,-105.396629,114,3319.28
48730,40.05925,-105.395988,116,3376.77
48730,40.059299,-105.39624,115,3354.61
48730,40.059502,-105.407501,33,872.01
48730,40.059807,-105.407578,32,837.43
48730,40.060169,-105.407768,31,794
48730,40.060364,-105.407829,30,771.68
48730,40.060562,-105.407822,29,749.63
48730,40.060654,-105.407806,28,739.3
48730,40.060715,-105.407799,27,732.48
48730,40.060822,-105.407799,26,720.57
48730,40.061001,-105.407814,25,700.6
48730,40.061192,-105.407906,24,677.94
48730,40.061398,-105.407997,23,653.73
48730,40.06163,-105.408005,22,627.9
48730,40.061882,-105.408005,21,599.85
48730,40.062111,-105.407944,20,573.83
48730,40.062332,-105.40789,19,548.8
48730,40.062504,-105.40789,18,529.65
48730,40.062618,-105.407913,17,516.81
48730,40.062752,-105.407982,16,500.78
48730,40.062798,-105.412842,3,20.67
48730,40.06282,-105.408005,15,492.96
48730,40.062885,-105.412384,4,60.88
48730,40.062901,-105.412811,2,8.91
48730,40.062981,-105.412811,1,0
48730,40.063068,-105.408089,14,464.44
48730,40.063217,-105.411179,5,169.99
48730,40.06324,-105.411064,6,180.11
48730,40.063278,-105.410805,7,202.58
48730,40.063309,-105.410355,8,241.08
48730,40.063313,-105.41021,9,253.44
48730,40.063328,-105.409607,10,304.84
48730,40.063354,-105.409134,11,345.24
48730,40.063374,-105.408737,12,379.14
48730,40.0634,-105.40818,13,426.68
48731,40.011486,-105.30809,780,16365.27
48731,40.011497,-105.307922,781,16379.65
48731,40.011497,-105.308334,779,16344.43
48731,40.011539,-105.308533,778,16326.83
48731,40.011547,-105.307709,782,16398.64
48731,40.011578,-105.307617,783,16407.21
48731,40.011604,-105.308716,777,16309.64
48731,40.011673,-105.308853,776,16295.66
48731,40.01178,-105.30899,775,16278.97
48731,40.011894,-105.306892,784,16478.34
48731,40.011902,-105.309113,774,16261.81
48731,40.011982,-105.303261,793,16795.49
48731,40.011986,-105.303093,794,16809.82
48731,40.01199,-105.303421,792,16781.82
48731,40.011997,-105.303612,791,16765.52
48731,40.012005,-105.309196,773,16248.34
48731,40.012012,-105.302948,795,16822.52
48731,40.012028,-105.306541,785,16511.77
48731,40.012062,-105.302742,796,16840.94
48731,40.012093,-105.306358,786,16528.97
48731,40.012138,-105.30616,787,16546.58
48731,40.012142,-105.302528,797,16861.25
48731,40.012173,-105.305931,788,16566.49
48731,40.012173,-105.309303,772,16227.53
48731,40.01218,-105.305557,790,16598.44
48731,40.012184,-105.305763,789,16580.87
48731,40.012253,-105.302353,798,16880.62
48731,40.012299,-105.302292,799,16887.92
48731,40.012337,-105.302254,800,16893.25
48731,40.01239,-105.302193,801,16901.11
48731,40.012512,-105.302094,802,16917.1
48731,40.012634,-105.316124,746,15343.43
48731,40.012638,-105.302017,803,16932.59
48731,40.012638,-105.316292,745,15329.1
48731,40.012657,-105.31646,744,15314.62
48731,40.012661,-105.309509,771,16170.44
48731,40.012665,-105.315872,747,15365.19
48731,40.012691,-105.316628,743,15299.81
48731,40.012707,-105.315704,748,15380.26
48731,40.01276,-105.315552,749,15394.5
48731,40.012814,-105.309593,770,16151.96
48731,40.012844,-105.315399,750,15410.55
48731,40.012905,-105.30191,804,16963.68
48731,40.012959,-105.3097,769,16133.42
48731,40.012959,-105.315247,751,15428.77
48731,40.013096,-105.309822,768,16114.96
48731,40.013222,-105.309967,767,16096.27
48731,40.013287,-105.310051,766,16086.08
48731,40.013313,-105.31855,742,15121.91
48731,40.013378,-105.301781,805,17017.47
48731,40.013393,-105.297363,837,17455.8
48731,40.013401,-105.297554,836,17439.49
48731,40.013405,-105.314751,752,15493.98
48731,40.013405,-105.318733,741,15103.25
48731,40.013409,-105.297127,838,17476
48731,40.013409,-105.297699,835,17427.1
48731,40.013416,-105.301773,806,17021.75
48731,40.01342,-105.296921,839,17493.61
48731,40.01342,-105.29789,834,17410.77
48731,40.013439,-105.298073,833,17395.02
48731,40.013447,-105.296722,840,17510.84
48731,40.013447,-105.310272,765,16060.16
48731,40.013466,-105.298256,832,17379.13
48731,40.013485,-105.296532,841,17527.58
48731,40.013496,-105.318878,740,15087.26
48731,40.0135,-105.298439,831,17363.08
48731,40.0135,-105.301735,807,17031.65
48731,40.013535,-105.298592,830,17349.46
48731,40.013546,-105.296303,842,17548.25
48731,40.01358,-105.298767,829,17333.72
48731,40.013592,-105.301697,808,17042.39
48731,40.013599,-105.319,739,15071.78
48731,40.013645,-105.29599,843,17577.12
48731,40.013649,-105.298973,828,17314.55
48731,40.013672,-105.301659,809,17051.87
48731,40.013695,-105.299095,827,17302.96
48731,40.013702,-105.314514,753,15532.73
48731,40.013721,-105.319115,738,15055.03
48731,40.013737,-105.301605,810,17060.44
48731,40.013748,-105.29557,844,17614.72
48731,40.013786,-105.299332,826,17280.36
48731,40.013794,-105.301552,811,17068.23
48731,40.013866,-105.301483,812,17078.18
48731,40.013866,-105.31443,754,15552.34
48731,40.013886,-105.294812,845,17681.15
48731,40.013927,-105.29969,825,17246.04
48731,40.013927,-105.319252,737,15029.3
48731,40.013947,-105.301384,813,17090.53
48731,40.014008,-105.301292,814,17100.9
48731,40.014038,-105.299965,824,17219.53
48731,40.014057,-105.30117,815,17112.65
48731,40.01408,-105.300102,823,17206.95
48731,40.014103,-105.301048,816,17124.24
48731,40.014118,-105.300262,822,17192.67
48731,40.014132,-105.294906,846,17709.68
48731,40.014137,-105.300934,817,17134.67
48731,40.014145,-105.300407,821,17179.95
48731,40.014153,-105.294914,847,17712.12
48731,40.014156,-105.300552,820,17167.52
48731,40.014156,-105.300812,818,17145.29
48731,40.014164,-105.30069,819,17155.72
48731,40.014183,-105.319412,736,14997.7
48731,40.014185,-105.294926,848,17715.82
48731,40.014244,-105.294928,849,17722.39
48731,40.014305,-105.294911,850,17729.34
48731,40.014372,-105.29488,851,17737.25
48731,40.014416,-105.294842,852,17743.12
48731,40.014427,-105.31424,755,15616.86
48731,40.014458,-105.319626,735,14962.07
48731,40.014538,-105.321869,722,14751.53
48731,40.014549,-105.322014,721,14739.11
48731,40.014553,-105.319725,734,14948.54
48731,40.014557,-105.321709,723,14765.34
48731,40.014576,-105.322166,720,14725.81
48731,40.014603,-105.321487,724,14784.94
48731,40.014629,-105.322372,719,14707.28
48731,40.014633,-105.319847,733,14934.84
48731,40.014641,-105.314148,756,15641.94
48731,40.014698,-105.322563,718,14689.27
48731,40.014706,-105.321144,725,14816.35
48731,40.014713,-105.320007,732,14918.55
48731,40.014772,-105.320136,731,14905.74
48731,40.014782,-105.320165,730,14903.03
48731,40.014801,-105.314018,757,15662.92
48731,40.014805,-105.312202,764,15836.71
48731,40.014806,-105.320814,726,14846.61
48731,40.014818,-105.320329,729,14888.48
48731,40.014824,-105.322868,717,14659.73
48731,40.014832,-105.32067,727,14859.23
48731,40.014839,-105.320526,728,14871.53
48731,40.014889,-105.312355,763,15820.66
48731,40.014919,-105.313881,758,15680.5
48731,40.015015,-105.312614,762,15794.5
48731,40.015049,-105.323341,716,14612.26
48731,40.015053,-105.313576,759,15710.47
48731,40.015099,-105.312958,761,15763.72
48731,40.015102,-105.313263,760,15737.71
48731,40.015125,-105.323524,715,14594.51
48731,40.015182,-105.323662,714,14581.14
48731,40.015259,-105.323891,713,14559.82
48731,40.015343,-105.32428,712,14525.36
48731,40.015503,-105.324295,711,14507.5
48731,40.015583,-105.32431,710,14498.51
48731,40.015739,-105.32444,709,14477.91
48731,40.016029,-105.324608,708,14442.59
48731,40.01622,-105.324692,707,14420.15
48731,40.016434,-105.32476,706,14395.64
48731,40.016708,-105.324821,705,14364.69
48731,40.016869,-105.324844,704,14346.66
48731,40.017296,-105.324989,703,14297.55
48731,40.017452,-105.325073,702,14278.77
48731,40.017746,-105.325333,701,14239.24
48731,40.017994,-105.325569,700,14205.08
48731,40.018284,-105.32579,699,14167.7
48731,40.018356,-105.325844,698,14158.45
48731,40.018749,-105.326042,697,14111.56
48731,40.018948,-105.326157,696,14087.34
48731,40.019508,-105.326393,695,14021.83
48731,40.019665,-105.326424,694,14004.16
48731,40.019802,-105.326477,693,13988.25
48731,40.019936,-105.326553,692,13971.99
48731,40.020412,-105.326874,691,13912.35
48731,40.020504,-105.326958,690,13899.85
48731,40.020603,-105.327103,689,13883.29
48731,40.020809,-105.327423,688,13847.66
48731,40.020981,-105.32756,687,13825.23
48731,40.02116,-105.327667,686,13803.31
48731,40.021393,-105.327774,685,13775.82
48731,40.021774,-105.327881,684,13732.44
48731,40.021988,-105.327927,683,13708.29
48731,40.022141,-105.327988,682,13690.48
48731,40.02235,-105.32811,681,13665
48731,40.022606,-105.328316,680,13631.53
48731,40.022713,-105.328438,679,13615.71
48731,40.022915,-105.328758,678,13580.36
48731,40.023018,-105.328896,677,13563.93
48731,40.023117,-105.328979,676,13550.84
48731,40.023159,-105.32901,675,13545.47
48731,40.023315,-105.329094,674,13526.68
48731,40.023506,-105.329163,673,13504.62
48731,40.023663,-105.329185,672,13487.04
48731,40.023743,-105.329185,671,13478.14
48731,40.024094,-105.329247,670,13438.71
48731,40.024261,-105.32933,669,13418.82
48731,40.024338,-105.329376,668,13409.39
48731,40.024521,-105.329514,667,13385.87
48731,40.024662,-105.329659,666,13365.89
48731,40.024704,-105.329712,665,13359.39
48731,40.024765,-105.329849,664,13345.88
48731,40.02478,-105.329887,663,13342.23
48731,40.024799,-105.329956,662,13335.98
48731,40.02483,-105.330078,661,13325.03
48731,40.024891,-105.330505,660,13288
48731,40.02496,-105.330711,659,13268.83
48731,40.025002,-105.332848,649,13070.44
48731,40.025009,-105.33271,650,13082.23
48731,40.025017,-105.332954,648,13061.25
48731,40.025036,-105.332611,651,13091.19
48731,40.025066,-105.333076,647,13049.51
48731,40.02507,-105.335197,635,12846.58
48731,40.02507,-105.335281,634,12839.41
48731,40.025078,-105.335136,636,12851.85
48731,40.025082,-105.335342,633,12834.05
48731,40.025097,-105.335419,632,12827.27
48731,40.025108,-105.335045,637,12860.3
48731,40.02512,-105.332451,652,13107.72
48731,40.025135,-105.335518,631,12817.83
48731,40.025146,-105.33493,638,12870.97
48731,40.025211,-105.331322,658,13209.73
48731,40.02523,-105.332184,653,13133.57
48731,40.025234,-105.33342,646,13014.73
48731,40.025265,-105.331497,657,13193.64
48731,40.025276,-105.332024,654,13148.14
48731,40.025288,-105.333557,645,13001.59
48731,40.025291,-105.335815,630,12787.13
48731,40.025295,-105.331688,656,13177.02
48731,40.025299,-105.331863,655,13162.1
48731,40.02536,-105.333794,644,12979.86
48731,40.025375,-105.334579,639,12910.28
48731,40.025406,-105.334503,640,12917.62
48731,40.025425,-105.334419,641,12925.09
48731,40.025436,-105.334122,643,12950.64
48731,40.025436,-105.33609,629,12758.67
48731,40.025444,-105.334297,642,12935.7
48731,40.025658,-105.336525,628,12714.11
48731,40.025875,-105.336945,627,12670.92
48731,40.025967,-105.337082,626,12655.39
48731,40.026028,-105.337151,625,12646.4
48731,40.026089,-105.337212,624,12637.85
48731,40.02615,-105.33725,623,12630.33
48731,40.026222,-105.337288,622,12621.68
48731,40.026352,-105.337349,621,12606.3
48731,40.026478,-105.337418,620,12591.09
48731,40.026539,-105.337456,619,12583.57
48731,40.026588,-105.337502,618,12576.85
48731,40.02663,-105.337547,617,12570.81
48731,40.026669,-105.337601,616,12564.48
48731,40.026711,-105.337669,615,12557.03
48731,40.026745,-105.337738,614,12550.04
48731,40.026768,-105.337814,613,12543.07
48731,40.026779,-105.337883,612,12537.06
48731,40.026798,-105.337997,611,12527.12
48731,40.026825,-105.338104,610,12517.51
48731,40.026855,-105.338196,609,12508.99
48731,40.02689,-105.338257,608,12502.49
48731,40.026928,-105.33831,607,12496.3
48731,40.026978,-105.338348,606,12489.86
48731,40.027035,-105.338371,605,12483.22
48731,40.027081,-105.338379,604,12478.06
48731,40.027122,-105.338387,603,12473.44
48731,40.027161,-105.338387,602,12469.1
48731,40.027237,-105.338371,601,12460.53
48731,40.027309,-105.338356,600,12452.42
48731,40.02739,-105.338333,599,12443.19
48731,40.027451,-105.33831,598,12436.12
48731,40.027523,-105.338287,597,12427.87
48731,40.027622,-105.338264,596,12416.67
48731,40.027725,-105.338264,595,12405.21
48731,40.02779,-105.338272,594,12397.94
48731,40.027863,-105.338295,593,12389.58
48731,40.027981,-105.338356,592,12375.45
48731,40.028038,-105.338394,591,12368.33
48731,40.028084,-105.338432,590,12362.27
48731,40.028145,-105.338509,589,12352.83
48731,40.028202,-105.338577,588,12344.23
48731,40.028252,-105.338699,587,12332.44
48731,40.02829,-105.338867,586,12317.51
48731,40.028316,-105.339066,585,12300.3
48731,40.028358,-105.339249,584,12284.01
48731,40.028404,-105.339355,583,12273.63
48731,40.028473,-105.339447,582,12262.65
48731,40.028599,-105.339554,581,12245.92
48731,40.028694,-105.339592,580,12234.86
48731,40.028797,-105.3396,579,12223.37
48731,40.029072,-105.339554,578,12192.51
48731,40.029171,-105.339554,577,12181.49
48731,40.029278,-105.339592,576,12169.15
48731,40.029369,-105.339668,575,12157.12
48731,40.02948,-105.339806,574,12140.06
48731,40.029598,-105.340012,573,12118.13
48731,40.029598,-105.341187,567,12012.63
48731,40.029606,-105.341042,568,12025.03
48731,40.029621,-105.34137,566,11996.83
48731,40.029659,-105.341499,565,11985.05
48731,40.029671,-105.340164,572,12102.84
48731,40.029709,-105.340637,569,12061.4
48731,40.02972,-105.340332,571,12087.51
48731,40.029724,-105.340485,570,12074.47
48731,40.029736,-105.34166,564,11968.87
48731,40.029835,-105.341805,563,11952.31
48731,40.029922,-105.341904,562,11939.46
48731,40.030155,-105.342079,561,11909.54
48731,40.030296,-105.34214,560,11893
48731,40.03043,-105.342155,559,11878.03
48731,40.030563,-105.342148,558,11863.22
48731,40.030632,-105.342125,557,11855.29
48731,40.030773,-105.341995,556,11836.07
48731,40.030903,-105.34185,555,11817.04
48731,40.031029,-105.34166,554,11795.62
48731,40.031368,-105.341164,553,11738.95
48731,40.031475,-105.341019,552,11721.78
48731,40.031582,-105.340851,551,11703.16
48731,40.031719,-105.340668,550,11681.34
48731,40.031788,-105.34053,549,11667.3
48731,40.031879,-105.340363,548,11649.82
48731,40.031956,-105.340195,547,11633.14
48731,40.032059,-105.340027,546,11614.79
48731,40.032166,-105.33992,545,11599.79
48731,40.032288,-105.339844,544,11584.74
48731,40.032604,-105.339806,543,11549.42
48731,40.032764,-105.339775,542,11531.41
48731,40.033016,-105.339775,541,11503.36
48731,40.033104,-105.339806,540,11493.21
48731,40.033184,-105.339851,539,11483.52
48731,40.033195,-105.340416,535,11433.06
48731,40.033207,-105.339867,538,11480.61
48731,40.033218,-105.340607,534,11416.58
48731,40.03323,-105.340073,536,11462.56
48731,40.033234,-105.339973,537,11471.09
48731,40.033276,-105.34079,533,11399.7
48731,40.033379,-105.340973,532,11380.34
48731,40.033501,-105.341133,531,11361.1
48731,40.033741,-105.341408,530,11325.56
48731,40.033894,-105.341614,529,11301.09
48731,40.03405,-105.34182,528,11276.4
48731,40.034252,-105.342018,527,11248.28
48731,40.034359,-105.342094,526,11234.73
48731,40.034569,-105.342194,525,11209.84
48731,40.034634,-105.342255,524,11200.93
48731,40.034664,-105.342323,523,11194.24
48731,40.034679,-105.3424,522,11187.47
48731,40.034687,-105.342918,521,11143.31
48731,40.034718,-105.34314,520,11124.08
48731,40.034775,-105.343361,519,11104.2
48731,40.034836,-105.343513,518,11089.58
48731,40.035091,-105.344704,510,10975.06
48731,40.035095,-105.343895,517,11046.09
48731,40.035107,-105.344505,511,10992.11
48731,40.03511,-105.344894,509,10958.73
48731,40.035122,-105.344421,512,10999.46
48731,40.035141,-105.344017,516,11034.5
48731,40.035145,-105.344284,513,11011.42
48731,40.035149,-105.344078,515,11029.22
48731,40.035152,-105.345085,508,10941.79
48731,40.03516,-105.344147,514,11023.21
48731,40.035236,-105.345314,507,10920.15
48731,40.035305,-105.345436,506,10907.22
48731,40.035419,-105.345589,505,10889.02
48731,40.035549,-105.345703,504,10871.59
48731,40.035625,-105.345741,503,10862.53
48731,40.035973,-105.345886,502,10821.87
48731,40.036129,-105.345894,501,10804.49
48731,40.036282,-105.345871,500,10787.35
48731,40.036633,-105.345749,499,10746.91
48731,40.036655,-105.351921,444,9773.31
48731,40.036655,-105.352066,443,9760.95
48731,40.036682,-105.352165,442,9751.99
48731,40.036709,-105.345764,498,10738.36
48731,40.036732,-105.352272,441,9741.31
48731,40.036774,-105.346619,493,10657.77
48731,40.036777,-105.34581,497,10729.83
48731,40.036784,-105.346755,492,10646.12
48731,40.036808,-105.352356,440,9730.23
48731,40.036819,-105.346859,491,10636.44
48731,40.036827,-105.345886,496,10721.29
48731,40.036842,-105.346085,494,10703.91
48731,40.03685,-105.345985,495,10712.47
48731,40.03685,-105.352386,439,9724.9
48731,40.036892,-105.346976,490,10623.58
48731,40.036919,-105.352417,438,9716.78
48731,40.037025,-105.347137,489,10603.39
48731,40.037064,-105.350754,445,9882.7
48731,40.037096,-105.347281,488,10588.79
48731,40.037125,-105.350632,446,9895.12
48731,40.03713,-105.347427,487,10575.79
48731,40.037133,-105.347595,486,10561.46
48731,40.03714,-105.348396,485,10493.19
48731,40.037167,-105.348503,484,10483.59
48731,40.037205,-105.350532,447,9907.44
48731,40.037208,-105.348602,483,10474
48731,40.037273,-105.348699,482,10463.01
48731,40.037281,-105.352585,437,9674.01
48731,40.037311,-105.350456,448,9920.9
48731,40.037334,-105.348763,481,10454.3
48731,40.037441,-105.348831,480,10441.05
48731,40.037464,-105.350397,449,9938.66
48731,40.037487,-105.352722,436,9648.28
48731,40.037499,-105.348851,479,10434.38
48731,40.03759,-105.35038,450,9952.76
48731,40.037735,-105.352959,435,9614.07
48731,40.037738,-105.35039,451,9969.26
48731,40.03787,-105.350446,452,9984.71
48731,40.038158,-105.35067,453,10022.02
48731,40.038246,-105.350716,454,10032.58
48731,40.03828,-105.353409,434,9542.29
48731,40.038319,-105.353437,433,9537.34
48731,40.038336,-105.348858,478,10341.2
48731,40.038399,-105.353471,432,9527.97
48731,40.038411,-105.34889,477,10332.42
48731,40.038454,-105.348933,476,10326.39
48731,40.03846,-105.349564,471,10270.49
48731,40.038464,-105.349388,472,10285.5
48731,40.038478,-105.349686,470,10259.9
48731,40.038494,-105.349012,475,10318.31
48731,40.038506,-105.349167,473,10304.9
48731,40.038508,-105.349083,474,10312.07
48731,40.038525,-105.353498,431,9513.76
48731,40.038531,-105.349853,469,10244.49
48731,40.038589,-105.34996,468,10233.32
48731,40.038749,-105.353492,430,9488.82
48731,40.038811,-105.350983,455,10099.46
48731,40.038837,-105.353517,429,9478.79
48731,40.038868,-105.350991,456,10105.84
48731,40.038905,-105.353572,428,9469.89
48731,40.038946,-105.353623,427,9463.59
48731,40.038956,-105.353647,426,9461.26
48731,40.038957,-105.350968,457,10115.94
48731,40.038984,-105.353716,425,9454.6
48731,40.038998,-105.350441,467,10172.05
48731,40.039032,-105.350932,458,10124.84
48731,40.039063,-105.350546,466,10160.55
48731,40.039063,-105.350894,459,10129.57
48731,40.039069,-105.35057,465,10158.39
48731,40.039069,-105.354022,424,9426.86
48731,40.039073,-105.350866,460,10132.2
48731,40.039094,-105.350682,464,10148.45
48731,40.039095,-105.350716,463,10145.55
48731,40.039095,-105.350745,462,10143.08
48731,40.039096,-105.350801,461,10138.31
48731,40.039131,-105.35434,423,9398.89
48731,40.039156,-105.354607,422,9375.97
48731,40.039161,-105.354962,421,9345.71
48731,40.039163,-105.35498,420,9344.16
48731,40.039183,-105.355136,419,9330.68
48731,40.039243,-105.35533,418,9312.84
48731,40.039374,-105.355617,417,9284.37
48731,40.039413,-105.355738,416,9273.18
48731,40.039421,-105.355764,415,9270.79
48731,40.03945,-105.355962,414,9253.61
48731,40.039484,-105.356322,413,9222.7
48731,40.039563,-105.35683,412,9178.52
48731,40.039584,-105.357072,411,9157.76
48731,40.039586,-105.357092,410,9156.04
48731,40.039601,-105.357235,409,9143.74
48731,40.039614,-105.357322,408,9136.18
48731,40.039627,-105.357492,407,9121.62
48731,40.039672,-105.35807,406,9072.11
48731,40.039688,-105.358185,405,9062.15
48731,40.039715,-105.358284,404,9053.19
48731,40.039806,-105.358459,403,9035.16
48731,40.039871,-105.358522,402,9026.15
48731,40.040035,-105.358597,401,9006.81
48731,40.040203,-105.358643,400,8987.7
48731,40.040222,-105.359711,388,8873.9
48731,40.040231,-105.359832,387,8863.54
48731,40.040268,-105.35952,389,8890.97
48731,40.040274,-105.360069,386,8842.78
48731,40.04029,-105.358673,399,8977.68
48731,40.040301,-105.360192,385,8831.88
48731,40.040304,-105.360214,384,8829.97
48731,40.040325,-105.360382,383,8815.47
48731,40.040358,-105.36072,382,8786.43
48731,40.040363,-105.358722,398,8968.55
48731,40.040367,-105.359268,390,8915.11
48731,40.040393,-105.360868,381,8773.23
48731,40.040407,-105.35919,391,8923.11
48731,40.040422,-105.358811,397,8958.51
48731,40.040454,-105.35909,392,8933.11
48731,40.040456,-105.358906,396,8949.58
48731,40.040469,-105.359045,393,8937.29
48731,40.040469,-105.361027,380,8757.25
48731,40.040471,-105.359018,394,8939.6
48731,40.040474,-105.35896,395,8944.56
48731,40.040574,-105.361182,379,8739.61
48731,40.040714,-105.361314,378,8720.39
48731,40.040714,-105.363401,367,8525.37
48731,40.04074,-105.363553,366,8512.09
48731,40.040743,-105.363015,368,8558.42
48731,40.040749,-105.363582,365,8509.42
48731,40.040769,-105.363644,364,8503.69
48731,40.040792,-105.362821,369,8575.83
48731,40.040812,-105.363732,363,8494.79
48731,40.040834,-105.361474,377,8701.3
48731,40.040941,-105.361685,376,8679.73
48731,40.040944,-105.362395,370,8615.89
48731,40.040971,-105.362312,371,8623.57
48731,40.041007,-105.362201,372,8633.84
48731,40.04101,-105.361908,375,8659.23
48731,40.041022,-105.362128,373,8640.29
48731,40.041026,-105.362005,374,8650.78
48731,40.041076,-105.363971,362,8459.04
48731,40.041498,-105.364378,361,8400.64
48731,40.041692,-105.364582,360,8372.92
48731,40.041845,-105.364686,359,8353.72
48731,40.041853,-105.364691,355,8333.34
48731,40.041862,-105.364697,354,8332.21
48731,40.041862,-105.364697,356,8334.46
48731,40.041862,-105.364697,358,8351.61
48731,40.041939,-105.364696,357,8343.03
48731,40.041984,-105.364696,353,8318.63
48731,40.042005,-105.364696,352,8316.29
48731,40.042168,-105.364655,351,8297.81
48731,40.042309,-105.364586,350,8281.05
48731,40.042809,-105.364304,349,8220.43
48731,40.043152,-105.364143,348,8179.85
48731,40.043419,-105.364037,347,8148.79
48731,40.043655,-105.363953,346,8121.56
48731,40.043854,-105.363914,345,8099.16
48731,40.043983,-105.363907,344,8084.79
48731,40.044113,-105.363907,343,8070.31
48731,40.044228,-105.36393,342,8057.36
48731,40.044384,-105.363976,341,8039.56
48731,40.044525,-105.364052,340,8022.58
48731,40.04464,-105.364136,339,8007.91
48731,40.0448,-105.364273,338,7986.62
48731,40.045071,-105.36451,337,7950.31
48731,40.045349,-105.364746,336,7913.41
48731,40.045456,-105.364861,335,7897.98
48731,40.045464,-105.36618,322,7775.37
48731,40.045467,-105.366104,323,7781.86
48731,40.045467,-105.366249,321,7769.48
48731,40.045475,-105.366295,320,7765.46
48731,40.045483,-105.366035,324,7788
48731,40.045506,-105.365952,325,7795.52
48731,40.045517,-105.366417,319,7754.06
48731,40.045525,-105.364952,334,7887.07
48731,40.045567,-105.365028,333,7879.08
48731,40.045578,-105.366547,318,7741.07
48731,40.045593,-105.365715,326,7817.92
48731,40.045601,-105.365112,332,7870.98
48731,40.045628,-105.365189,331,7863.76
48731,40.045628,-105.365593,327,7829.03
48731,40.045639,-105.36528,330,7855.91
48731,40.045643,-105.365486,328,7838.3
48731,40.045647,-105.365372,329,7848.02
48731,40.0457,-105.366776,317,7717.29
48731,40.045742,-105.366867,316,7708.24
48731,40.045773,-105.366951,315,7700.29
48731,40.045815,-105.367088,314,7687.72
48731,40.045856,-105.367241,313,7673.9
48731,40.045883,-105.367355,312,7663.73
48731,40.045921,-105.36747,311,7653.06
48731,40.045963,-105.367538,310,7645.61
48731,40.046024,-105.367577,309,7638.05
48731,40.046078,-105.367599,308,7631.76
48731,40.046131,-105.367599,307,7625.86
48731,40.046219,-105.367584,306,7615.98
48731,40.046322,-105.367554,305,7604.23
48731,40.046772,-105.36734,304,7550.92
48731,40.046993,-105.367271,303,7525.62
48731,40.047165,-105.367264,302,7506.47
48731,40.047295,-105.367287,301,7491.87
48731,40.047405,-105.367348,300,7478.56
48731,40.047508,-105.367447,299,7464.33
48731,40.047634,-105.367638,298,7442.84
48731,40.047745,-105.367798,297,7424.44
48731,40.047791,-105.367859,296,7417.14
48731,40.04784,-105.367928,295,7409.12
48731,40.047932,-105.367989,294,7397.64
48731,40.048035,-105.368034,293,7385.55
48731,40.048168,-105.368027,292,7370.73
48731,40.049316,-105.367821,291,7241.74
48731,40.04966,-105.36779,290,7203.35
48731,40.049881,-105.36953,282,7020.07
48731,40.049896,-105.369301,283,7039.65
48731,40.049946,-105.369743,281,7000.53
48731,40.049961,-105.369072,284,7060.46
48731,40.049995,-105.36795,289,7163.64
48731,40.049995,-105.369835,280,6990.98
48731,40.050045,-105.368866,285,7080.35
48731,40.050087,-105.368134,288,7144.92
48731,40.05011,-105.368645,286,7100.53
48731,40.050137,-105.368439,287,7118.34
48731,40.050144,-105.369942,279,6972.05
48731,40.050232,-105.369965,278,6962.06
48731,40.050381,-105.37204,266,6708.82
48731,40.050407,-105.371933,267,6718.39
48731,40.050465,-105.371826,268,6729.56
48731,40.050468,-105.372314,265,6683.54
48731,40.050495,-105.369995,277,6932.67
48731,40.050507,-105.372421,264,6673.45
48731,40.05061,-105.372452,263,6661.68
48731,40.050648,-105.404892,66,1925.84
48731,40.050648,-105.405083,65,1909.56
48731,40.050663,-105.37011,276,6911.56
48731,40.050667,-105.405182,64,1900.87
48731,40.050674,-105.374084,242,6374.34
48731,40.050678,-105.371567,269,6761.95
48731,40.050694,-105.404694,67,1943.47
48731,40.050705,-105.373917,243,6388.98
48731,40.050709,-105.372391,262,6649.49
48731,40.050713,-105.374329,241,6353.02
48731,40.050751,-105.404488,68,1962.14
48731,40.05077,-105.404381,69,1971.5
48731,40.050777,-105.374474,240,6338.76
48731,40.050793,-105.373695,244,6410.29
48731,40.050804,-105.372353,261,6638.43
48731,40.050804,-105.404068,70,1998.43
48731,40.050804,-105.405426,63,1875.08
48731,40.050808,-105.370247,275,6891.64
48731,40.050816,-105.403786,71,2022.5
48731,40.050827,-105.371376,270,6785.19
48731,40.050827,-105.403526,72,2044.69
48731,40.050877,-105.374596,239,6323.52
48731,40.050892,-105.403366,73,2060.13
48731,40.050896,-105.373589,245,6424.88
48731,40.050919,-105.37233,260,6625.48
48731,40.050922,-105.371162,271,6806.27
48731,40.050949,-105.370476,274,6866.59
48731,40.050953,-105.405586,62,1853.61
48731,40.050957,-105.373566,246,6431.95
48731,40.050983,-105.370926,272,6827.5
48731,40.050995,-105.370689,273,6847.74
48731,40.051029,-105.403259,74,2077.89
48731,40.051044,-105.372353,259,6611.43
48731,40.05109,-105.37352,247,6447.27
48731,40.051121,-105.405685,61,1833.09
48731,40.05117,-105.403175,75,2095.15
48731,40.051189,-105.374771,238,6285.73
48731,40.051224,-105.373466,248,6462.88
48731,40.05125,-105.372414,258,6587.92
48731,40.051281,-105.373428,249,6470
48731,40.051308,-105.403069,76,2112.97
48731,40.051311,-105.374878,237,6269.37
48731,40.051331,-105.373375,250,6477.17
48731,40.05138,-105.372437,257,6573.31
48731,40.051407,-105.37326,251,6490.12
48731,40.051418,-105.375008,236,6253.1
48731,40.051426,-105.402939,77,2130.15
48731,40.051434,-105.373184,252,6497.25
48731,40.051479,-105.37249,256,6561.4
48731,40.051506,-105.372932,253,6520.18
48731,40.051517,-105.375168,235,6235.57
48731,40.051525,-105.402779,78,2147.68
48731,40.051556,-105.372627,255,6546.92
48731,40.051556,-105.372696,254,6541.04
48731,40.051636,-105.405825,60,1774.54
48731,40.051661,-105.405833,59,1771.67
48731,40.051708,-105.375511,234,6199.43
48731,40.051739,-105.402473,79,2183
48731,40.051765,-105.375595,233,6189.86
48731,40.051842,-105.402328,80,2199.85
48731,40.052059,-105.402069,81,2232.57
48731,40.052086,-105.375969,232,6141.98
48731,40.052174,-105.40197,82,2247.91
48731,40.052327,-105.406267,58,1688.82
48731,40.052353,-105.37619,231,6106.8
48731,40.052505,-105.401733,83,2289.92
48731,40.052528,-105.376373,230,6081.84
48731,40.052544,-105.406372,57,1663.06
48731,40.052631,-105.401604,84,2307.74
48731,40.052685,-105.401527,85,2316.64
48731,40.052823,-105.376699,229,6038.83
48731,40.05283,-105.406441,56,1630.68
48731,40.052925,-105.401161,86,2357.71
48731,40.053005,-105.406494,55,1610.69
48731,40.053031,-105.376915,228,6009.25
48731,40.053072,-105.376957,227,6003.45
48731,40.053211,-105.406502,54,1587.75
48731,40.053238,-105.400726,87,2408.58
48731,40.053379,-105.377129,226,5966.27
48731,40.05341,-105.406502,53,1565.59
48731,40.053455,-105.400635,88,2433.95
48731,40.053608,-105.400604,89,2451.19
48731,40.053638,-105.377243,225,5935.84
48731,40.053722,-105.406448,52,1530.56
48731,40.05381,-105.377403,224,5912.34
48731,40.053905,-105.400626,90,2484.3
48731,40.053967,-105.377663,223,5884.12
48731,40.054028,-105.377869,222,5865.3
48731,40.054035,-105.377953,221,5858.1
48731,40.054058,-105.37822,220,5835.21
48731,40.05407,-105.378517,219,5809.87
48731,40.054096,-105.378922,218,5775.23
48731,40.054164,-105.400617,91,2513.14
48731,40.054169,-105.406357,51,1480.2
48731,40.054211,-105.406349,50,1475.47
48731,40.054279,-105.379227,217,5742.21
48731,40.054293,-105.379251,216,5739.64
48731,40.054316,-105.400498,92,2532.87
48731,40.054417,-105.400274,93,2555.02
48731,40.054484,-105.399994,94,2580.02
48731,40.054538,-105.379359,215,5710.86
48731,40.054634,-105.381271,205,5506.69
48731,40.054649,-105.380913,206,5537.24
48731,40.054653,-105.382118,204,5434.49
48731,40.054688,-105.399307,95,2642.81
48731,40.054726,-105.382706,203,5383.73
48731,40.054729,-105.379402,214,5689.28
48731,40.054745,-105.380592,207,5566.6
48731,40.054794,-105.399048,96,2667.83
48731,40.054806,-105.390556,174,4584.8
48731,40.054821,-105.390457,175,4593.4
48731,40.054832,-105.379456,213,5676.93
48731,40.05484,-105.390289,176,4607.87
48731,40.054844,-105.398987,97,2675.45
48731,40.054859,-105.383102,202,5346.88
48731,40.054901,-105.379524,212,5667.31
48731,40.054901,-105.390808,173,4560.87
48731,40.054916,-105.379547,211,5664.73
48731,40.054916,-105.380241,208,5602.06
48731,40.054916,-105.390144,177,4622.85
48731,40.054958,-105.398865,98,2691.85
48731,40.05497,-105.383408,201,5318.03
48731,40.054989,-105.38002,209,5622.57
48731,40.054993,-105.379768,210,5644.04
48731,40.055046,-105.389954,178,4644.56
48731,40.055077,-105.383713,200,5289.44
48731,40.05508,-105.406387,49,1378.68
48731,40.055141,-105.389816,179,4660.38
48731,40.055199,-105.383919,199,5267.25
48731,40.055205,-105.391123,172,4517.68
48731,40.055267,-105.386086,194,5067.31
48731,40.05529,-105.38958,180,4686.44
48731,40.055294,-105.385811,195,5090.93
48731,40.055359,-105.38652,193,5028.94
48731,40.055367,-105.385445,196,5123.16
48731,40.055402,-105.391296,171,4491.25
48731,40.055435,-105.389343,181,4712.3
48731,40.05545,-105.384209,198,5229.95
48731,40.055458,-105.386703,192,5009.84
48731,40.055462,-105.406464,48,1335.65
48731,40.055485,-105.384659,197,5191.41
48731,40.055489,-105.386742,191,5005.05
48731,40.055573,-105.389091,182,4738.7
48731,40.055592,-105.386871,190,4989.17
48731,40.055599,-105.398544,99,2768.27
48731,40.055743,-105.391475,170,4450.34
48731,40.055763,-105.386971,189,4968.31
48731,40.055798,-105.391503,169,4443.77
48731,40.055798,-105.406555,47,1297.46
48731,40.055898,-105.391552,168,4431.88
48731,40.055908,-105.391557,167,4430.69
48731,40.056,-105.388153,183,4831.69
48731,40.056065,-105.391655,166,4411.32
48731,40.05608,-105.3871,188,4931.35
48731,40.056095,-105.398338,100,2826.21
48731,40.05611,-105.387863,184,4859.27
48731,40.056122,-105.406639,46,1260.68
48731,40.056152,-105.387154,187,4922.11
48731,40.05619,-105.387421,185,4897.96
48731,40.056194,-105.387238,186,4913.56
48731,40.056358,-105.398293,101,2855.73
48731,40.056496,-105.391975,165,4356.14
48731,40.056557,-105.392029,164,4347.93
48731,40.05661,-105.406845,45,1203.6
48731,40.056713,-105.3983,102,2895.26
48731,40.056774,-105.392235,163,4318.07
48731,40.056801,-105.394188,155,4140.65
48731,40.056801,-105.394363,154,4125.74
48731,40.056835,-105.39444,153,4118.17
48731,40.056877,-105.394012,156,4157.87
48731,40.056896,-105.392456,162,4294.86
48731,40.056896,-105.393951,157,4163.48
48731,40.056904,-105.406998,44,1168.37
48731,40.056961,-105.393784,158,4179.45
48731,40.056999,-105.392937,161,4252.3
48731,40.056999,-105.394615,152,4094.6
48731,40.057007,-105.393494,159,4204.68
48731,40.057018,-105.393127,160,4235.97
48731,40.057125,-105.398331,103,2941.2
48731,40.057129,-105.394722,151,4077.49
48731,40.057201,-105.394737,150,4069.38
48731,40.057224,-105.398346,104,2952.29
48731,40.057274,-105.39476,149,4061.02
48731,40.057331,-105.407181,43,1118.34
48731,40.057354,-105.394722,148,4051.54
48731,40.057438,-105.398338,105,2976.12
48731,40.057449,-105.394592,147,4036.23
48731,40.057522,-105.393539,143,3945.14
48731,40.057522,-105.39431,146,4010.86
48731,40.057529,-105.393478,142,3939.89
48731,40.057529,-105.393898,144,3975.74
48731,40.057529,-105.394112,145,3993.97
48731,40.057564,-105.398285,106,2990.86
48731,40.057571,-105.393364,141,3929.11
48731,40.05764,-105.393318,140,3920.48
48731,40.057671,-105.407333,42,1078.34
48731,40.057705,-105.393341,139,3912.99
48731,40.057735,-105.393387,138,3907.84
48731,40.057785,-105.398087,107,3020.69
48731,40.057888,-105.393806,137,3868.28
48731,40.057938,-105.393959,136,3854.11
48731,40.057941,-105.40741,41,1047.57
48731,40.057964,-105.397934,108,3044.5
48731,40.057968,-105.39431,135,3824.02
48731,40.057972,-105.394485,134,3809.1
48731,40.058079,-105.394859,133,3775.08
48731,40.058128,-105.407471,40,1026.12
48731,40.058163,-105.397881,109,3067.11
48731,40.058208,-105.395134,132,3747.6
48731,40.058331,-105.397964,110,3087.1
48731,40.058407,-105.394615,123,3545.69
48731,40.058426,-105.394753,124,3557.64
48731,40.058456,-105.395699,131,3692.11
48731,40.058475,-105.39817,111,3110.87
48731,40.058495,-105.395775,130,3684.31
48731,40.058506,-105.407539,39,983.64
48731,40.05851,-105.39502,125,3582.23
48731,40.058517,-105.394485,122,3529.18
48731,40.058582,-105.395882,129,3671.01
48731,40.058586,-105.3983,112,3127.47
48731,40.058651,-105.394669,121,3507.54
48731,40.058655,-105.395424,126,3620.25
48731,40.058674,-105.395874,128,3660.74
48731,40.058723,-105.395683,127,3643.58
48731,40.058735,-105.398354,113,3144.68
48731,40.058754,-105.398354,114,3146.79
48731,40.0588,-105.40757,38,950.81
48731,40.058891,-105.398308,115,3162.54
48731,40.058949,-105.395325,120,3442.54
48731,40.059086,-105.40757,37,918.97
48731,40.05909,-105.39817,116,3187.62
48731,40.059189,-105.396629,117,3319.38
48731,40.05925,-105.395988,119,3376.86
48731,40.059299,-105.39624,118,3354.71
48731,40.059502,-105.407501,36,872.29
48731,40.059807,-105.407578,35,837.71
48731,40.060169,-105.407768,34,794.28
48731,40.060364,-105.407829,33,771.96
48731,40.060562,-105.407822,32,749.91
48731,40.060654,-105.407806,31,739.58
48731,40.060715,-105.407799,30,732.76
48731,40.060822,-105.407799,29,720.85
48731,40.061001,-105.407814,28,700.89
48731,40.061192,-105.407906,27,678.23
48731,40.061398,-105.407997,26,654.02
48731,40.06163,-105.408005,25,628.18
48731,40.061882,-105.408005,24,600.13
48731,40.062111,-105.407944,23,574.11
48731,40.062332,-105.40789,22,549.09
48731,40.062504,-105.40789,21,529.94
48731,40.062618,-105.407913,20,517.1
48731,40.062752,-105.407982,19,501.06
48731,40.062797,-105.412843,3,20.7
48731,40.06282,-105.408005,18,493.25
48731,40.06289,-105.412386,4,60.98
48731,40.062902,-105.412328,5,66.1
48731,40.062902,-105.412818,2,8.81
48731,40.062981,-105.412811,1,0
48731,40.063068,-105.408088,17,464.75
48731,40.06307,-105.411788,6,115.76
48731,40.063171,-105.411456,7,146.2
48731,40.06322,-105.411171,8,171.09
48731,40.06324,-105.411061,9,180.72
48731,40.063278,-105.410805,10,202.94
48731,40.063309,-105.410355,11,241.43
48731,40.063313,-105.41021,12,253.79
48731,40.063328,-105.409607,13,305.19
48731,40.063354,-105.409134,14,345.6
48731,40.063374,-105.408737,15,379.49
48731,40.0634,-105.408181,16,426.95
48732,40.011486,-105.30809,169,3211.84
48732,40.011497,-105.307922,168,3197.47
48732,40.011497,-105.308334,170,3232.68
48732,40.011539,-105.308533,171,3250.28
48732,40.011547,-105.307709,167,3178.47
48732,40.011578,-105.307617,166,3169.9
48732,40.011604,-105.308716,172,3267.48
48732,40.011673,-105.308853,173,3281.46
48732,40.01178,-105.30899,174,3298.14
48732,40.011894,-105.306892,165,3098.78
48732,40.011902,-105.309113,175,3315.3
48732,40.011982,-105.303261,156,2781.63
48732,40.011986,-105.303093,155,2767.3
48732,40.01199,-105.303421,157,2795.3
48732,40.011997,-105.303612,158,2811.6
48732,40.012005,-105.309196,176,3328.78
48732,40.012012,-105.302948,154,2754.6
48732,40.012028,-105.306541,164,3065.34
48732,40.012062,-105.302742,153,2736.17
48732,40.012093,-105.306358,163,3048.14
48732,40.012138,-105.30616,162,3030.53
48732,40.012142,-105.302528,152,2715.87
48732,40.012173,-105.305931,161,3010.62
48732,40.012173,-105.309303,177,3349.58
48732,40.01218,-105.305557,159,2978.68
48732,40.012184,-105.305763,160,2996.25
48732,40.012253,-105.302353,151,2696.5
48732,40.012299,-105.302292,150,2689.2
48732,40.012337,-105.302254,149,2683.87
48732,40.01239,-105.302193,148,2676.01
48732,40.012512,-105.302094,147,2660.02
48732,40.012634,-105.316124,203,4233.68
48732,40.012638,-105.302017,146,2644.53
48732,40.012638,-105.316292,204,4248.01
48732,40.012657,-105.31646,205,4262.49
48732,40.012661,-105.309509,178,3406.68
48732,40.012665,-105.315872,202,4211.92
48732,40.012691,-105.316628,206,4277.31
48732,40.012707,-105.315704,201,4196.86
48732,40.01276,-105.315552,200,4182.62
48732,40.012814,-105.309593,179,3425.15
48732,40.012844,-105.315399,199,4166.57
48732,40.012905,-105.30191,145,2613.44
48732,40.012959,-105.3097,180,3443.69
48732,40.012959,-105.315247,198,4148.35
48732,40.013096,-105.309822,181,3462.15
48732,40.013222,-105.309967,182,3480.85
48732,40.013287,-105.310051,183,3491.03
48732,40.013313,-105.31855,207,4455.21
48732,40.013378,-105.301781,144,2559.65
48732,40.013393,-105.297363,112,2121.32
48732,40.013401,-105.297554,113,2137.63
48732,40.013405,-105.314751,197,4083.13
48732,40.013405,-105.318733,208,4473.87
48732,40.013409,-105.297127,111,2101.12
48732,40.013409,-105.297699,114,2150.02
48732,40.013416,-105.301773,143,2555.36
48732,40.01342,-105.296921,110,2083.51
48732,40.01342,-105.29789,115,2166.35
48732,40.013439,-105.298073,116,2182.1
48732,40.013447,-105.296722,109,2066.28
48732,40.013447,-105.310272,184,3516.96
48732,40.013466,-105.298256,117,2197.98
48732,40.013485,-105.296532,108,2049.54
48732,40.013496,-105.318878,209,4489.85
48732,40.0135,-105.298439,118,2214.04
48732,40.0135,-105.301735,142,2545.47
48732,40.013535,-105.298592,119,2227.65
48732,40.013546,-105.296303,107,2028.87
48732,40.01358,-105.298767,120,2243.39
48732,40.013592,-105.301697,141,2534.73
48732,40.013599,-105.319,210,4505.33
48732,40.013645,-105.29599,106,1999.99
48732,40.013649,-105.298973,121,2262.56
48732,40.013672,-105.301659,140,2525.25
48732,40.013695,-105.299095,122,2274.16
48732,40.013702,-105.314514,196,4044.39
48732,40.013721,-105.319115,211,4522.08
48732,40.013737,-105.301605,139,2516.67
48732,40.013748,-105.29557,105,1962.39
48732,40.013786,-105.299332,123,2296.76
48732,40.013794,-105.301552,138,2508.88
48732,40.013866,-105.301483,137,2498.94
48732,40.013866,-105.31443,195,4024.77
48732,40.013886,-105.294812,104,1895.97
48732,40.013927,-105.29969,124,2331.08
48732,40.013927,-105.319252,212,4547.82
48732,40.013947,-105.301384,136,2486.59
48732,40.014008,-105.301292,135,2476.21
48732,40.014038,-105.299965,125,2357.58
48732,40.014044,-105.294873,103,1877.63
48732,40.014057,-105.30117,134,2464.47
48732,40.01408,-105.300102,126,2370.17
48732,40.014103,-105.301048,133,2452.88
48732,40.014118,-105.300262,127,2384.45
48732,40.014132,-105.294906,102,1867.43
48732,40.014137,-105.300934,132,2442.45
48732,40.014145,-105.300407,128,2397.17
48732,40.014156,-105.300552,129,2409.59
48732,40.014156,-105.300812,131,2431.83
48732,40.014164,-105.30069,130,2421.39
48732,40.014183,-105.319412,213,4579.41
48732,40.014185,-105.294926,101,1861.29
48732,40.014244,-105.294928,100,1854.72
48732,40.014305,-105.294911,99,1847.78
48732,40.014374,-105.294878,98,1839.6
48732,40.014427,-105.31424,194,3960.26
48732,40.014439,-105.294822,97,1830.93
48732,40.014458,-105.319626,214,4615.05
48732,40.014538,-105.321869,226,4826.54
48732,40.014549,-105.322014,227,4838.96
48732,40.014553,-105.319725,215,4628.58
48732,40.014557,-105.321709,225,4812.74
48732,40.014576,-105.322166,228,4852.27
48732,40.014584,-105.294656,96,1809.46
48732,40.014603,-105.321487,224,4793.13
48732,40.014629,-105.322372,229,4870.79
48732,40.014633,-105.319847,216,4642.27
48732,40.014641,-105.314148,193,3935.18
48732,40.014698,-105.322563,230,4888.8
48732,40.014706,-105.321144,223,4761.72
48732,40.014713,-105.320007,217,4658.56
48732,40.014765,-105.290141,57,1289.85
48732,40.014771,-105.320137,218,4671.39
48732,40.014801,-105.314018,192,3914.2
48732,40.014805,-105.312202,185,3740.41
48732,40.014805,-105.320816,222,4731.66
48732,40.014806,-105.294378,95,1775.22
48732,40.014824,-105.322868,231,4918.34
48732,40.014828,-105.320328,219,4688.87
48732,40.014843,-105.320526,220,4705.83
48732,40.014851,-105.284782,36,820.9
48732,40.014851,-105.320679,221,4718.91
48732,40.014854,-105.284561,35,802.06
48732,40.014854,-105.285011,37,840.43
48732,40.01486,-105.28967,56,1248.32
48732,40.014874,-105.285202,38,856.86
48732,40.014881,-105.284309,34,780.36
48732,40.014883,-105.294282,94,1763.37
48732,40.014889,-105.312355,186,3756.46
48732,40.014908,-105.285416,39,875.5
48732,40.014919,-105.313881,191,3896.62
48732,40.014923,-105.294232,93,1757.21
48732,40.014935,-105.284042,33,756.82
48732,40.014969,-105.294118,92,1746.22
48732,40.01498,-105.285744,40,904.59
48732,40.01499,-105.29407,91,1741.51
48732,40.015015,-105.312614,187,3782.62
48732,40.015034,-105.288834,55,1174.46
48732,40.015045,-105.288788,54,1170.35
48732,40.015049,-105.323341,232,4965.82
48732,40.01505,-105.293985,90,1731.65
48732,40.015053,-105.313576,190,3866.64
48732,40.015062,-105.293736,87,1709.53
48732,40.015068,-105.283409,32,700.86
48732,40.015071,-105.29383,88,1717.61
48732,40.015078,-105.293917,89,1725.07
48732,40.015099,-105.312958,188,3813.4
48732,40.015102,-105.283241,31,686.04
48732,40.015102,-105.313263,189,3839.41
48732,40.015125,-105.283119,30,675.33
48732,40.015125,-105.323524,233,4983.56
48732,40.015129,-105.293401,86,1680.02
48732,40.015133,-105.283081,29,671.97
48732,40.015141,-105.286491,41,970.75
48732,40.015157,-105.293261,85,1667.68
48732,40.015163,-105.288216,53,1119.85
48732,40.015182,-105.286705,42,989.56
48732,40.015182,-105.288124,52,1111.72
48732,40.015182,-105.323662,234,4996.93
48732,40.015194,-105.288063,51,1106.35
48732,40.015202,-105.288017,50,1102.33
48732,40.015209,-105.286888,43,1005.44
48732,40.015217,-105.28791,49,1093.06
48732,40.015228,-105.287819,48,1085.2
48732,40.015234,-105.290322,58,1344.29
48732,40.015236,-105.287163,44,1029.08
48732,40.015242,-105.292829,84,1629.65
48732,40.015244,-105.287651,47,1070.77
48732,40.015247,-105.287537,46,1061.05
48732,40.015251,-105.287399,45,1049.27
48732,40.015259,-105.323891,235,5018.25
48732,40.01527,-105.282433,28,614.66
48732,40.015282,-105.292624,83,1611.62
48732,40.015292,-105.292575,82,1607.29
48732,40.015318,-105.292448,81,1596.09
48732,40.015343,-105.32428,236,5052.71
48732,40.015347,-105.282066,27,582.22
48732,40.015356,-105.292255,80,1579.1
48732,40.015367,-105.292199,79,1574.17
48732,40.015373,-105.281944,26,571.42
48732,40.01539,-105.292085,78,1564.12
48732,40.01543,-105.281677,25,547.79
48732,40.015473,-105.291666,77,1527.22
48732,40.015503,-105.324295,237,5070.57
48732,40.015511,-105.281273,24,512.18
48732,40.015518,-105.276382,1,0
48732,40.015545,-105.27639,2,3.08
48732,40.015545,-105.291499,76,1510.88
48732,40.015555,-105.291475,75,1508.55
48732,40.015573,-105.291388,74,1500.87
48732,40.015583,-105.32431,238,5079.57
48732,40.015608,-105.290455,59,1387.44
48732,40.01561,-105.280785,23,469.14
48732,40.015614,-105.276413,3,11.01
48732,40.01563,-105.290464,60,1390
48732,40.015642,-105.290432,61,1393.04
48732,40.015644,-105.280617,22,454.33
48732,40.015661,-105.290405,62,1396.17
48732,40.015667,-105.280502,21,444.2
48732,40.015683,-105.290388,63,1399.01
48732,40.015708,-105.290379,64,1401.9
48732,40.015714,-105.290689,73,1439.24
48732,40.015734,-105.290381,65,1404.8
48732,40.015739,-105.32444,239,5100.17
48732,40.01574,-105.290615,72,1432.3
48732,40.015759,-105.276466,4,27.77
48732,40.015759,-105.290391,66,1407.71
48732,40.015771,-105.290596,71,1428.49
48732,40.01578,-105.290411,67,1410.6
48732,40.015794,-105.290565,70,1424.81
48732,40.015797,-105.290437,68,1413.52
48732,40.015807,-105.290525,69,1421.1
48732,40.0159,-105.279434,20,349.52
48732,40.01593,-105.279297,19,337.37
48732,40.015957,-105.279167,18,325.89
48732,40.015961,-105.279137,17,323.29
48732,40.01598,-105.276543,5,53.23
48732,40.016029,-105.324608,240,5135.48
48732,40.016079,-105.278557,16,272.13
48732,40.016148,-105.276596,6,72.47
48732,40.016163,-105.278122,15,233.88
48732,40.01619,-105.277992,14,222.4
48732,40.016212,-105.277878,13,212.38
48732,40.01622,-105.27784,12,209.02
48732,40.01622,-105.324692,241,5157.92
48732,40.016281,-105.276642,7,87.79
48732,40.016304,-105.276649,8,90.42
48732,40.016354,-105.276665,9,96.15
48732,40.01643,-105.276825,11,119.38
48732,40.016434,-105.32476,242,5182.44
48732,40.016457,-105.276695,10,107.9
48732,40.016708,-105.324821,243,5213.38
48732,40.016869,-105.324844,244,5231.41
48732,40.017296,-105.324989,245,5280.52
48732,40.017452,-105.325073,246,5299.31
48732,40.017746,-105.325333,247,5338.84
48732,40.017994,-105.325569,248,5373
48732,40.018284,-105.32579,249,5410.37
48732,40.018356,-105.325844,250,5419.62
48732,40.018749,-105.326042,251,5466.51
48732,40.018948,-105.326157,252,5490.73
48732,40.019508,-105.326393,253,5556.24
48732,40.019665,-105.326424,254,5573.92
48732,40.019802,-105.326477,255,5589.82
48732,40.019936,-105.326553,256,5606.08
48732,40.020412,-105.326874,257,5665.72
48732,40.020504,-105.326958,258,5678.22
48732,40.020603,-105.327103,259,5694.78
48732,40.020809,-105.327423,260,5730.42
48732,40.020981,-105.32756,261,5752.85
48732,40.02116,-105.327667,262,5774.76
48732,40.021393,-105.327774,263,5802.25
48732,40.021774,-105.327881,264,5845.64
48732,40.021988,-105.327927,265,5869.78
48732,40.022141,-105.327988,266,5887.59
48732,40.02235,-105.32811,267,5913.07
48732,40.022606,-105.328316,268,5946.55
48732,40.022713,-105.328438,269,5962.36
48732,40.022915,-105.328758,270,5997.71
48732,40.023018,-105.328896,271,6014.14
48732,40.023117,-105.328979,272,6027.24
48732,40.023159,-105.32901,273,6032.61
48732,40.023315,-105.329094,274,6051.39
48732,40.023506,-105.329163,275,6073.45
48732,40.023663,-105.329185,276,6091.03
48732,40.023743,-105.329185,277,6099.93
48732,40.024094,-105.329247,278,6139.36
48732,40.024261,-105.32933,279,6159.25
48732,40.024338,-105.329376,280,6168.68
48732,40.024521,-105.329514,281,6192.2
48732,40.024662,-105.329659,282,6212.18
48732,40.024704,-105.329712,283,6218.68
48732,40.024765,-105.329849,284,6232.19
48732,40.02478,-105.329887,285,6235.84
48732,40.024799,-105.329956,286,6242.09
48732,40.02483,-105.330078,287,6253.05
48732,40.024891,-105.330505,288,6290.07
48732,40.02496,-105.330711,289,6309.24
48732,40.025002,-105.332848,299,6507.63
48732,40.025009,-105.33271,298,6495.84
48732,40.025017,-105.332954,300,6516.82
48732,40.025036,-105.332611,297,6486.89
48732,40.025066,-105.333076,301,6528.57
48732,40.02507,-105.335197,313,6731.5
48732,40.02507,-105.335281,314,6738.66
48732,40.025078,-105.335136,312,6726.22
48732,40.025082,-105.335342,315,6744.03
48732,40.025097,-105.335419,316,6750.8
48732,40.025108,-105.335045,311,6717.78
48732,40.02512,-105.332451,296,6470.35
48732,40.025135,-105.335518,317,6760.24
48732,40.025146,-105.33493,310,6707.1
48732,40.025211,-105.331322,290,6368.35
48732,40.02523,-105.332184,295,6444.5
48732,40.025234,-105.33342,302,6563.35
48732,40.025265,-105.331497,291,6384.43
48732,40.025276,-105.332024,294,6429.94
48732,40.025288,-105.333557,303,6576.48
48732,40.025291,-105.335815,318,6790.94
48732,40.025295,-105.331688,292,6401.05
48732,40.025299,-105.331863,293,6415.97
48732,40.02536,-105.333794,304,6598.22
48732,40.025375,-105.334579,309,6667.79
48732,40.025406,-105.334503,308,6660.45
48732,40.025425,-105.334419,307,6652.98
48732,40.025436,-105.334122,305,6627.43
48732,40.025436,-105.33609,319,6819.4
48732,40.025444,-105.334297,306,6642.37
48732,40.025658,-105.336525,320,6863.96
48732,40.025875,-105.336945,321,6907.15
48732,40.025967,-105.337082,322,6922.69
48732,40.026028,-105.337151,323,6931.67
48732,40.026089,-105.337212,324,6940.22
48732,40.02615,-105.33725,325,6947.75
48732,40.026222,-105.337288,326,6956.39
48732,40.026352,-105.337349,327,6971.77
48732,40.026478,-105.337418,328,6986.98
48732,40.026539,-105.337456,329,6994.5
48732,40.026588,-105.337502,330,7001.22
48732,40.02663,-105.337547,331,7007.27
48732,40.026669,-105.337601,332,7013.59
48732,40.026711,-105.337669,333,7021.04
48732,40.026745,-105.337738,334,7028.04
48732,40.026768,-105.337814,335,7035
48732,40.026779,-105.337883,336,7041.01
48732,40.026798,-105.337997,337,7050.95
48732,40.026825,-105.338104,338,7060.56
48732,40.026855,-105.338196,339,7069.08
48732,40.02689,-105.338257,340,7075.58
48732,40.026928,-105.33831,341,7081.77
48732,40.026978,-105.338348,342,7088.21
48732,40.027035,-105.338371,343,7094.85
48732,40.027081,-105.338379,344,7100.02
48732,40.027122,-105.338387,345,7104.63
48732,40.027161,-105.338387,346,7108.97
48732,40.027237,-105.338371,347,7117.54
48732,40.027309,-105.338356,348,7125.66
48732,40.02739,-105.338333,349,7134.88
48732,40.027451,-105.33831,350,7141.95
48732,40.027523,-105.338287,351,7150.2
48732,40.027622,-105.338264,352,7161.4
48732,40.027725,-105.338264,353,7172.86
48732,40.02779,-105.338272,354,7180.13
48732,40.027863,-105.338295,355,7188.49
48732,40.027981,-105.338356,356,7202.62
48732,40.028038,-105.338394,357,7209.74
48732,40.028084,-105.338432,358,7215.8
48732,40.028145,-105.338509,359,7225.25
48732,40.028202,-105.338577,360,7233.84
48732,40.028252,-105.338699,361,7245.64
48732,40.02829,-105.338867,362,7260.57
48732,40.028316,-105.339066,363,7277.78
48732,40.028358,-105.339249,364,7294.06
48732,40.028404,-105.339355,365,7304.45
48732,40.028473,-105.339447,366,7315.42
48732,40.028599,-105.339554,367,7332.15
48732,40.028694,-105.339592,368,7343.21
48732,40.028797,-105.3396,369,7354.7
48732,40.029072,-105.339554,370,7385.56
48732,40.029171,-105.339554,371,7396.58
48732,40.029278,-105.339592,372,7408.93
48732,40.029369,-105.339668,373,7420.95
48732,40.02948,-105.339806,374,7438.01
48732,40.029598,-105.340012,375,7459.94
48732,40.029598,-105.341187,381,7565.44
48732,40.029606,-105.341042,380,7553.05
48732,40.029621,-105.34137,382,7581.25
48732,40.029659,-105.341499,383,7593.03
48732,40.029671,-105.340164,376,7475.23
48732,40.029709,-105.340637,379,7516.67
48732,40.02972,-105.340332,377,7490.56
48732,40.029724,-105.340485,378,7503.61
48732,40.029736,-105.34166,384,7609.21
48732,40.029835,-105.341805,385,7625.77
48732,40.029922,-105.341904,386,7638.61
48732,40.030155,-105.342079,387,7668.53
48732,40.030296,-105.34214,388,7685.07
48732,40.03043,-105.342155,389,7700.04
48732,40.030563,-105.342148,390,7714.86
48732,40.030632,-105.342125,391,7722.78
48732,40.030773,-105.341995,392,7742
48732,40.030903,-105.34185,393,7761.03
48732,40.031029,-105.34166,394,7782.45
48732,40.031368,-105.341164,395,7839.12
48732,40.031475,-105.341019,396,7856.29
48732,40.031582,-105.340851,397,7874.91
48732,40.031719,-105.340668,398,7896.73
48732,40.031788,-105.34053,399,7910.78
48732,40.031879,-105.340363,400,7928.25
48732,40.031956,-105.340195,401,7944.94
48732,40.032059,-105.340027,402,7963.28
48732,40.032166,-105.33992,403,7978.28
48732,40.032288,-105.339844,404,7993.33
48732,40.032604,-105.339806,405,8028.66
48732,40.032764,-105.339775,406,8046.66
48732,40.032765,-105.339776,407,8046.8
48732,40.032923,-105.339777,408,8064.39
48732,40.033018,-105.339777,409,8074.97
48732,40.033104,-105.339802,410,8084.77
48732,40.033184,-105.33985,411,8094.57
48732,40.033196,-105.340413,415,8144.7
48732,40.033208,-105.33987,412,8097.74
48732,40.03322,-105.340606,416,8161.36
48732,40.03323,-105.340069,414,8115.13
48732,40.033233,-105.339975,413,8107.12
48732,40.033274,-105.340789,417,8178.08
48732,40.033379,-105.340974,418,8197.71
48732,40.0335,-105.341132,419,8216.76
48732,40.03374,-105.341411,420,8252.52
48732,40.033894,-105.341616,421,8277
48732,40.034049,-105.341817,422,8301.32
48732,40.034252,-105.342021,423,8329.83
48732,40.034359,-105.342098,424,8343.43
48732,40.034569,-105.342192,425,8368.14
48732,40.034632,-105.342256,426,8377.03
48732,40.034664,-105.342323,427,8383.76
48732,40.034679,-105.342399,428,8390.45
48732,40.034687,-105.342915,429,8434.43
48732,40.034716,-105.343141,430,8453.97
48732,40.034774,-105.343358,431,8473.56
48732,40.034835,-105.343511,432,8488.26
48732,40.035093,-105.344701,440,8602.75
48732,40.035097,-105.343896,433,8532.16
48732,40.035106,-105.344505,439,8585.98
48732,40.035111,-105.344897,441,8619.58
48732,40.035121,-105.344422,438,8578.71
48732,40.035142,-105.344017,434,8543.63
48732,40.035146,-105.344281,437,8566.38
48732,40.03515,-105.344081,435,8549.15
48732,40.035153,-105.345087,442,8636.43
48732,40.035159,-105.344149,436,8555.03
48732,40.035238,-105.345311,443,8657.74
48732,40.035305,-105.345439,444,8670.95
48732,40.035418,-105.345586,445,8688.71
48732,40.035551,-105.3457,446,8706.42
48732,40.035624,-105.345743,447,8715.33
48732,40.035974,-105.345883,448,8756.08
48732,40.036128,-105.345893,449,8773.24
48732,40.036282,-105.345869,450,8790.51
48732,40.036633,-105.345749,451,8830.9
48732,40.036657,-105.351921,502,9804.99
48732,40.036657,-105.352064,503,9817.18
48732,40.036681,-105.352167,504,9826.35
48732,40.036709,-105.345761,452,8839.42
48732,40.036733,-105.352272,505,9837.01
48732,40.036772,-105.34662,457,8920.17
48732,40.036777,-105.34581,453,8848.07
48732,40.036783,-105.346753,458,8931.57
48732,40.036807,-105.352354,506,9847.81
48732,40.036824,-105.346875,459,8942.92
48732,40.036826,-105.345887,454,8856.6
48732,40.036843,-105.346083,456,8873.72
48732,40.036849,-105.345983,455,8865.17
48732,40.03685,-105.352383,507,9853.2
48732,40.036892,-105.346976,460,8954.39
48732,40.036917,-105.352415,508,9861.14
48732,40.037027,-105.347138,461,8974.8
48732,40.037065,-105.350752,501,9695.49
48732,40.037095,-105.347279,462,8989
48732,40.037125,-105.350631,500,9683.21
48732,40.037132,-105.347437,463,9003.08
48732,40.037133,-105.347595,464,9016.55
48732,40.037139,-105.348393,465,9084.56
48732,40.037166,-105.348503,466,9094.41
48732,40.037205,-105.350532,499,9670.94
48732,40.037209,-105.348604,467,9104.26
48732,40.037267,-105.348692,468,9114.15
48732,40.03728,-105.352587,509,9904.13
48732,40.037301,-105.35046,498,9658.61
48732,40.037336,-105.348765,469,9124.04
48732,40.037443,-105.348832,470,9137.25
48732,40.037464,-105.350397,497,9639.69
48732,40.037486,-105.352719,510,9929.67
48732,40.0375,-105.348851,471,9143.8
48732,40.037591,-105.350378,496,9625.46
48732,40.037736,-105.352961,511,9964.31
48732,40.037738,-105.35039,495,9609.07
48732,40.03787,-105.350446,494,9593.62
48732,40.03816,-105.350672,493,9556.02
48732,40.038246,-105.350713,492,9545.83
48732,40.038259,-105.353394,512,10033.24
48732,40.038319,-105.353437,513,10040.86
48732,40.038337,-105.348858,472,9236.97
48732,40.038391,-105.353469,514,10049.33
48732,40.03841,-105.348889,473,9245.52
48732,40.038455,-105.348934,474,9251.83
48732,40.03846,-105.34956,479,9307.32
48732,40.038464,-105.349385,478,9292.4
48732,40.038478,-105.349689,480,9318.5
48732,40.038497,-105.349018,475,9260.38
48732,40.038507,-105.349165,477,9273.05
48732,40.038508,-105.34908,476,9265.8
48732,40.038515,-105.353498,515,10063.35
48732,40.03853,-105.349851,481,9333.47
48732,40.038588,-105.349958,482,9344.64
48732,40.038734,-105.353489,516,10087.74
48732,40.03881,-105.350984,491,9478.93
48732,40.03882,-105.353506,517,10097.42
48732,40.038869,-105.350991,490,9472.34
48732,40.038888,-105.353551,518,10105.91
48732,40.038945,-105.350972,489,9463.73
48732,40.038946,-105.353623,519,10114.82
48732,40.038984,-105.353714,520,10123.65
48732,40.038995,-105.350436,483,9405.57
48732,40.039023,-105.350943,488,9454.7
48732,40.039063,-105.350546,484,9417.62
48732,40.039063,-105.350894,487,9448.59
48732,40.039069,-105.354022,521,10151.55
48732,40.039094,-105.350682,485,9429.71
48732,40.039096,-105.350801,486,9439.86
48732,40.039134,-105.354353,522,10180.68
48732,40.039156,-105.354598,523,10201.7
48732,40.039161,-105.354962,524,10232.73
48732,40.039184,-105.35514,525,10248.11
48732,40.039239,-105.355321,526,10264.71
48732,40.03937,-105.355605,527,10292.97
48732,40.039421,-105.355764,528,10307.66
48732,40.03945,-105.355959,529,10324.59
48732,40.039485,-105.356337,530,10357.04
48732,40.039563,-105.356825,531,10399.53
48732,40.039586,-105.357092,532,10422.43
48732,40.039601,-105.357235,533,10434.73
48732,40.039614,-105.357322,534,10442.28
48732,40.039672,-105.358074,535,10506.7
48732,40.039689,-105.358182,536,10516.09
48732,40.039715,-105.358287,537,10525.5
48732,40.039808,-105.358462,538,10543.66
48732,40.039875,-105.358526,539,10552.9
48732,40.040036,-105.358597,540,10571.81
48732,40.040202,-105.358643,541,10590.7
48732,40.040223,-105.359709,552,10704.55
48732,40.040231,-105.359835,553,10715.33
48732,40.040267,-105.359517,551,10687.47
48732,40.040274,-105.360069,554,10735.84
48732,40.040289,-105.358672,542,10600.7
48732,40.040301,-105.360192,555,10746.74
48732,40.040325,-105.360382,556,10763.15
48732,40.040358,-105.36072,557,10792.19
48732,40.040359,-105.358717,543,10609.38
48732,40.040367,-105.35927,550,10663.66
48732,40.040393,-105.360868,558,10805.39
48732,40.040407,-105.359189,549,10655.44
48732,40.040416,-105.358795,544,10618.57
48732,40.040448,-105.359108,548,10647.17
48732,40.040452,-105.358896,545,10628.07
48732,40.040461,-105.361016,559,10820.1
48732,40.040469,-105.359045,547,10641.31
48732,40.040474,-105.35896,546,10634.05
48732,40.040576,-105.361186,560,10839.44
48732,40.040714,-105.361314,561,10858.28
48732,40.040714,-105.363401,571,11053.4
48732,40.040739,-105.363032,570,11021.82
48732,40.04074,-105.363553,572,11066.67
48732,40.040769,-105.363644,573,11075.07
48732,40.040793,-105.362816,569,11002.46
48732,40.040812,-105.363732,574,11083.97
48732,40.040834,-105.361474,562,10877.37
48732,40.040939,-105.361678,563,10898.32
48732,40.040944,-105.362395,568,10962.84
48732,40.041007,-105.362201,567,10944.88
48732,40.041009,-105.361904,564,10919.09
48732,40.041025,-105.362114,566,10937.2
48732,40.041026,-105.362005,565,10927.91
48732,40.041076,-105.363971,575,11119.72
48732,40.0415,-105.364379,576,11178.35
48732,40.041689,-105.36458,577,11205.48
48732,40.041862,-105.364697,578,11227.17
48732,40.041935,-105.364696,579,11235.29
48732,40.042005,-105.364696,580,11243.09
48732,40.042167,-105.364655,581,11261.45
48732,40.04231,-105.364586,582,11278.42
48732,40.042808,-105.364307,583,11338.75
48732,40.043151,-105.364145,584,11379.35
48732,40.04342,-105.364036,585,11410.7
48732,40.043656,-105.363954,586,11437.88
48732,40.043856,-105.363912,587,11460.43
48732,40.043985,-105.363906,588,11474.8
48732,40.044111,-105.363906,589,11488.83
48732,40.044229,-105.363929,590,11502.11
48732,40.044383,-105.363975,591,11519.7
48732,40.044527,-105.364051,592,11536.99
48732,40.044641,-105.364135,593,11551.56
48732,40.044798,-105.364269,594,11572.43
48732,40.045071,-105.364507,595,11608.97
48732,40.045349,-105.364745,596,11645.97
48732,40.045457,-105.364862,597,11661.59
48732,40.045462,-105.366178,610,11783.88
48732,40.045467,-105.366246,611,11789.7
48732,40.045468,-105.366107,609,11777.79
48732,40.045475,-105.366298,612,11794.22
48732,40.045481,-105.366038,608,11771.74
48732,40.045505,-105.365952,607,11763.94
48732,40.045516,-105.366418,613,11805.42
48732,40.045526,-105.364955,598,11672.63
48732,40.045567,-105.365026,599,11680.21
48732,40.045578,-105.366547,614,11818.4
48732,40.045593,-105.365719,606,11741.79
48732,40.045603,-105.36511,600,11688.41
48732,40.045627,-105.365191,601,11695.81
48732,40.045627,-105.365591,605,11730.25
48732,40.045641,-105.365276,602,11703.22
48732,40.045641,-105.365485,604,11721.08
48732,40.045647,-105.365372,603,11711.43
48732,40.045699,-105.366775,615,11842.04
48732,40.045742,-105.366869,616,11851.37
48732,40.045772,-105.366951,617,11859.12
48732,40.045814,-105.367085,618,11871.46
48732,40.045855,-105.367242,619,11885.59
48732,40.045883,-105.367352,620,11895.47
48732,40.045922,-105.367471,621,11906.5
48732,40.045964,-105.367535,622,11913.69
48732,40.046026,-105.367578,623,11921.5
48732,40.046077,-105.367597,624,11927.4
48732,40.046132,-105.367602,625,11933.54
48732,40.046219,-105.367584,626,11943.35
48732,40.04632,-105.367551,627,11954.94
48732,40.04677,-105.367343,628,12008.07
48732,40.046992,-105.367275,629,12033.46
48732,40.047165,-105.367263,630,12052.74
48732,40.047296,-105.367288,631,12067.48
48732,40.047404,-105.367345,632,12080.45
48732,40.047506,-105.367447,633,12094.75
48732,40.047633,-105.367635,634,12116.11
48732,40.047743,-105.3678,635,12134.76
48732,40.047791,-105.367862,636,12142.27
48732,40.047839,-105.367925,637,12149.85
48732,40.04793,-105.367992,638,12161.48
48732,40.048036,-105.368035,639,12173.83
48732,40.04817,-105.368027,640,12188.76
48732,40.049315,-105.367823,641,12317.41
48732,40.049658,-105.367787,642,12355.71
48732,40.049881,-105.369532,651,12539.15
48732,40.049895,-105.369304,650,12519.66
48732,40.049944,-105.369747,652,12558.77
48732,40.04996,-105.369075,649,12498.85
48732,40.049994,-105.367954,643,12395.73
48732,40.049997,-105.369833,653,12568.18
48732,40.050043,-105.368039,644,12404.8
48732,40.050045,-105.368863,648,12478.46
48732,40.050086,-105.368134,645,12414.2
48732,40.050109,-105.368648,647,12458.8
48732,40.050135,-105.368439,646,12440.76
48732,40.050145,-105.369939,654,12586.97
48732,40.050231,-105.369963,655,12596.76
48732,40.050382,-105.372042,667,12850.23
48732,40.050407,-105.371933,666,12840.54
48732,40.050464,-105.371825,665,12829.36
48732,40.050467,-105.372312,668,12875.11
48732,40.050496,-105.369997,656,12626.4
48732,40.050507,-105.372422,669,12885.49
48732,40.05061,-105.372455,670,12897.29
48732,40.050648,-105.404892,865,17633.05
48732,40.050648,-105.405083,866,17649.33
48732,40.050662,-105.370109,657,12647.2
48732,40.050667,-105.405182,867,17658.02
48732,40.050675,-105.374086,691,13184.88
48732,40.05068,-105.37157,664,12796.95
48732,40.050694,-105.404694,864,17615.42
48732,40.050704,-105.37392,690,13170.37
48732,40.050709,-105.372394,671,12909.48
48732,40.050711,-105.37433,692,13206.05
48732,40.050751,-105.404488,863,17596.75
48732,40.05077,-105.404381,862,17587.39
48732,40.050778,-105.374474,693,13220.41
48732,40.050794,-105.373692,689,13148.51
48732,40.050804,-105.372354,672,12920.59
48732,40.050804,-105.404068,861,17560.46
48732,40.050804,-105.405426,868,17683.81
48732,40.050807,-105.370248,658,12667.22
48732,40.050816,-105.403786,860,17536.39
48732,40.050826,-105.371373,663,12773.59
48732,40.050827,-105.403526,859,17514.2
48732,40.050877,-105.374594,694,13235.45
48732,40.050892,-105.403366,858,17498.77
48732,40.050896,-105.373592,688,13134.32
48732,40.050917,-105.372332,673,12933.31
48732,40.050924,-105.371165,662,12752.77
48732,40.050951,-105.370478,659,12692.54
48732,40.050953,-105.405586,869,17705.28
48732,40.050958,-105.373563,687,13126.98
48732,40.050983,-105.370926,661,12731.37
48732,40.050994,-105.37069,660,12711.23
48732,40.051029,-105.403259,857,17481
48732,40.051043,-105.372352,674,12947.44
48732,40.051089,-105.373523,686,13112.01
48732,40.051121,-105.405685,870,17725.8
48732,40.05117,-105.403175,856,17463.75
48732,40.051188,-105.374773,695,13273.28
48732,40.051222,-105.37347,685,13096.53
48732,40.051251,-105.37241,675,12971.11
48732,40.051281,-105.373428,684,13089.05
48732,40.051308,-105.403069,855,17445.92
48732,40.05131,-105.374878,696,13289.54
48732,40.051332,-105.373377,683,13081.9
48732,40.05138,-105.372439,676,12985.68
48732,40.051407,-105.373258,682,13068.77
48732,40.05142,-105.37501,697,13306.17
48732,40.051426,-105.402939,854,17428.74
48732,40.051433,-105.373183,681,13061.75
48732,40.051479,-105.372488,677,12997.47
48732,40.051506,-105.372929,680,13038.63
48732,40.051519,-105.375165,698,13323.37
48732,40.051525,-105.402779,853,17411.21
48732,40.051557,-105.37263,678,13012.36
48732,40.051557,-105.372694,679,13017.82
48732,40.051636,-105.405823,871,17784.32
48732,40.051662,-105.40583,872,17787.28
48732,40.05171,-105.375511,699,13359.72
48732,40.051739,-105.402473,852,17375.89
48732,40.051766,-105.375596,700,13369.28
48732,40.051842,-105.402328,851,17359.04
48732,40.052059,-105.402069,850,17326.32
48732,40.052085,-105.375969,701,13416.93
48732,40.052174,-105.40197,849,17310.99
48732,40.052326,-105.406265,873,17869.96
48732,40.052352,-105.376194,702,13452.3
48732,40.052505,-105.401733,848,17268.97
48732,40.052528,-105.376371,703,13477.03
48732,40.052544,-105.406372,874,17895.89
48732,40.052631,-105.401604,847,17251.15
48732,40.052685,-105.401527,846,17242.25
48732,40.052823,-105.376699,704,13520.15
48732,40.05283,-105.406441,875,17928.26
48732,40.052925,-105.401161,845,17201.18
48732,40.053005,-105.406494,876,17948.26
48732,40.053072,-105.376957,705,13555.53
48732,40.053211,-105.406502,877,17971.2
48732,40.053238,-105.400726,844,17150.31
48732,40.053378,-105.377128,706,13592.58
48732,40.05341,-105.406502,878,17993.36
48732,40.053455,-105.400635,843,17124.94
48732,40.053608,-105.400604,842,17107.71
48732,40.053638,-105.377245,707,13623.19
48732,40.053722,-105.406448,879,18028.39
48732,40.053812,-105.377403,708,13646.78
48732,40.053905,-105.400627,841,17074.59
48732,40.053966,-105.377661,709,13674.66
48732,40.054028,-105.377867,710,13693.52
48732,40.054035,-105.377952,711,13700.8
48732,40.054035,-105.377953,712,13700.89
48732,40.054058,-105.37822,713,13723.78
48732,40.05407,-105.378517,714,13749.12
48732,40.054096,-105.378922,715,13783.76
48732,40.054165,-105.40062,840,17045.64
48732,40.054169,-105.406357,880,18078.75
48732,40.054211,-105.406349,881,18083.48
48732,40.054295,-105.37925,716,13819.42
48732,40.054314,-105.400497,839,17026.02
48732,40.054417,-105.400284,838,17004.55
48732,40.054485,-105.399994,837,16978.7
48732,40.054539,-105.379356,717,13848.04
48732,40.054634,-105.381271,727,14052.15
48732,40.054649,-105.380913,726,14021.6
48732,40.054653,-105.382118,728,14124.35
48732,40.054688,-105.399307,836,16915.96
48732,40.054726,-105.382706,729,14175.11
48732,40.054729,-105.379402,718,13869.55
48732,40.054745,-105.380592,725,13992.23
48732,40.054794,-105.399048,835,16890.93
48732,40.054806,-105.390556,758,14974.03
48732,40.054821,-105.390457,757,14965.43
48732,40.054832,-105.379456,719,13881.91
48732,40.05484,-105.390289,756,14950.96
48732,40.054844,-105.398987,834,16883.32
48732,40.054859,-105.383102,730,14211.95
48732,40.054901,-105.379524,720,13891.53
48732,40.054901,-105.390808,759,14997.97
48732,40.054916,-105.379547,721,13894.1
48732,40.054916,-105.380241,724,13956.78
48732,40.054916,-105.390144,755,14935.99
48732,40.054958,-105.398865,833,16866.91
48732,40.05497,-105.383408,731,14240.81
48732,40.054989,-105.38002,723,13936.27
48732,40.054993,-105.379768,722,13914.79
48732,40.055046,-105.389954,754,14914.27
48732,40.055077,-105.383713,732,14269.39
48732,40.05508,-105.406387,882,18180.27
48732,40.055141,-105.389816,753,14898.46
48732,40.055199,-105.383919,733,14291.59
48732,40.055206,-105.391121,760,15041.14
48732,40.055267,-105.386086,738,14491.53
48732,40.05529,-105.38958,752,14872.39
48732,40.055294,-105.385811,737,14467.9
48732,40.055359,-105.38652,739,14529.9
48732,40.055367,-105.385445,736,14435.68
48732,40.055408,-105.391296,761,15068.12
48732,40.055435,-105.389343,751,14846.54
48732,40.05545,-105.384209,734,14328.89
48732,40.055458,-105.386703,740,14548.99
48732,40.055462,-105.406464,883,18223.29
48732,40.055485,-105.384659,735,14367.43
48732,40.055489,-105.386742,741,14553.78
48732,40.055573,-105.389091,750,14820.14
48732,40.055592,-105.386871,742,14569.67
48732,40.055599,-105.398544,832,16790.49
48732,40.055744,-105.391472,762,15108.42
48732,40.055763,-105.386971,743,14590.52
48732,40.055798,-105.391502,763,15114.95
48732,40.055798,-105.406555,884,18261.49
48732,40.055908,-105.391556,764,15128.03
48732,40.056,-105.388153,749,14727.15
48732,40.056065,-105.391655,765,15147.44
48732,40.05608,-105.3871,744,14627.48
48732,40.056095,-105.398338,831,16732.56
48732,40.05611,-105.387863,748,14699.57
48732,40.056122,-105.406639,885,18298.26
48732,40.056152,-105.387154,745,14636.72
48732,40.05619,-105.387421,747,14660.87
48732,40.056194,-105.387238,746,14645.27
48732,40.056358,-105.398293,830,16703.03
48732,40.056496,-105.391975,766,15202.62
48732,40.056557,-105.392029,767,15210.83
48732,40.05661,-105.406845,886,18355.35
48732,40.056713,-105.3983,829,16663.51
48732,40.056774,-105.392235,768,15240.69
48732,40.056801,-105.394188,776,15418.11
48732,40.056801,-105.394363,777,15433.02
48732,40.056835,-105.39444,778,15440.59
48732,40.056877,-105.394012,775,15400.89
48732,40.056896,-105.392456,769,15263.9
48732,40.056896,-105.393951,774,15395.28
48732,40.056904,-105.406998,887,18390.58
48732,40.056961,-105.393784,773,15379.32
48732,40.056999,-105.392937,770,15306.46
48732,40.056999,-105.394615,779,15464.16
48732,40.057007,-105.393494,772,15354.08
48732,40.057018,-105.393127,771,15322.79
48732,40.057125,-105.398331,828,16617.57
48732,40.057129,-105.394722,780,15481.27
48732,40.057201,-105.394737,781,15489.39
48732,40.057224,-105.398346,827,16606.47
48732,40.057274,-105.39476,782,15497.74
48732,40.057331,-105.407181,888,18440.61
48732,40.057354,-105.394722,783,15507.22
48732,40.057438,-105.398338,826,16582.64
48732,40.057449,-105.394592,784,15522.53
48732,40.057522,-105.393539,788,15613.62
48732,40.057522,-105.39431,785,15547.9
48732,40.057529,-105.393478,789,15618.87
48732,40.057529,-105.393898,787,15583.02
48732,40.057529,-105.394112,786,15564.79
48732,40.057564,-105.398285,825,16567.9
48732,40.057571,-105.393364,790,15629.65
48732,40.05764,-105.393318,791,15638.28
48732,40.057671,-105.407333,889,18480.61
48732,40.057705,-105.393341,792,15645.77
48732,40.057735,-105.393387,793,15650.92
48732,40.057785,-105.398087,824,16538.07
48732,40.057888,-105.393806,794,15690.48
48732,40.057938,-105.393959,795,15704.65
48732,40.057941,-105.40741,890,18511.37
48732,40.057964,-105.397934,823,16514.26
48732,40.057968,-105.39431,796,15734.75
48732,40.057972,-105.394485,797,15749.66
48732,40.058079,-105.394859,798,15783.68
48732,40.058128,-105.407471,891,18532.83
48732,40.058163,-105.397881,822,16491.65
48732,40.058208,-105.395134,799,15811.16
48732,40.058331,-105.397964,821,16471.66
48732,40.058407,-105.394615,808,16013.07
48732,40.058426,-105.394753,807,16001.13
48732,40.058456,-105.395699,800,15866.66
48732,40.058475,-105.39817,820,16447.89
48732,40.058495,-105.395775,801,15874.45
48732,40.058506,-105.407539,892,18575.31
48732,40.05851,-105.39502,806,15976.53
48732,40.058517,-105.394485,809,16029.58
48732,40.058582,-105.395882,802,15887.75
48732,40.058586,-105.3983,819,16431.3
48732,40.058651,-105.394669,810,16051.22
48732,40.058655,-105.395424,805,15938.51
48732,40.058674,-105.395874,803,15898.02
48732,40.058723,-105.395683,804,15915.18
48732,40.058735,-105.398354,818,16414.08
48732,40.058754,-105.398354,817,16411.97
48732,40.0588,-105.40757,893,18608.14
48732,40.058891,-105.398308,816,16396.22
48732,40.058949,-105.395325,811,16116.22
48732,40.059086,-105.40757,894,18639.98
48732,40.05909,-105.39817,815,16371.14
48732,40.059189,-105.396629,814,16239.38
48732,40.05925,-105.395988,812,16181.9
48732,40.059299,-105.39624,813,16204.05
48732,40.059502,-105.407501,895,18686.66
48732,40.059807,-105.407578,896,18721.24
48732,40.060169,-105.407768,897,18764.67
48732,40.060364,-105.407829,898,18786.99
48732,40.060562,-105.407822,899,18809.04
48732,40.060654,-105.407806,900,18819.37
48732,40.060715,-105.407799,901,18826.18
48732,40.060822,-105.407799,902,18838.1
48732,40.061001,-105.407814,903,18858.06
48732,40.061192,-105.407906,904,18880.72
48732,40.061398,-105.407997,905,18904.93
48732,40.06163,-105.408005,906,18930.77
48732,40.061882,-105.408005,907,18958.82
48732,40.062111,-105.407944,908,18984.84
48732,40.062332,-105.40789,909,19009.86
48732,40.062504,-105.40789,910,19029.01
48732,40.062618,-105.407913,911,19041.85
48732,40.062752,-105.407982,912,19057.88
48732,40.062798,-105.412842,925,19537.99
48732,40.06282,-105.408005,913,19065.7
48732,40.062885,-105.412384,924,19497.79
48732,40.062901,-105.412811,926,19549.76
48732,40.062981,-105.412811,927,19558.66
48732,40.063068,-105.408089,914,19094.22
48732,40.063217,-105.411179,923,19388.68
48732,40.06324,-105.411064,922,19378.55
48732,40.063278,-105.410805,921,19356.08
48732,40.063309,-105.410355,920,19317.59
48732,40.063313,-105.41021,919,19305.23
48732,40.063328,-105.409607,918,19253.83
48732,40.063354,-105.409134,917,19213.42
48732,40.063374,-105.408737,916,19179.53
48732,40.0634,-105.40818,915,19131.99
48733,40.011486,-105.308087,262,5481.28
48733,40.011498,-105.308332,263,5502.21
48733,40.011499,-105.307924,261,5467.3
48733,40.011541,-105.308536,264,5520.25
48733,40.011546,-105.307709,260,5448.24
48733,40.011578,-105.307614,259,5439.39
48733,40.011604,-105.308715,265,5537.05
48733,40.011674,-105.308851,266,5551.02
48733,40.01178,-105.308987,267,5567.56
48733,40.011893,-105.306896,258,5368.84
48733,40.011901,-105.309111,268,5584.68
48733,40.011983,-105.303263,249,5051.49
48733,40.011986,-105.303094,248,5037.08
48733,40.011989,-105.303421,250,5064.98
48733,40.011998,-105.303614,251,5081.46
48733,40.012005,-105.309196,269,5598.34
48733,40.012011,-105.302946,247,5024.15
48733,40.012026,-105.306543,257,5335.3
48733,40.012063,-105.30274,246,5005.66
48733,40.012091,-105.306357,256,5317.87
48733,40.012139,-105.306163,255,5300.49
48733,40.012143,-105.302525,245,4985.28
48733,40.012171,-105.309301,270,5618.87
48733,40.012174,-105.305932,254,5280.41
48733,40.012182,-105.305557,252,5248.39
48733,40.012185,-105.305761,253,5265.78
48733,40.012254,-105.302353,244,4966.1
48733,40.0123,-105.302293,243,4958.87
48733,40.012335,-105.302253,242,4953.69
48733,40.012391,-105.302191,241,4945.52
48733,40.012511,-105.302094,240,4929.8
48733,40.012634,-105.316123,296,6503.06
48733,40.012637,-105.316293,297,6517.56
48733,40.012639,-105.302018,239,4914.15
48733,40.012656,-105.316462,298,6532.12
48733,40.01266,-105.309511,271,5676.18
48733,40.012664,-105.31587,295,6481.23
48733,40.012693,-105.316625,299,6546.62
48733,40.012705,-105.315708,294,6466.69
48733,40.012762,-105.315555,293,6452.18
48733,40.012814,-105.309595,272,5694.76
48733,40.012843,-105.315396,292,6435.9
48733,40.012907,-105.30191,238,4882.93
48733,40.012958,-105.315249,291,6417.98
48733,40.012959,-105.309699,273,5713.17
48733,40.013096,-105.309823,274,5731.73
48733,40.013222,-105.309965,275,5750.26
48733,40.013285,-105.310052,276,5760.47
48733,40.013313,-105.318548,300,6724.51
48733,40.013378,-105.30178,237,4829.34
48733,40.013395,-105.297365,205,4391.2
48733,40.0134,-105.297555,206,4407.41
48733,40.013403,-105.314749,290,6352.63
48733,40.013404,-105.318734,301,6743.32
48733,40.013408,-105.297124,204,4370.6
48733,40.013408,-105.297701,207,4419.89
48733,40.013414,-105.30177,236,4825.24
48733,40.013421,-105.29692,203,4353.15
48733,40.013421,-105.29789,208,4436.07
48733,40.013441,-105.29807,209,4451.57
48733,40.013447,-105.296723,202,4336.1
48733,40.013448,-105.310274,277,5786.69
48733,40.013467,-105.298259,210,4467.95
48733,40.013487,-105.296534,201,4319.39
48733,40.013496,-105.318877,302,6759.25
48733,40.013498,-105.301737,235,4815.48
48733,40.0135,-105.298439,211,4483.73
48733,40.013533,-105.298594,212,4497.44
48733,40.013546,-105.296302,200,4298.55
48733,40.013579,-105.298766,213,4512.98
48733,40.013592,-105.3017,234,4804.55
48733,40.0136,-105.319003,303,6775.04
48733,40.013645,-105.295993,199,4269.99
48733,40.013649,-105.298975,214,4532.42
48733,40.013671,-105.301658,233,4795.05
48733,40.013694,-105.299097,215,4543.97
48733,40.013702,-105.314515,289,6313.82
48733,40.013721,-105.319115,304,6791.55
48733,40.013737,-105.301607,232,4786.51
48733,40.013747,-105.295573,198,4232.42
48733,40.013787,-105.299331,216,4566.45
48733,40.013795,-105.301554,231,4778.63
48733,40.013866,-105.31443,288,6294.18
48733,40.013868,-105.301486,230,4768.65
48733,40.013886,-105.294812,183,4046.93
48733,40.013886,-105.294812,197,4165.72
48733,40.013927,-105.319254,305,6817.36
48733,40.013928,-105.299688,217,4600.69
48733,40.013947,-105.301383,229,4756.22
48733,40.013954,-105.294718,182,4035.91
48733,40.014006,-105.301289,228,4745.86
48733,40.014027,-105.294096,181,3982.26
48733,40.014039,-105.299967,218,4627.5
48733,40.014059,-105.301169,227,4734.05
48733,40.014078,-105.300105,219,4640.04
48733,40.014096,-105.278685,123,2471.76
48733,40.014105,-105.301049,226,4722.61
48733,40.014118,-105.300259,220,4653.9
48733,40.014132,-105.293316,180,3914.74
48733,40.014132,-105.294906,184,4075.46
48733,40.014132,-105.294906,196,4137.19
48733,40.014134,-105.294994,195,4129.68
48733,40.014138,-105.300937,225,4712.38
48733,40.014144,-105.300405,221,4666.68
48733,40.014145,-105.278426,122,2449.01
48733,40.014149,-105.295045,194,4125.02
48733,40.014157,-105.300551,222,4679.21
48733,40.014157,-105.300808,224,4701.18
48733,40.014164,-105.300688,223,4690.92
48733,40.01417,-105.295069,193,4121.92
48733,40.014181,-105.278712,124,2481.49
48733,40.014182,-105.319413,306,6848.82
48733,40.014183,-105.278228,121,2431.61
48733,40.014185,-105.294926,185,4081.6
48733,40.014199,-105.292951,179,3882.74
48733,40.014204,-105.295094,192,4117.57
48733,40.014215,-105.292862,178,3874.94
48733,40.014233,-105.277967,120,2408.67
48733,40.014234,-105.295093,191,4114.23
48733,40.014244,-105.294928,186,4088.17
48733,40.014263,-105.295078,190,4110.76
48733,40.014271,-105.278741,125,2491.81
48733,40.014287,-105.295049,189,4107.12
48733,40.014298,-105.295006,188,4103.26
48733,40.014305,-105.294911,187,4095.12
48733,40.014319,-105.277555,119,2372.26
48733,40.014328,-105.292288,177,3824.41
48733,40.014339,-105.27746,118,2363.86
48733,40.014362,-105.277347,117,2353.89
48733,40.014362,-105.292125,176,3810.01
48733,40.01438,-105.277252,116,2345.55
48733,40.014408,-105.278786,126,2507.54
48733,40.014426,-105.31424,287,6229.77
48733,40.014459,-105.319624,307,6884.52
48733,40.014479,-105.278808,127,2515.66
48733,40.014503,-105.276595,115,2287.89
48733,40.014526,-105.29132,175,3738.99
48733,40.014532,-105.276426,114,2273.12
48733,40.014539,-105.321872,319,7095.61
48733,40.01455,-105.322017,320,7108.03
48733,40.014553,-105.319726,308,6898.13
48733,40.014554,-105.276279,113,2260.35
48733,40.014555,-105.321707,318,7081.43
48733,40.014566,-105.27618,112,2251.81
48733,40.014567,-105.276039,110,2239.78
48733,40.014577,-105.322169,321,7121.34
48733,40.014602,-105.321484,317,7061.71
48733,40.014628,-105.32237,322,7139.39
48733,40.014635,-105.319844,309,6911.71
48733,40.014639,-105.31415,286,6204.85
48733,40.014643,-105.278859,128,2534.43
48733,40.014651,-105.27607,109,2230.07
48733,40.014697,-105.322562,323,7157.47
48733,40.014707,-105.321145,316,7030.54
48733,40.014728,-105.320008,310,6929.11
48733,40.014765,-105.290141,174,3635.01
48733,40.014782,-105.320165,311,6943.78
48733,40.014801,-105.314019,285,6183.64
48733,40.014804,-105.312204,278,6009.99
48733,40.014806,-105.320814,315,7000.24
48733,40.014821,-105.320342,312,6959.48
48733,40.014825,-105.322865,324,7186.97
48733,40.014832,-105.32068,314,6988.46
48733,40.014839,-105.32052,313,6974.79
48733,40.014849,-105.284785,153,3166.34
48733,40.014856,-105.284562,152,3147.31
48733,40.014856,-105.285008,154,3185.36
48733,40.01486,-105.28967,173,3593.48
48733,40.014875,-105.285203,155,3202.12
48733,40.014882,-105.284313,151,3125.88
48733,40.014888,-105.312358,279,6026.1
48733,40.014908,-105.285416,156,3220.65
48733,40.014918,-105.313879,284,6165.97
48733,40.014931,-105.276172,108,2197.71
48733,40.014934,-105.28404,150,3101.9
48733,40.015015,-105.312616,280,6052.25
48733,40.015035,-105.288831,172,3519.35
48733,40.015043,-105.288791,171,3515.82
48733,40.015046,-105.276214,107,2184.41
48733,40.015048,-105.32334,325,7234.47
48733,40.015054,-105.313572,283,6135.74
48733,40.015066,-105.283406,149,3045.88
48733,40.015097,-105.312961,281,6083.05
48733,40.015101,-105.283239,148,3031.12
48733,40.015104,-105.313263,282,6108.81
48733,40.015126,-105.323527,326,7252.63
48733,40.015127,-105.276244,106,2175.04
48733,40.015127,-105.283116,147,3020.24
48733,40.015129,-105.323533,327,7253.24
48733,40.015135,-105.283078,146,3016.88
48733,40.015141,-105.286493,157,3316.07
48733,40.015163,-105.288218,170,3465.18
48733,40.015165,-105.279041,129,2594.57
48733,40.015179,-105.279046,130,2596.19
48733,40.015182,-105.32366,328,7265.57
48733,40.015184,-105.286707,158,3334.93
48733,40.015184,-105.288121,169,3456.58
48733,40.015195,-105.28806,168,3451.24
48733,40.015197,-105.27627,105,2166.94
48733,40.015203,-105.282753,145,2988.16
48733,40.015203,-105.288015,167,3447.3
48733,40.015211,-105.286888,159,3350.65
48733,40.015217,-105.287911,166,3438.3
48733,40.015227,-105.287064,160,3365.76
48733,40.015228,-105.287815,165,3430.02
48733,40.015235,-105.28716,161,3373.99
48733,40.015244,-105.287649,164,3415.76
48733,40.015249,-105.287396,162,3394.17
48733,40.015249,-105.287537,163,3406.2
48733,40.015258,-105.323893,329,7287.16
48733,40.01527,-105.282434,144,2959.96
48733,40.015344,-105.324277,330,7321.27
48733,40.015347,-105.282068,143,2927.6
48733,40.015357,-105.276325,104,2148.52
48733,40.015373,-105.281944,142,2916.64
48733,40.015429,-105.281675,141,2892.87
48733,40.015481,-105.27637,103,2134.19
48733,40.015503,-105.324293,331,7339.02
48733,40.01551,-105.281274,140,2857.52
48733,40.015516,-105.276382,102,2130.17
48733,40.015546,-105.276393,101,2126.7
48733,40.015566,-105.280996,139,2833.01
48733,40.015584,-105.324313,332,7348.2
48733,40.01561,-105.280782,138,2814.12
48733,40.015612,-105.276415,100,2119.11
48733,40.015645,-105.280617,137,2799.52
48733,40.015668,-105.280501,136,2789.3
48733,40.01572,-105.279225,131,2658.32
48733,40.015739,-105.279232,132,2660.52
48733,40.01574,-105.324439,333,7368.62
48733,40.01576,-105.276466,99,2102.08
48733,40.015818,-105.279257,133,2669.56
48733,40.015899,-105.279433,135,2694.69
48733,40.015929,-105.279293,134,2682.3
48733,40.015976,-105.276541,98,2077.19
48733,40.016029,-105.324606,334,7403.8
48733,40.016149,-105.276599,97,2057.31
48733,40.016222,-105.324693,335,7426.53
48733,40.016281,-105.276641,96,2042.19
48733,40.016304,-105.276648,95,2039.56
48733,40.016355,-105.276663,94,2033.74
48733,40.016434,-105.324764,336,7450.89
48733,40.016456,-105.276699,93,2022.08
48733,40.016484,-105.276567,92,2010.41
48733,40.016491,-105.276529,91,2007.07
48733,40.016529,-105.27635,90,1991.24
48733,40.016533,-105.27633,89,1989.48
48733,40.016546,-105.276269,88,1984.08
48733,40.016616,-105.275932,87,1954.31
48733,40.016701,-105.275523,86,1918.18
48733,40.016709,-105.324822,337,7481.9
48733,40.01673,-105.275382,85,1905.73
48733,40.016756,-105.27526,84,1894.94
48733,40.016762,-105.275229,83,1892.21
48733,40.016813,-105.274986,82,1870.73
48733,40.016828,-105.274915,81,1864.45
48733,40.016869,-105.324847,338,7499.84
48733,40.017009,-105.256066,16,240.32
48733,40.01701,-105.27407,80,1789.62
48733,40.017043,-105.25617,17,249.96
48733,40.017092,-105.256305,18,262.7
48733,40.017109,-105.256351,19,267.05
48733,40.01711,-105.256024,15,228.52
48733,40.017115,-105.273533,79,1742.36
48733,40.017136,-105.273436,78,1733.77
48733,40.017201,-105.256612,20,291.55
48733,40.017225,-105.255978,14,215.13
48733,40.017246,-105.272905,77,1686.87
48733,40.017275,-105.27277,76,1674.92
48733,40.017295,-105.272631,75,1662.86
48733,40.017295,-105.324988,339,7548.76
48733,40.017297,-105.272597,74,1659.96
48733,40.017301,-105.272539,73,1654.99
48733,40.017307,-105.272417,72,1644.57
48733,40.017313,-105.271627,69,1577.19
48733,40.017314,-105.272279,71,1632.78
48733,40.017316,-105.272031,70,1611.63
48733,40.017318,-105.270365,66,1469.6
48733,40.017318,-105.270469,67,1478.46
48733,40.017318,-105.271172,68,1538.4
48733,40.017319,-105.270059,65,1443.51
48733,40.01732,-105.269612,64,1405.4
48733,40.017323,-105.268816,63,1337.54
48733,40.017327,-105.267841,61,1254.41
48733,40.017327,-105.267941,62,1262.94
48733,40.017328,-105.26773,60,1244.95
48733,40.017334,-105.257023,21,329.59
48733,40.017335,-105.265398,56,1046.13
48733,40.017335,-105.265624,57,1065.4
48733,40.017335,-105.265779,58,1078.61
48733,40.017336,-105.264653,55,982.62
48733,40.017336,-105.266252,59,1118.94
48733,40.017337,-105.264556,54,974.35
48733,40.017342,-105.264197,53,943.74
48733,40.017355,-105.264046,52,930.78
48733,40.017356,-105.257116,22,337.89
48733,40.017365,-105.255933,13,199.08
48733,40.017368,-105.257178,23,343.34
48733,40.017381,-105.263752,51,905.55
48733,40.017393,-105.257305,24,354.52
48733,40.017393,-105.263619,50,894.13
48733,40.017414,-105.255919,12,193.5
48733,40.017428,-105.263262,49,863.45
48733,40.017429,-105.257437,25,366.46
48733,40.01743,-105.257478,26,369.96
48733,40.017441,-105.257921,27,407.75
48733,40.017442,-105.258108,28,423.69
48733,40.017442,-105.263127,48,851.83
48733,40.017443,-105.258165,29,428.55
48733,40.017444,-105.258274,30,437.84
48733,40.017446,-105.258471,31,454.64
48733,40.017447,-105.258585,32,464.36
48733,40.017451,-105.258799,33,482.61
48733,40.017454,-105.325076,340,7567.99
48733,40.017457,-105.263001,47,840.96
48733,40.017461,-105.259414,34,535.05
48733,40.017465,-105.262887,46,831.2
48733,40.017468,-105.262822,45,825.65
48733,40.01747,-105.259927,35,578.8
48733,40.017472,-105.262761,44,820.43
48733,40.017473,-105.260091,36,592.78
48733,40.017477,-105.260371,37,616.66
48733,40.017478,-105.260469,38,625.02
48733,40.017479,-105.260618,39,637.72
48733,40.017481,-105.261045,40,674.12
48733,40.017482,-105.261293,41,695.27
48733,40.017482,-105.262168,43,769.87
48733,40.017484,-105.261857,42,743.35
48733,40.017487,-105.255906,11,185.3
48733,40.017524,-105.255903,10,181.17
48733,40.017733,-105.255903,9,157.91
48733,40.017746,-105.325332,341,7607.14
48733,40.017995,-105.325566,342,7641.29
48733,40.018083,-105.255904,8,118.94
48733,40.018205,-105.255902,7,105.36
48733,40.018219,-105.255902,6,103.8
48733,40.018283,-105.325794,343,7678.78
48733,40.018357,-105.325846,344,7688.14
48733,40.018749,-105.32604,345,7734.8
48733,40.018785,-105.255899,5,40.8
48733,40.018891,-105.255919,4,28.87
48733,40.018948,-105.326154,346,7759
48733,40.01899,-105.255954,3,17.46
48733,40.019083,-105.25605,2,4.26
48733,40.019113,-105.256081,1,0
48733,40.01951,-105.326393,347,7824.79
48733,40.019664,-105.326425,348,7842.15
48733,40.019801,-105.326478,349,7858.06
48733,40.019937,-105.326553,350,7874.49
48733,40.020413,-105.326871,351,7934.01
48733,40.020503,-105.326957,352,7946.43
48733,40.020605,-105.327099,353,7963.02
48733,40.020811,-105.327425,354,7999.05
48733,40.020979,-105.327561,355,8021.06
48733,40.021159,-105.327665,356,8042.97
48733,40.021391,-105.327777,357,8070.5
48733,40.021774,-105.327883,358,8114.09
48733,40.021989,-105.327928,359,8138.32
48733,40.022139,-105.327987,360,8155.76
48733,40.022351,-105.328111,361,8181.62
48733,40.022607,-105.328315,362,8215.01
48733,40.022712,-105.328439,363,8230.77
48733,40.022914,-105.328759,364,8266.12
48733,40.023019,-105.328894,365,8282.52
48733,40.023118,-105.328978,366,8295.67
48733,40.023159,-105.329012,367,8301.07
48733,40.023314,-105.329094,368,8319.69
48733,40.023506,-105.329166,369,8341.93
48733,40.023664,-105.329188,370,8359.61
48733,40.023743,-105.329185,371,8368.41
48733,40.024094,-105.329249,372,8407.86
48733,40.024263,-105.329327,373,8427.82
48733,40.024339,-105.329374,374,8437.18
48733,40.024522,-105.329517,375,8460.92
48733,40.024661,-105.329658,376,8480.51
48733,40.024704,-105.32971,377,8487.04
48733,40.024764,-105.329847,378,8500.49
48733,40.024781,-105.329885,379,8504.24
48733,40.024798,-105.329954,380,8510.42
48733,40.024829,-105.330076,381,8521.38
48733,40.024892,-105.330509,382,8558.95
48733,40.02496,-105.330711,383,8577.76
48733,40.025001,-105.332849,395,8776.4
48733,40.025007,-105.33275,394,8767.94
48733,40.025009,-105.332709,393,8764.43
48733,40.025018,-105.332953,396,8785.47
48733,40.025037,-105.332609,392,8755.36
48733,40.025065,-105.330964,384,8602.29
48733,40.025065,-105.333076,397,8797.18
48733,40.02507,-105.335278,410,9007.08
48733,40.025071,-105.3352,409,9000.43
48733,40.025078,-105.335133,408,8994.67
48733,40.02508,-105.335344,411,9012.82
48733,40.025095,-105.335421,412,9019.59
48733,40.02511,-105.335041,407,8986.05
48733,40.025121,-105.332451,391,8738.96
48733,40.025134,-105.335518,413,9028.93
48733,40.025146,-105.334934,406,8976.09
48733,40.025213,-105.331321,385,8636.89
48733,40.025231,-105.332185,390,8713.19
48733,40.025234,-105.333418,398,8831.88
48733,40.025266,-105.3315,386,8653.25
48733,40.025278,-105.332027,389,8698.74
48733,40.025287,-105.333559,399,8845.27
48733,40.02529,-105.335816,414,9059.7
48733,40.025296,-105.331687,387,8669.54
48733,40.0253,-105.331861,388,8684.38
48733,40.025362,-105.333797,400,8867.21
48733,40.025375,-105.334582,405,8936.72
48733,40.025406,-105.334503,404,8929.15
48733,40.025426,-105.334422,403,8921.9
48733,40.025435,-105.336091,415,9088.16
48733,40.025437,-105.334122,401,8896.14
48733,40.025443,-105.334294,402,8910.82
48733,40.025659,-105.336522,416,9132.56
48733,40.025874,-105.336944,417,9175.77
48733,40.025966,-105.337084,418,9191.5
48733,40.026028,-105.337152,419,9200.51
48733,40.026089,-105.337209,420,9208.86
48733,40.026149,-105.337248,421,9216.32
48733,40.026223,-105.337286,422,9225.17
48733,40.026352,-105.33735,423,9240.53
48733,40.026479,-105.337417,424,9255.78
48733,40.026538,-105.337455,425,9263.1
48733,40.026587,-105.337499,426,9269.72
48733,40.02663,-105.337546,427,9275.97
48733,40.02667,-105.337602,428,9282.49
48733,40.026711,-105.337668,429,9289.74
48733,40.026743,-105.33774,430,9296.83
48733,40.026766,-105.337813,431,9303.56
48733,40.026781,-105.337887,432,9310.09
48733,40.026799,-105.337995,433,9319.51
48733,40.026825,-105.338104,434,9329.24
48733,40.026857,-105.338199,435,9338.09
48733,40.026889,-105.338259,436,9344.32
48733,40.026928,-105.338313,437,9350.65
48733,40.026979,-105.338347,438,9357.02
48733,40.027036,-105.338371,439,9363.69
48733,40.027079,-105.338381,440,9368.55
48733,40.027122,-105.338385,441,9373.35
48733,40.027161,-105.338387,442,9377.7
48733,40.027236,-105.338375,443,9386.11
48733,40.027309,-105.338358,444,9394.36
48733,40.027389,-105.338336,445,9403.46
48733,40.027452,-105.338311,446,9410.79
48733,40.027523,-105.338284,447,9419.02
48733,40.027622,-105.338264,448,9430.18
48733,40.027725,-105.338261,449,9441.65
48733,40.02779,-105.338273,450,9448.95
48733,40.027863,-105.338296,451,9457.31
48733,40.027982,-105.338358,452,9471.57
48733,40.028037,-105.338392,453,9478.35
48733,40.028085,-105.338433,454,9484.73
48733,40.028146,-105.33851,455,9494.18
48733,40.028202,-105.33858,456,9502.81
48733,40.028252,-105.338703,457,9514.68
48733,40.028288,-105.338868,458,9529.3
48733,40.028316,-105.339062,459,9546.13
48733,40.02836,-105.339246,460,9562.56
48733,40.028405,-105.339355,461,9573.12
48733,40.028472,-105.339444,462,9583.75
48733,40.028598,-105.339552,463,9600.53
48733,40.028696,-105.339593,464,9611.99
48733,40.028798,-105.339599,465,9623.35
48733,40.02907,-105.339554,466,9653.87
48733,40.02917,-105.339556,467,9665.01
48733,40.029276,-105.339594,468,9677.24
48733,40.029371,-105.339667,469,9689.51
48733,40.02948,-105.339807,470,9706.53
48733,40.029599,-105.340011,471,9728.39
48733,40.0296,-105.341183,477,9833.53
48733,40.029607,-105.341039,476,9821.23
48733,40.02962,-105.341373,478,9849.88
48733,40.029661,-105.341503,479,9861.86
48733,40.029672,-105.340164,472,9743.76
48733,40.029707,-105.340636,475,9785.12
48733,40.02972,-105.340333,473,9759.12
48733,40.029725,-105.340486,474,9772.18
48733,40.029735,-105.341661,480,9877.65
48733,40.029833,-105.341808,481,9894.26
48733,40.029924,-105.341906,482,9907.39
48733,40.030154,-105.342081,483,9937.02
48733,40.030295,-105.342137,484,9953.43
48733,40.030429,-105.342158,485,9968.45
48733,40.030565,-105.342145,486,9983.63
48733,40.030631,-105.342126,487,9991.16
48733,40.030775,-105.341999,488,10010.5
48733,40.030904,-105.341847,489,10029.84
48733,40.031128,-105.341564,490,10064.53
48733,40.031368,-105.341162,491,10107.98
48733,40.031474,-105.341019,492,10124.95
48733,40.031581,-105.340854,493,10143.38
48733,40.031719,-105.340666,494,10165.58
48733,40.03179,-105.340531,495,10179.54
48733,40.031878,-105.340362,496,10196.96
48733,40.031956,-105.340194,497,10213.7
48733,40.032057,-105.34003,498,10231.64
48733,40.032165,-105.339921,499,10246.84
48733,40.032287,-105.33984,500,10262.07
48733,40.032604,-105.339809,501,10297.46
48733,40.032765,-105.339776,502,10315.6
48733,40.032923,-105.339777,503,10333.19
48733,40.033018,-105.339777,504,10343.76
48733,40.033104,-105.339802,505,10353.57
48733,40.033184,-105.33985,506,10363.37
48733,40.033196,-105.340413,510,10413.5
48733,40.033208,-105.33987,507,10366.54
48733,40.03322,-105.340606,511,10430.16
48733,40.03323,-105.340069,509,10383.93
48733,40.033233,-105.339975,508,10375.91
48733,40.033274,-105.340789,512,10446.88
48733,40.033379,-105.340974,513,10466.51
48733,40.0335,-105.341132,514,10485.55
48733,40.03374,-105.341411,515,10521.32
48733,40.033894,-105.341616,516,10545.8
48733,40.034049,-105.341817,517,10570.11
48733,40.034252,-105.342021,518,10598.63
48733,40.034359,-105.342098,519,10612.23
48733,40.034569,-105.342192,520,10636.94
48733,40.034632,-105.342256,521,10645.82
48733,40.034664,-105.342323,522,10652.55
48733,40.034679,-105.342399,523,10659.24
48733,40.034687,-105.342915,524,10703.23
48733,40.034716,-105.343141,525,10722.76
48733,40.034774,-105.343358,526,10742.35
48733,40.034835,-105.343511,527,10757.06
48733,40.035093,-105.344701,535,10871.55
48733,40.035097,-105.343896,528,10800.96
48733,40.035106,-105.344505,534,10854.78
48733,40.035111,-105.344897,536,10888.37
48733,40.035121,-105.344422,533,10847.51
48733,40.035142,-105.344017,529,10812.42
48733,40.035146,-105.344281,532,10835.18
48733,40.03515,-105.344081,530,10817.95
48733,40.035153,-105.345087,537,10905.23
48733,40.035159,-105.344149,531,10823.83
48733,40.035238,-105.345311,538,10926.54
48733,40.035305,-105.345439,539,10939.75
48733,40.035418,-105.345586,540,10957.51
48733,40.035551,-105.3457,541,10975.22
48733,40.035624,-105.345743,542,10984.13
48733,40.035974,-105.345883,543,11024.88
48733,40.036128,-105.345893,544,11042.04
48733,40.036282,-105.345869,545,11059.31
48733,40.036633,-105.345749,546,11099.7
48733,40.036657,-105.351921,597,12073.79
48733,40.036657,-105.352064,598,12085.98
48733,40.036681,-105.352167,599,12095.15
48733,40.036709,-105.345761,547,11108.22
48733,40.036733,-105.352272,600,12105.81
48733,40.036772,-105.34662,552,11188.97
48733,40.036777,-105.34581,548,11116.86
48733,40.036783,-105.346753,553,11200.37
48733,40.036807,-105.352354,601,12116.61
48733,40.036824,-105.346875,554,11211.72
48733,40.036826,-105.345887,549,11125.4
48733,40.036843,-105.346083,551,11142.52
48733,40.036849,-105.345983,550,11133.97
48733,40.03685,-105.352383,602,12122
48733,40.036892,-105.346976,555,11223.19
48733,40.036917,-105.352415,603,12129.94
48733,40.037027,-105.347138,556,11243.59
48733,40.037065,-105.350752,596,11964.29
48733,40.037095,-105.347279,557,11257.8
48733,40.037125,-105.350631,595,11952
48733,40.037132,-105.347437,558,11271.88
48733,40.037133,-105.347595,559,11285.34
48733,40.037139,-105.348393,560,11353.36
48733,40.037166,-105.348503,561,11363.21
48733,40.037205,-105.350532,594,11939.74
48733,40.037209,-105.348604,562,11373.06
48733,40.037267,-105.348692,563,11382.95
48733,40.03728,-105.352587,604,12172.93
48733,40.037301,-105.35046,593,11927.41
48733,40.037336,-105.348765,564,11392.84
48733,40.037443,-105.348832,565,11406.05
48733,40.037464,-105.350397,592,11908.49
48733,40.037486,-105.352719,605,12198.47
48733,40.0375,-105.348851,566,11412.59
48733,40.037591,-105.350378,591,11894.26
48733,40.037736,-105.352961,606,12233.11
48733,40.037738,-105.35039,590,11877.86
48733,40.03787,-105.350446,589,11862.41
48733,40.03816,-105.350672,588,11824.82
48733,40.038246,-105.350713,587,11814.63
48733,40.038259,-105.353394,607,12302.04
48733,40.038319,-105.353437,608,12309.66
48733,40.038337,-105.348858,567,11505.77
48733,40.038391,-105.353469,609,12318.13
48733,40.03841,-105.348889,568,11514.32
48733,40.038455,-105.348934,569,11520.63
48733,40.03846,-105.34956,574,11576.12
48733,40.038464,-105.349385,573,11561.2
48733,40.038478,-105.349689,575,11587.29
48733,40.038497,-105.349018,570,11529.18
48733,40.038507,-105.349165,572,11541.85
48733,40.038508,-105.34908,571,11534.6
48733,40.038515,-105.353498,610,12332.15
48733,40.03853,-105.349851,576,11602.26
48733,40.038588,-105.349958,577,11613.44
48733,40.038734,-105.353489,611,12356.54
48733,40.03881,-105.350984,586,11747.73
48733,40.03882,-105.353506,612,12366.22
48733,40.038869,-105.350991,585,11741.14
48733,40.038888,-105.353551,613,12374.71
48733,40.038945,-105.350972,584,11732.52
48733,40.038946,-105.353623,614,12383.62
48733,40.038984,-105.353714,615,12392.45
48733,40.038995,-105.350436,578,11674.37
48733,40.039023,-105.350943,583,11723.5
48733,40.039063,-105.350546,579,11686.42
48733,40.039063,-105.350894,582,11717.39
48733,40.039069,-105.354022,616,12420.35
48733,40.039094,-105.350682,580,11698.51
48733,40.039096,-105.350801,581,11708.66
48733,40.039134,-105.354353,617,12449.48
48733,40.039156,-105.354598,618,12470.5
48733,40.039161,-105.354962,619,12501.53
48733,40.039184,-105.35514,620,12516.91
48733,40.039239,-105.355321,621,12533.51
48733,40.03937,-105.355605,622,12561.77
48733,40.039421,-105.355764,623,12576.46
48733,40.03945,-105.355959,624,12593.39
48733,40.039485,-105.356337,625,12625.84
48733,40.039563,-105.356825,626,12668.33
48733,40.039586,-105.357092,627,12691.23
48733,40.039601,-105.357235,628,12703.53
48733,40.039614,-105.357322,629,12711.08
48733,40.039672,-105.358074,630,12775.5
48733,40.039689,-105.358182,631,12784.89
48733,40.039715,-105.358287,632,12794.3
48733,40.039808,-105.358462,633,12812.45
48733,40.039875,-105.358526,634,12821.69
48733,40.040036,-105.358597,635,12840.61
48733,40.040202,-105.358643,636,12859.5
48733,40.040223,-105.359709,647,12973.35
48733,40.040231,-105.359835,648,12984.12
48733,40.040267,-105.359517,646,12956.27
48733,40.040274,-105.360069,649,13004.63
48733,40.040289,-105.358672,637,12869.49
48733,40.040301,-105.360192,650,13015.54
48733,40.040325,-105.360382,651,13031.95
48733,40.040358,-105.36072,652,13060.99
48733,40.040359,-105.358717,638,12878.18
48733,40.040367,-105.35927,645,12932.46
48733,40.040393,-105.360868,653,13074.19
48733,40.040407,-105.359189,644,12924.24
48733,40.040416,-105.358795,639,12887.37
48733,40.040448,-105.359108,643,12915.97
48733,40.040452,-105.358896,640,12896.86
48733,40.040461,-105.361016,654,13088.9
48733,40.040469,-105.359045,642,12910.11
48733,40.040474,-105.35896,641,12902.84
48733,40.040576,-105.361186,655,13108.24
48733,40.040714,-105.361314,656,13127.08
48733,40.040714,-105.363401,666,13322.19
48733,40.040739,-105.363032,665,13290.62
48733,40.04074,-105.363553,667,13335.47
48733,40.040769,-105.363644,668,13343.87
48733,40.040793,-105.362816,664,13271.26
48733,40.040812,-105.363732,669,13352.76
48733,40.040834,-105.361474,657,13146.17
48733,40.040939,-105.361678,658,13167.12
48733,40.040944,-105.362395,663,13231.64
48733,40.041007,-105.362201,662,13213.68
48733,40.041009,-105.361904,659,13187.89
48733,40.041025,-105.362114,661,13206
48733,40.041026,-105.362005,660,13196.71
48733,40.041076,-105.363971,670,13388.52
48733,40.0415,-105.364379,671,13447.15
48733,40.041689,-105.36458,672,13474.28
48733,40.041862,-105.364697,673,13495.96
48733,40.041935,-105.364696,674,13504.09
48733,40.042005,-105.364696,675,13511.88
48733,40.042167,-105.364655,676,13530.25
48733,40.04231,-105.364586,677,13547.22
48733,40.042808,-105.364307,678,13607.54
48733,40.043151,-105.364145,679,13648.15
48733,40.04342,-105.364036,680,13679.5
48733,40.043656,-105.363954,681,13706.68
48733,40.043856,-105.363912,682,13729.23
48733,40.043985,-105.363906,683,13743.6
48733,40.044111,-105.363906,684,13757.63
48733,40.044229,-105.363929,685,13770.91
48733,40.044383,-105.363975,686,13788.49
48733,40.044527,-105.364051,687,13805.78
48733,40.044641,-105.364135,688,13820.35
48733,40.044798,-105.364269,689,13841.23
48733,40.045071,-105.364507,690,13877.77
48733,40.045349,-105.364745,691,13914.77
48733,40.045457,-105.364862,692,13930.39
48733,40.045462,-105.366178,705,14052.68
48733,40.045467,-105.366246,706,14058.5
48733,40.045468,-105.366107,704,14046.59
48733,40.045475,-105.366298,707,14063.02
48733,40.045481,-105.366038,703,14040.53
48733,40.045505,-105.365952,702,14032.73
48733,40.045516,-105.366418,708,14074.22
48733,40.045526,-105.364955,693,13941.42
48733,40.045567,-105.365026,694,13949
48733,40.045578,-105.366547,709,14087.2
48733,40.045593,-105.365719,701,14010.59
48733,40.045603,-105.36511,695,13957.21
48733,40.045627,-105.365191,696,13964.61
48733,40.045627,-105.365591,700,13999.05
48733,40.045641,-105.365276,697,13972.02
48733,40.045641,-105.365485,699,13989.88
48733,40.045647,-105.365372,698,13980.23
48733,40.045699,-105.366775,710,14110.84
48733,40.045742,-105.366869,711,14120.17
48733,40.045772,-105.366951,712,14127.92
48733,40.045814,-105.367085,713,14140.25
48733,40.045855,-105.367242,714,14154.39
48733,40.045883,-105.367352,715,14164.27
48733,40.045922,-105.367471,716,14175.3
48733,40.045964,-105.367535,717,14182.48
48733,40.046026,-105.367578,718,14190.3
48733,40.046077,-105.367597,719,14196.2
48733,40.046132,-105.367602,720,14202.34
48733,40.046219,-105.367584,721,14212.15
48733,40.04632,-105.367551,722,14223.74
48733,40.04677,-105.367343,723,14276.87
48733,40.046992,-105.367275,724,14302.26
48733,40.047165,-105.367263,725,14321.54
48733,40.047296,-105.367288,726,14336.28
48733,40.047404,-105.367345,727,14349.25
48733,40.047506,-105.367447,728,14363.55
48733,40.047633,-105.367635,729,14384.91
48733,40.047743,-105.3678,730,14403.56
48733,40.047791,-105.367862,731,14411.07
48733,40.047839,-105.367925,732,14418.65
48733,40.04793,-105.367992,733,14430.27
48733,40.048036,-105.368035,734,14442.63
48733,40.04817,-105.368027,735,14457.56
48733,40.049315,-105.367823,736,14586.2
48733,40.049658,-105.367787,737,14624.51
48733,40.049881,-105.369532,746,14807.95
48733,40.049895,-105.369304,745,14788.46
48733,40.049944,-105.369747,747,14827.57
48733,40.04996,-105.369075,744,14767.65
48733,40.049994,-105.367954,738,14664.53
48733,40.049997,-105.369833,748,14836.98
48733,40.050043,-105.368039,739,14673.59
48733,40.050045,-105.368863,743,14747.26
48733,40.050086,-105.368134,740,14683
48733,40.050109,-105.368648,742,14727.6
48733,40.050135,-105.368439,741,14709.56
48733,40.050145,-105.369939,749,14855.77
48733,40.050231,-105.369963,750,14865.56
48733,40.050382,-105.372042,762,15119.03
48733,40.050407,-105.371933,761,15109.34
48733,40.050464,-105.371825,760,15098.16
48733,40.050467,-105.372312,763,15143.91
48733,40.050496,-105.369997,751,14895.2
48733,40.050507,-105.372422,764,15154.29
48733,40.05061,-105.372455,765,15166.09
48733,40.050648,-105.404895,961,19902.51
48733,40.050649,-105.405086,962,19918.79
48733,40.050662,-105.370109,752,14916
48733,40.050668,-105.405179,963,19926.99
48733,40.050675,-105.374086,786,15453.68
48733,40.05068,-105.37157,759,15065.75
48733,40.050691,-105.404704,960,19885.55
48733,40.050704,-105.37392,785,15439.17
48733,40.050709,-105.372394,766,15178.28
48733,40.050711,-105.37433,787,15474.85
48733,40.050751,-105.404489,959,19866.05
48733,40.050769,-105.404379,958,19856.46
48733,40.050778,-105.374474,788,15489.21
48733,40.050794,-105.373692,784,15417.31
48733,40.050804,-105.372354,767,15189.39
48733,40.050804,-105.405423,964,19952.71
48733,40.050806,-105.404068,957,19829.64
48733,40.050807,-105.370248,753,14936.02
48733,40.050814,-105.403786,956,19805.6
48733,40.050826,-105.371373,758,15042.38
48733,40.050826,-105.403525,955,19783.32
48733,40.050877,-105.374594,789,15504.25
48733,40.050892,-105.403366,954,19767.9
48733,40.050896,-105.373592,783,15403.11
48733,40.050917,-105.372332,768,15202.11
48733,40.050924,-105.371165,757,15021.57
48733,40.050951,-105.370478,754,14961.34
48733,40.050952,-105.405589,965,19974.42
48733,40.050958,-105.373563,782,15395.78
48733,40.050983,-105.370926,756,15000.17
48733,40.050994,-105.37069,755,14980.02
48733,40.051029,-105.403257,953,19750.05
48733,40.051043,-105.372352,769,15216.24
48733,40.051089,-105.373523,781,15380.81
48733,40.051121,-105.405687,966,19995.01
48733,40.051172,-105.403173,952,19732.59
48733,40.051188,-105.374773,790,15542.08
48733,40.051222,-105.37347,780,15365.33
48733,40.051251,-105.37241,770,15239.91
48733,40.051281,-105.373428,779,15357.85
48733,40.051309,-105.403072,951,19715.08
48733,40.05131,-105.374878,791,15558.34
48733,40.051332,-105.373377,778,15350.7
48733,40.05138,-105.372439,771,15254.48
48733,40.051407,-105.373258,777,15337.56
48733,40.05142,-105.37501,792,15574.97
48733,40.051426,-105.402937,950,19697.7
48733,40.051433,-105.373183,776,15330.55
48733,40.051479,-105.372488,772,15266.27
48733,40.051506,-105.372929,775,15307.43
48733,40.051519,-105.375165,793,15592.17
48733,40.051526,-105.402782,949,19680.43
48733,40.051557,-105.37263,773,15281.16
48733,40.051557,-105.372694,774,15286.61
48733,40.051634,-105.405824,967,20053.29
48733,40.051661,-105.405833,968,20056.4
48733,40.05171,-105.375511,794,15628.52
48733,40.051737,-105.402473,948,19645.15
48733,40.051766,-105.375596,795,15638.08
48733,40.051843,-105.402326,947,19627.94
48733,40.05206,-105.402071,946,19595.45
48733,40.052085,-105.375969,796,15685.73
48733,40.052174,-105.401968,945,19580.02
48733,40.052327,-105.406267,969,20139.25
48733,40.052352,-105.376194,797,15721.1
48733,40.052505,-105.401732,944,19538.04
48733,40.052528,-105.376371,798,15745.83
48733,40.052545,-105.406371,970,20165.08
48733,40.05263,-105.401602,943,19520.25
48733,40.052684,-105.401529,942,19511.6
48733,40.052823,-105.376699,799,15788.95
48733,40.052829,-105.406443,971,20197.29
48733,40.052927,-105.401159,941,19470.06
48733,40.053004,-105.406494,972,20217.25
48733,40.053072,-105.376957,800,15824.33
48733,40.053211,-105.406504,973,20240.31
48733,40.053239,-105.400729,940,19419.58
48733,40.053378,-105.377128,801,15861.38
48733,40.05341,-105.406504,974,20262.46
48733,40.053455,-105.400631,939,19394.12
48733,40.053609,-105.400605,938,19376.84
48733,40.053638,-105.377245,802,15891.99
48733,40.053721,-105.406445,975,20297.44
48733,40.053812,-105.377403,803,15915.58
48733,40.053907,-105.400626,937,19343.61
48733,40.053966,-105.377661,804,15943.46
48733,40.054028,-105.377867,805,15962.32
48733,40.054035,-105.377952,806,15969.6
48733,40.054058,-105.378221,807,15992.66
48733,40.05407,-105.37852,808,16018.18
48733,40.054095,-105.378921,809,16052.46
48733,40.054164,-105.400617,936,19315
48733,40.054168,-105.406356,976,20347.78
48733,40.05421,-105.406352,977,20352.46
48733,40.054293,-105.379251,810,16088.19
48733,40.054315,-105.4005,935,19295.45
48733,40.054415,-105.400284,934,19273.94
48733,40.054484,-105.399994,933,19248.07
48733,40.054539,-105.379359,811,16117.08
48733,40.054636,-105.381273,822,16321.37
48733,40.054651,-105.380915,821,16290.82
48733,40.054652,-105.382119,823,16393.48
48733,40.054688,-105.399305,932,19185.12
48733,40.054726,-105.382709,824,16444.42
48733,40.05473,-105.379404,812,16138.68
48733,40.054743,-105.380592,820,16261.45
48733,40.054781,-105.379428,813,16144.72
48733,40.054793,-105.399051,931,19160.52
48733,40.054804,-105.390553,853,17243.23
48733,40.054821,-105.390456,852,17234.75
48733,40.054831,-105.379452,814,16150.65
48733,40.054839,-105.39029,851,17220.47
48733,40.054843,-105.398984,930,19152.55
48733,40.054859,-105.383104,825,16481.19
48733,40.0549,-105.379527,815,16160.64
48733,40.054903,-105.390808,854,17267.59
48733,40.054915,-105.380245,819,16226.23
48733,40.054915,-105.390148,850,17205.7
48733,40.054917,-105.379546,816,16163.13
48733,40.054957,-105.398867,929,19136.41
48733,40.05497,-105.383406,826,16509.73
48733,40.054989,-105.380017,818,16205.13
48733,40.054994,-105.379767,817,16183.82
48733,40.055046,-105.38995,849,17183.4
48733,40.055075,-105.383714,827,16538.46
48733,40.05508,-105.406385,978,20449.35
48733,40.055143,-105.389813,848,17167.5
48733,40.0552,-105.383919,828,16560.79
48733,40.055206,-105.391124,855,17310.75
48733,40.055267,-105.386086,833,16760.73
48733,40.055291,-105.389582,847,17141.83
48733,40.055294,-105.385808,832,16736.85
48733,40.055357,-105.386519,834,16798.96
48733,40.055365,-105.385442,831,16704.68
48733,40.055407,-105.3913,856,17337.69
48733,40.055436,-105.389341,846,17115.71
48733,40.055452,-105.384211,829,16598.29
48733,40.055458,-105.386706,835,16818.46
48733,40.055461,-105.406466,979,20492.32
48733,40.055485,-105.384656,830,16636.39
48733,40.055488,-105.386743,836,16823.05
48733,40.055573,-105.389093,845,17089.65
48733,40.055593,-105.386869,837,16838.92
48733,40.0556,-105.398543,928,19059.69
48733,40.055744,-105.391475,857,17378.06
48733,40.055764,-105.386974,838,16859.95
48733,40.055796,-105.406552,980,20530.33
48733,40.055799,-105.391504,858,17384.66
48733,40.055908,-105.391557,859,17397.61
48733,40.056,-105.38815,844,16996.3
48733,40.056063,-105.391654,860,17416.74
48733,40.056078,-105.387097,839,16896.45
48733,40.056094,-105.398338,927,19001.99
48733,40.05611,-105.387863,843,16968.95
48733,40.056122,-105.406636,981,20567.32
48733,40.056153,-105.387153,840,16906.06
48733,40.056192,-105.387424,842,16930.45
48733,40.056194,-105.38724,841,16914.77
48733,40.056358,-105.398293,926,18972.36
48733,40.056495,-105.391974,861,17472.02
48733,40.056557,-105.392032,862,17480.51
48733,40.056609,-105.406844,982,20624.35
48733,40.056714,-105.398303,925,18932.72
48733,40.056775,-105.392237,863,17510.41
48733,40.056799,-105.394187,871,17687.77
48733,40.056799,-105.394302,872,17697.56
48733,40.056799,-105.394366,873,17703.02
48733,40.056835,-105.394441,874,17710.56
48733,40.056876,-105.394011,870,17670.49
48733,40.056898,-105.392455,864,17533.49
48733,40.056898,-105.393954,869,17665.05
48733,40.056902,-105.407,983,20659.57
48733,40.056962,-105.393787,868,17649.14
48733,40.056999,-105.392938,865,17576.15
48733,40.057001,-105.394618,875,17734.41
48733,40.057008,-105.39349,867,17623.32
48733,40.057017,-105.393126,866,17592.29
48733,40.057124,-105.398327,924,18887.03
48733,40.057129,-105.394722,876,17751.19
48733,40.0572,-105.394736,877,17759.19
48733,40.057223,-105.398343,923,18875.93
48733,40.057274,-105.394758,878,17767.63
48733,40.05733,-105.407178,984,20709.57
48733,40.057354,-105.39472,879,17777.11
48733,40.057436,-105.39834,922,18852.21
48733,40.057451,-105.394592,880,17792.46
48733,40.05752,-105.39431,881,17817.68
48733,40.057523,-105.393539,884,17883.42
48733,40.057529,-105.393476,885,17888.83
48733,40.05753,-105.393896,883,17852.99
48733,40.05753,-105.394111,882,17834.67
48733,40.057562,-105.398285,921,18837.43
48733,40.05757,-105.393365,886,17899.33
48733,40.05764,-105.393321,887,17907.98
48733,40.057669,-105.407331,985,20749.5
48733,40.057706,-105.393342,888,17915.54
48733,40.057734,-105.393384,889,17920.29
48733,40.057784,-105.398085,920,18807.41
48733,40.057889,-105.393807,890,17960.24
48733,40.057937,-105.39396,891,17974.33
48733,40.057941,-105.40741,986,20780.52
48733,40.057966,-105.397932,919,18783.32
48733,40.057967,-105.394308,892,18004.17
48733,40.057971,-105.394486,893,18019.34
48733,40.058079,-105.39486,894,18053.4
48733,40.05813,-105.40747,987,20802.17
48733,40.058164,-105.39788,918,18760.83
48733,40.058207,-105.395135,895,18080.83
48733,40.058331,-105.397964,917,18740.91
48733,40.058408,-105.394615,904,18282.62
48733,40.058426,-105.394755,903,18270.53
48733,40.058456,-105.3957,896,18136.38
48733,40.058474,-105.398173,916,18717.03
48733,40.058495,-105.395774,897,18144.03
48733,40.058504,-105.40754,988,20844.23
48733,40.058509,-105.395022,902,18245.97
48733,40.058519,-105.394487,905,18299.11
48733,40.058581,-105.395878,898,18157.08
48733,40.058588,-105.398303,915,18700.18
48733,40.058651,-105.394671,906,18320.59
48733,40.058654,-105.395425,901,18208.03
48733,40.058673,-105.395875,899,18167.32
48733,40.058725,-105.39568,900,18184.91
48733,40.058734,-105.398356,914,18683.31
48733,40.058754,-105.39835,913,18681.03
48733,40.058799,-105.407572,989,20877.18
48733,40.058891,-105.39831,912,18665.4
48733,40.058948,-105.395325,907,18385.38
48733,40.059086,-105.407569,990,20909.13
48733,40.059091,-105.398167,911,18640.02
48733,40.05919,-105.396632,910,18508.78
48733,40.059248,-105.395985,908,18450.79
48733,40.059299,-105.396239,909,18473.16
48733,40.059503,-105.407501,991,20955.91
48733,40.059808,-105.407574,992,20990.43
48733,40.060169,-105.407769,993,21033.91
48733,40.060363,-105.407831,994,21056.15
48733,40.060562,-105.407825,995,21078.3
48733,40.060652,-105.407808,996,21088.43
48733,40.060716,-105.407797,997,21095.61
48733,40.060822,-105.407795,998,21107.41
48733,40.061002,-105.407813,999,21127.51
48733,40.061191,-105.407907,1000,21150.02
48733,40.061399,-105.407997,1001,21174.41
48733,40.061631,-105.408003,1002,21200.24
48733,40.061882,-105.408003,1003,21228.19
48733,40.062109,-105.407941,1004,21254
48733,40.062331,-105.407891,1005,21279.08
48733,40.062502,-105.407887,1006,21298.12
48733,40.062619,-105.407912,1007,21311.32
48733,40.062753,-105.407983,1008,21327.41
48733,40.062797,-105.412843,1023,21807.66
48733,40.062821,-105.408007,1009,21335.25
48733,40.062902,-105.412328,1022,21762.25
48733,40.062904,-105.412817,1024,21819.77
48733,40.062979,-105.412819,1025,21828.12
48733,40.06307,-105.408089,1010,21363.84
48733,40.06307,-105.411788,1021,21712.59
48733,40.063171,-105.411456,1020,21682.15
48733,40.063219,-105.411178,1019,21657.87
48733,40.06324,-105.411061,1018,21647.63
48733,40.063279,-105.410803,1017,21625.23
48733,40.063308,-105.410356,1016,21587.01
48733,40.063312,-105.410212,1015,21574.73
48733,40.063328,-105.409606,1014,21523.07
48733,40.063353,-105.409137,1013,21483.02
48733,40.063374,-105.408736,1012,21448.77
48733,40.0634,-105.408181,1011,21401.4
50212,40.016635,-105.280823,200,5304.36
50212,40.016643,-105.280725,201,5312.77
50212,40.016643,-105.280864,199,5300.76
50212,40.016653,-105.280894,198,5297.97
50212,40.016672,-105.280928,197,5294.38
50212,40.016679,-105.280543,202,5328.79
50212,40.016696,-105.280457,203,5336.36
50212,40.016701,-105.280965,196,5289.86
50212,40.016738,-105.281005,195,5284.52
50212,40.016877,-105.281051,194,5268.55
50212,40.017009,-105.281094,193,5253.41
50212,40.017113,-105.281128,192,5241.48
50212,40.017456,-105.281245,191,5202.01
50212,40.01753,-105.28127,190,5193.5
50212,40.01762,-105.281302,189,5183.12
50212,40.017869,-105.281389,188,5154.43
50212,40.018118,-105.281476,187,5125.73
50212,40.018238,-105.28152,186,5111.86
50212,40.018384,-105.28157,185,5095.05
50212,40.018445,-105.281581,184,5088.2
50212,40.018484,-105.281581,183,5083.86
50212,40.01853,-105.281573,182,5078.69
50212,40.018576,-105.281547,181,5073.11
50212,40.018602,-105.281521,180,5069.47
50212,40.018629,-105.281487,179,5065.29
50212,40.01866,-105.28144,178,5060
50212,40.018698,-105.281379,177,5053.3
50212,40.018765,-105.281093,176,5027.8
50212,40.018794,-105.28095,175,5015.19
50212,40.018808,-105.280877,174,5008.78
50212,40.018858,-105.280631,173,4987.08
50212,40.018919,-105.280333,172,4960.78
50212,40.019422,-105.280513,171,4902.72
50212,40.019598,-105.28057,170,4882.54
50212,40.019907,-105.280672,169,4847.06
50212,40.020035,-105.280715,168,4832.34
50212,40.020126,-105.280747,167,4821.85
50212,40.020282,-105.280802,166,4803.86
50212,40.020425,-105.280849,165,4787.45
50212,40.020933,-105.281016,164,4729.13
50212,40.021425,-105.281181,163,4672.59
50212,40.021789,-105.281303,162,4630.75
50212,40.022177,-105.281433,161,4586.16
50212,40.022232,-105.281451,160,4579.85
50212,40.022617,-105.28158,159,4535.6
50212,40.022679,-105.281601,158,4528.47
50212,40.023194,-105.281774,157,4469.28
50212,40.023507,-105.281898,156,4432.87
50212,40.023652,-105.281944,155,4416.26
50212,40.023726,-105.281968,154,4407.77
50212,40.023894,-105.282012,153,4388.69
50212,40.023972,-105.282023,152,4379.96
50212,40.024041,-105.282033,151,4372.23
50212,40.024188,-105.282043,150,4355.85
50212,40.024204,-105.282043,149,4354.07
50212,40.024475,-105.282046,148,4323.9
50212,40.024829,-105.282047,147,4284.49
50212,40.024975,-105.282047,146,4268.24
50212,40.025131,-105.282051,145,4250.87
50212,40.025523,-105.282062,144,4207.22
50212,40.025837,-105.282069,143,4172.26
50212,40.025942,-105.282072,142,4160.57
50212,40.026145,-105.282079,141,4137.96
50212,40.026384,-105.282079,140,4111.36
50212,40.026452,-105.28208,139,4103.79
50212,40.02675,-105.282085,138,4070.61
50212,40.027024,-105.282087,137,4040.11
50212,40.027518,-105.282096,136,3985.11
50212,40.028001,-105.282104,135,3931.34
50212,40.028356,-105.282105,134,3891.82
50212,40.028483,-105.282106,133,3877.69
50212,40.028609,-105.282107,132,3863.66
50212,40.029134,-105.282111,131,3805.22
50212,40.029256,-105.282112,130,3791.63
50212,40.030104,-105.282099,129,3697.23
50212,40.03107,-105.282093,128,3589.69
50212,40.031289,-105.282092,127,3565.31
50212,40.032062,-105.282087,126,3479.26
50212,40.032867,-105.282082,125,3389.65
50212,40.033231,-105.282081,124,3349.13
50212,40.034036,-105.282076,123,3259.52
50212,40.034073,-105.282076,122,3255.4
50212,40.034193,-105.282075,121,3242.04
50212,40.035003,-105.282085,120,3151.87
50212,40.035105,-105.282085,119,3140.51
50212,40.035527,-105.282084,118,3093.53
50212,40.0363,-105.282082,117,3007.48
50212,40.036408,-105.282083,116,2995.46
50212,40.036526,-105.282081,115,2982.32
50212,40.03703,-105.28208,114,2926.22
50212,40.03713,-105.28208,113,2915.09
50212,40.037283,-105.282079,112,2898.06
50212,40.037497,-105.282078,111,2874.23
50212,40.037882,-105.282075,110,2831.37
50212,40.038584,-105.282077,109,2753.23
50212,40.038867,-105.282078,108,2721.72
50212,40.039098,-105.282078,107,2696.01
50212,40.039451,-105.282082,106,2656.71
50212,40.03999,-105.282084,104,2596.71
50212,40.04027,-105.282086,103,2565.54
50212,40.040286,-105.282086,102,2563.76
50212,40.040515,-105.282087,101,2538.27
50212,40.040819,-105.282089,100,2504.43
50212,40.040837,-105.28209,99,2502.42
50212,40.04093,-105.28209,98,2492.07
50212,40.04101,-105.282088,97,2483.16
50212,40.041026,-105.282088,96,2481.38
50212,40.041238,-105.282083,95,2457.78
50212,40.041258,-105.282082,94,2455.55
50212,40.041547,-105.282078,93,2423.37
50212,40.041693,-105.282076,92,2407.12
50212,40.04173,-105.282074,91,2403
50212,40.043234,-105.282088,90,2235.57
50212,40.04337,-105.282087,89,2220.43
50212,40.043647,-105.282086,88,2189.59
50212,40.043755,-105.282083,87,2177.57
50212,40.04389,-105.282085,86,2162.54
50212,40.044085,-105.282088,85,2140.83
50212,40.044618,-105.282093,84,2081.5
50212,40.044998,-105.282092,83,2039.19
50212,40.045388,-105.282093,82,1995.78
50212,40.045449,-105.282093,81,1988.99
50212,40.045581,-105.282094,80,1974.3
50212,40.0459,-105.282095,79,1938.78
50212,40.04617,-105.282095,78,1908.73
50212,40.046323,-105.282096,77,1891.7
50212,40.046393,-105.282095,76,1883.9
50212,40.046519,-105.282094,75,1869.88
50212,40.046889,-105.282094,74,1828.69
50212,40.047152,-105.282096,73,1799.41
50212,40.047329,-105.282097,72,1779.71
50212,40.047537,-105.282098,71,1756.55
50212,40.04765,-105.282099,70,1743.97
50212,40.047917,-105.2821,69,1714.25
50212,40.048011,-105.282101,68,1703.79
50212,40.04811,-105.282101,67,1692.77
50212,40.048339,-105.282101,66,1667.27
50212,40.048613,-105.2821,65,1636.77
50212,40.048868,-105.282112,64,1608.37
50212,40.049079,-105.282118,63,1584.87
50212,40.049167,-105.28212,62,1575.08
50212,40.049309,-105.282128,61,1559.25
50212,40.049445,-105.282141,60,1544.07
50212,40.049506,-105.282144,59,1537.28
50212,40.050002,-105.282151,58,1482.06
50212,40.050299,-105.282137,57,1448.98
50212,40.050621,-105.282118,56,1413.1
50212,40.050783,-105.282114,55,1395.06
50212,40.050854,-105.282112,54,1387.15
50212,40.05109,-105.282112,53,1360.88
50212,40.051608,-105.282112,51,1303.22
50212,40.052267,-105.282119,50,1229.86
50212,40.052809,-105.282129,49,1169.52
50212,40.053073,-105.282131,48,1140.13
50212,40.053167,-105.282132,47,1129.66
50212,40.053882,-105.282126,46,1050.07
50212,40.054156,-105.282125,45,1019.57
50212,40.05447,-105.282125,44,984.61
50212,40.05459,-105.282125,43,971.25
50212,40.054682,-105.282127,42,961.01
50212,40.05495,-105.282129,41,931.18
50212,40.055101,-105.28213,40,914.37
50212,40.055245,-105.282131,39,898.34
50212,40.055893,-105.282134,38,826.2
50212,40.055955,-105.282135,37,819.3
50212,40.055993,-105.282136,36,815.07
50212,40.0562,-105.282136,35,792.02
50212,40.056299,-105.282136,34,781
50212,40.056327,-105.282136,33,777.89
50212,40.056709,-105.282137,32,735.36
50212,40.056798,-105.282137,31,725.45
50212,40.057462,-105.282139,30,651.54
50212,40.057591,-105.28214,29,637.18
50212,40.057933,-105.282141,28,599.11
50212,40.058104,-105.282142,27,580.07
50212,40.058142,-105.282142,26,575.84
50212,40.058268,-105.282141,25,561.81
50212,40.058346,-105.28214,24,553.13
50212,40.058561,-105.282141,23,529.2
50212,40.058681,-105.282141,22,515.84
50212,40.058796,-105.282141,21,503.04
50212,40.058988,-105.282142,20,481.66
50212,40.059156,-105.282143,19,462.96
50212,40.059362,-105.282143,18,440.03
50212,40.059582,-105.282144,17,415.54
50212,40.059943,-105.282143,16,375.35
50212,40.060281,-105.282144,15,337.73
50212,40.060574,-105.282145,14,305.11
50212,40.060743,-105.282141,13,286.29
50212,40.061203,-105.282143,12,235.09
50212,40.06134,-105.282143,11,219.84
50212,40.061733,-105.282136,10,176.08
50212,40.061835,-105.282137,9,164.73
50212,40.061941,-105.282138,8,152.93
50212,40.062175,-105.282136,7,126.88
50212,40.062321,-105.282134,6,110.63
50212,40.062903,-105.282132,5,45.84
50212,40.062916,-105.282132,4,44.39
50212,40.062917,-105.282264,3,33.14
50212,40.062918,-105.282355,2,25.39
50212,40.06292,-105.282653,1,0
50214,40.016698,-105.280449,1,0
50214,40.016724,-105.280318,2,11.54
50214,40.016751,-105.280184,3,23.35
50214,40.01676,-105.280139,4,27.32
50214,40.016863,-105.279636,5,71.7
50214,40.017343,-105.279802,6,126.98
50214,40.01738,-105.279814,7,131.22
50214,40.01767,-105.279912,8,164.57
50214,40.017895,-105.279988,9,190.44
50214,40.01819,-105.280087,10,224.35
50214,40.018396,-105.280157,11,248.04
50214,40.018919,-105.280333,12,308.17
50214,40.019422,-105.280513,13,366.23
50214,40.019598,-105.28057,14,386.41
50214,40.019907,-105.280672,15,421.89
50214,40.020035,-105.280715,16,436.6
50214,40.020126,-105.280747,17,447.09
50214,40.020282,-105.280802,18,465.08
50214,40.020425,-105.280849,19,481.5
50214,40.020933,-105.281016,20,539.81
50214,40.021425,-105.281181,21,596.36
50214,40.021789,-105.281303,22,638.19
50214,40.022177,-105.281433,23,682.78
50214,40.022232,-105.281451,24,689.1
50214,40.022617,-105.28158,25,733.34
50214,40.022679,-105.281601,26,740.47
50214,40.023194,-105.281774,27,799.67
50214,40.023507,-105.281898,28,836.08
50214,40.023652,-105.281944,29,852.69
50214,40.023726,-105.281968,30,861.18
50214,40.023894,-105.282012,31,880.25
50214,40.023972,-105.282023,32,888.99
50214,40.024041,-105.282033,33,896.71
50214,40.024188,-105.282043,34,913.1
50214,40.024204,-105.282043,35,914.88
50214,40.024475,-105.282046,36,945.05
50214,40.024829,-105.282047,37,984.46
50214,40.024975,-105.282047,38,1000.71
50214,40.025131,-105.282051,39,1018.08
50214,40.025523,-105.282062,40,1061.73
50214,40.025837,-105.282069,41,1096.69
50214,40.025942,-105.282072,42,1108.38
50214,40.026145,-105.282079,43,1130.98
50214,40.026384,-105.282079,44,1157.59
50214,40.026452,-105.28208,45,1165.16
50214,40.02675,-105.282085,46,1198.33
50214,40.027024,-105.282087,47,1228.84
50214,40.027518,-105.282096,48,1283.83
50214,40.028001,-105.282104,49,1337.61
50214,40.028356,-105.282105,50,1377.12
50214,40.028483,-105.282106,51,1391.26
50214,40.028609,-105.282107,52,1405.29
50214,40.029134,-105.282111,53,1463.73
50214,40.029256,-105.282112,54,1477.31
50214,40.030104,-105.282099,55,1571.72
50214,40.03107,-105.282093,56,1679.25
50214,40.031289,-105.282092,57,1703.63
50214,40.032062,-105.282087,58,1789.68
50214,40.032867,-105.282082,59,1879.3
50214,40.033231,-105.282081,60,1919.82
50214,40.034036,-105.282076,61,2009.43
50214,40.034073,-105.282076,62,2013.55
50214,40.034193,-105.282075,63,2026.91
50214,40.035003,-105.282085,64,2117.08
50214,40.035105,-105.282085,65,2128.44
50214,40.035527,-105.282084,66,2175.41
50214,40.0363,-105.282082,67,2261.46
50214,40.036408,-105.282083,68,2273.49
50214,40.036526,-105.282081,69,2286.62
50214,40.03703,-105.28208,70,2342.73
50214,40.03713,-105.28208,71,2353.86
50214,40.037283,-105.282079,72,2370.89
50214,40.037497,-105.282078,73,2394.71
50214,40.037882,-105.282075,74,2437.57
50214,40.038584,-105.282077,75,2515.72
50214,40.039098,-105.282078,76,2572.94
50214,40.039451,-105.282082,77,2612.23
50214,40.03999,-105.282084,78,2672.24
50214,40.04027,-105.282086,80,2703.41
50214,40.040286,-105.282086,81,2705.19
50214,40.040515,-105.282087,82,2730.68
50214,40.040819,-105.282089,83,2764.52
50214,40.040837,-105.28209,84,2766.53
50214,40.04093,-105.28209,85,2776.88
50214,40.04101,-105.282088,86,2785.79
50214,40.041026,-105.282088,87,2787.57
50214,40.041238,-105.282083,88,2811.17
50214,40.041258,-105.282082,89,2813.4
50214,40.041547,-105.282078,90,2845.57
50214,40.041693,-105.282076,91,2861.83
50214,40.04173,-105.282074,92,2865.95
50214,40.043234,-105.282088,93,3033.38
50214,40.04337,-105.282087,94,3048.52
50214,40.043647,-105.282086,95,3079.35
50214,40.043755,-105.282083,96,3091.38
50214,40.04389,-105.282085,97,3106.41
50214,40.044085,-105.282088,98,3128.12
50214,40.044618,-105.282093,99,3187.45
50214,40.044998,-105.282092,100,3229.75
50214,40.045198,-105.282093,101,3252.02
50214,40.045388,-105.282093,102,3273.17
50214,40.045449,-105.282093,103,3279.96
50214,40.045581,-105.282094,104,3294.65
50214,40.0459,-105.282095,105,3330.16
50214,40.04617,-105.282095,106,3360.22
50214,40.046323,-105.282096,107,3377.25
50214,40.046393,-105.282095,108,3385.04
50214,40.046519,-105.282094,109,3399.07
50214,40.046889,-105.282094,110,3440.26
50214,40.047152,-105.282096,111,3469.54
50214,40.047329,-105.282097,112,3489.24
50214,40.047537,-105.282098,113,3512.39
50214,40.04765,-105.282099,114,3524.97
50214,40.047917,-105.2821,115,3554.7
50214,40.048011,-105.282101,116,3565.16
50214,40.04811,-105.282101,117,3576.18
50214,40.048339,-105.282101,118,3601.67
50214,40.048613,-105.2821,119,3632.18
50214,40.048868,-105.282112,120,3660.58
50214,40.049079,-105.282118,121,3684.07
50214,40.049167,-105.28212,122,3693.87
50214,40.049309,-105.282128,123,3709.69
50214,40.049445,-105.282141,124,3724.87
50214,40.049506,-105.282144,125,3731.67
50214,40.050002,-105.282151,126,3786.89
50214,40.050299,-105.282137,127,3819.97
50214,40.050621,-105.282118,128,3855.85
50214,40.050783,-105.282114,129,3873.89
50214,40.050854,-105.282112,130,3881.79
50214,40.05131,-105.282112,131,3932.56
50214,40.051608,-105.282112,132,3965.73
50214,40.052267,-105.282119,133,4039.09
50214,40.052809,-105.282129,134,4099.43
50214,40.053073,-105.282131,135,4128.82
50214,40.053167,-105.282132,136,4139.29
50214,40.053882,-105.282126,137,4218.88
50214,40.054156,-105.282125,138,4249.38
50214,40.05447,-105.282125,139,4284.34
50214,40.05459,-105.282125,140,4297.69
50214,40.054682,-105.282127,141,4307.94
50214,40.05495,-105.282129,142,4337.77
50214,40.055101,-105.28213,143,4354.58
50214,40.055245,-105.282131,144,4370.61
50214,40.055893,-105.282134,145,4442.75
50214,40.055955,-105.282135,146,4449.65
50214,40.055993,-105.282136,147,4453.88
50214,40.0562,-105.282136,148,4476.92
50214,40.056299,-105.282136,149,4487.94
50214,40.056327,-105.282136,150,4491.06
50214,40.056709,-105.282137,151,4533.58
50214,40.056798,-105.282137,152,4543.49
50214,40.057085,-105.282138,153,4575.44
50214,40.057474,-105.282139,154,4618.74
50214,40.057591,-105.28214,155,4631.77
50214,40.057933,-105.282141,156,4669.84
50214,40.058104,-105.282142,157,4688.88
50214,40.058142,-105.282142,158,4693.11
50214,40.058268,-105.282141,159,4707.13
50214,40.058346,-105.28214,160,4715.82
50214,40.058561,-105.282141,161,4739.75
50214,40.058681,-105.282141,162,4753.11
50214,40.058796,-105.282141,163,4765.91
50214,40.058988,-105.282142,164,4787.28
50214,40.059156,-105.282143,165,4805.99
50214,40.059362,-105.282143,166,4828.92
50214,40.059398,-105.282143,167,4832.92
50214,40.059582,-105.282144,168,4853.41
50214,40.059943,-105.282143,169,4893.59
50214,40.060574,-105.282145,171,4963.84
50214,40.060743,-105.282141,172,4982.65
50214,40.061203,-105.282143,173,5033.86
50214,40.061291,-105.282143,174,5043.66
50214,40.06134,-105.282143,175,5049.11
50214,40.061733,-105.282136,176,5092.86
50214,40.061766,-105.28341,184,5212.95
50214,40.061768,-105.283377,183,5210.13
50214,40.061769,-105.283353,182,5208.08
50214,40.061776,-105.283232,181,5197.74
50214,40.061793,-105.282938,180,5172.62
50214,40.061799,-105.282819,179,5162.46
50214,40.061828,-105.282291,178,5117.36
50214,40.061835,-105.282137,177,5104.22
50214,40.061859,-105.283409,185,5223.3
50214,40.06219,-105.283411,186,5260.15
50214,40.062384,-105.283413,187,5281.75
50214,40.062831,-105.283415,188,5331.51
50214,40.06292,-105.282619,194,5409.85
50214,40.062921,-105.282728,193,5400.56
50214,40.062922,-105.282894,192,5386.42
50214,40.062923,-105.282923,191,5383.94
50214,40.062926,-105.283289,190,5352.76
50214,40.062927,-105.283413,189,5342.19
50794,39.917341,-105.502585,820,30389.17
50794,39.918416,-105.502868,819,30267.08
50794,39.918416,-105.502868,821,30511.25
50794,39.918752,-105.502957,818,30228.92
50794,39.918752,-105.502957,822,30549.42
50794,39.919059,-105.503038,817,30194.05
50794,39.919059,-105.503038,823,30584.29
50794,39.919609,-105.503182,816,30131.6
50794,39.919609,-105.503182,824,30646.73
50794,39.919848,-105.503258,815,30104.22
50794,39.919848,-105.503258,825,30674.12
50794,39.920053,-105.503343,814,30080.27
50794,39.920053,-105.503343,826,30698.06
50794,39.920238,-105.503456,813,30057.53
50794,39.920238,-105.503456,827,30720.81
50794,39.920995,-105.504078,812,29957.92
50794,39.920995,-105.504078,828,30820.41
50794,39.921205,-105.504207,811,29932.08
50794,39.921205,-105.504207,829,30846.25
50794,39.921616,-105.504419,810,29882.88
50794,39.921616,-105.504419,830,30895.46
50794,39.922066,-105.504487,809,29832.45
50794,39.922066,-105.504487,831,30945.88
50794,39.922425,-105.504444,808,29792.32
50794,39.922425,-105.504444,832,30986.02
50794,39.922703,-105.504379,807,29760.88
50794,39.922703,-105.504379,833,31017.46
50794,39.92297,-105.504271,806,29729.76
50794,39.92297,-105.504271,834,31048.58
50794,39.923316,-105.504062,805,29687.31
50794,39.923316,-105.504062,835,31091.03
50794,39.923402,-105.504008,804,29676.68
50794,39.923402,-105.504008,836,31101.65
50794,39.925192,-105.502876,803,29455.22
50794,39.925192,-105.502876,837,31323.11
50794,39.925402,-105.502743,802,29429.23
50794,39.925402,-105.502743,838,31349.1
50794,39.925628,-105.502641,801,29402.61
50794,39.925628,-105.502641,839,31375.72
50794,39.92594,-105.502549,800,29367
50794,39.92594,-105.502549,840,31411.33
50794,39.926258,-105.502495,799,29331.31
50794,39.926258,-105.502495,841,31447.03
50794,39.927008,-105.502382,798,29247.26
50794,39.927008,-105.502382,842,31531.07
50794,39.927936,-105.502281,797,29143.6
50794,39.927936,-105.502281,843,31634.74
50794,39.928211,-105.502249,796,29112.86
50794,39.928211,-105.502249,844,31665.47
50794,39.928409,-105.502195,795,29090.34
50794,39.928409,-105.502195,845,31687.99
50794,39.928631,-105.50212,794,29064.82
50794,39.928631,-105.50212,846,31713.52
50794,39.928849,-105.502013,793,29038.89
50794,39.928849,-105.502013,847,31739.45
50794,39.929087,-105.501841,792,29008.59
50794,39.929087,-105.501841,848,31769.74
50794,39.929544,-105.501393,849,31833.38
50794,39.929569,-105.501368,791,28941.44
50794,39.929569,-105.501368,850,31836.89
50794,39.93058,-105.500169,790,28789.32
50794,39.93058,-105.500169,851,31989.01
50794,39.930637,-105.500111,789,28781.27
50794,39.93086,-105.499882,788,28749.67
50794,39.93086,-105.499882,852,32028.66
50794,39.931064,-105.499779,787,28725.32
50794,39.931064,-105.499779,853,32053.01
50794,39.931261,-105.499745,786,28703.2
50794,39.931261,-105.499745,854,32075.13
50794,39.931479,-105.499745,785,28678.93
50794,39.931479,-105.499745,855,32099.4
50794,39.931696,-105.499813,784,28654.09
50794,39.931696,-105.499813,856,32124.24
50794,39.931867,-105.499934,783,28632.43
50794,39.931867,-105.499934,857,32145.9
50794,39.932032,-105.500125,782,28607.87
50794,39.932032,-105.500125,858,32170.46
50794,39.932051,-105.500148,781,28604.99
50794,39.932051,-105.500148,859,32173.35
50794,39.932177,-105.500396,780,28579.59
50794,39.932177,-105.500396,860,32198.74
50794,39.932284,-105.500677,779,28552.81
50794,39.932284,-105.500677,861,32225.52
50794,39.932512,-105.501873,778,28447.61
50794,39.932512,-105.501873,862,32330.72
50794,39.932565,-105.502088,777,28428.34
50794,39.932565,-105.502088,863,32350
50794,39.932666,-105.502305,776,28406.67
50794,39.932666,-105.502305,864,32371.67
50794,39.932786,-105.502517,775,28384.17
50794,39.932786,-105.502517,865,32394.16
50794,39.932909,-105.502662,774,28365.72
50794,39.932909,-105.502662,866,32412.62
50794,39.93309,-105.502785,773,28343
50794,39.93309,-105.502785,867,32435.34
50794,39.933275,-105.502871,772,28321.13
50794,39.933275,-105.502871,868,32457.2
50794,39.933658,-105.502914,771,28278.34
50794,39.933658,-105.502914,869,32499.99
50794,39.934188,-105.502936,770,28219.31
50794,39.934188,-105.502936,870,32559.02
50794,39.934565,-105.502955,769,28177.31
50794,39.934565,-105.502955,871,32601.02
50794,39.934835,-105.502989,768,28147.12
50794,39.934835,-105.502989,872,32631.22
50794,39.935059,-105.503084,767,28120.9
50794,39.935059,-105.503084,873,32657.44
50794,39.935256,-105.503178,766,28097.54
50794,39.935256,-105.503178,874,32680.79
50794,39.935427,-105.503307,765,28075.55
50794,39.935427,-105.503307,875,32702.78
50794,39.935742,-105.503553,764,28034.68
50794,39.935742,-105.503553,876,32743.65
50794,39.936,-105.503813,763,27998.39
50794,39.936,-105.503813,877,32779.95
50794,39.936175,-105.503939,762,27976.13
50794,39.936175,-105.503939,878,32802.2
50794,39.936355,-105.504002,761,27955.39
50794,39.936355,-105.504002,879,32822.95
50794,39.936559,-105.504045,760,27932.38
50794,39.936559,-105.504045,880,32845.95
50794,39.936757,-105.504053,759,27910.33
50794,39.936757,-105.504053,881,32868
50794,39.936956,-105.504009,758,27887.86
50794,39.936956,-105.504009,882,32890.47
50794,39.937314,-105.503853,757,27845.85
50794,39.937314,-105.503853,883,32932.49
50794,39.937599,-105.503742,756,27812.73
50794,39.937599,-105.503742,884,32965.6
50794,39.937907,-105.503617,755,27776.83
50794,39.937907,-105.503617,885,33001.51
50794,39.938073,-105.503624,754,27758.34
50794,39.938073,-105.503624,886,33020
50794,39.938218,-105.503676,753,27741.6
50794,39.938218,-105.503676,887,33036.74
50794,39.938343,-105.50377,752,27725.54
50794,39.938343,-105.50377,888,33052.8
50794,39.938455,-105.50389,751,27709.4
50794,39.938455,-105.50389,889,33068.93
50794,39.938586,-105.504182,750,27680.52
50794,39.938586,-105.504182,890,33097.81
50794,39.938665,-105.504448,749,27656.18
50794,39.938665,-105.504448,891,33122.16
50794,39.938802,-105.504839,748,27619.48
50794,39.938802,-105.504839,892,33158.85
50794,39.938863,-105.504903,747,27610.77
50794,39.938863,-105.504903,893,33167.56
50794,39.938955,-105.505015,746,27596.76
50794,39.938955,-105.505015,894,33181.57
50794,39.939106,-105.505109,745,27578.13
50794,39.939106,-105.505109,895,33200.2
50794,39.939212,-105.505143,744,27565.98
50794,39.939212,-105.505143,896,33212.35
50794,39.939369,-105.505135,743,27548.49
50794,39.939369,-105.505135,897,33229.84
50794,39.939479,-105.505113,742,27536.1
50794,39.939479,-105.505113,898,33242.23
50794,39.939593,-105.505023,741,27521.27
50794,39.939593,-105.505023,899,33257.06
50794,39.939755,-105.50482,740,27496.26
50794,39.939755,-105.50482,900,33282.07
50794,39.939817,-105.50468,739,27482.46
50794,39.939817,-105.50468,901,33295.87
50794,39.940053,-105.503972,738,27416.57
50794,39.940053,-105.503972,902,33361.76
50794,39.940661,-105.501961,737,27232.07
50794,39.940661,-105.501961,903,33546.27
50794,39.940953,-105.500995,736,27143.44
50794,39.940953,-105.500995,904,33634.89
50794,39.941027,-105.500753,735,27121.21
50794,39.941027,-105.500753,905,33657.13
50794,39.941607,-105.499024,734,26960.13
50794,39.941607,-105.499024,906,33818.2
50794,39.941728,-105.498805,733,26937.09
50794,39.941728,-105.498805,907,33841.24
50794,39.941884,-105.498601,732,26912.5
50794,39.941884,-105.498601,908,33865.83
50794,39.941938,-105.498544,909,33873.56
50794,39.942068,-105.498406,731,26886.11
50794,39.942068,-105.498406,910,33892.22
50794,39.942278,-105.498234,730,26858.51
50794,39.942278,-105.498234,911,33919.83
50794,39.942513,-105.49814,729,26831.14
50794,39.942513,-105.49814,912,33947.19
50794,39.942727,-105.49807,728,26806.58
50794,39.942727,-105.49807,913,33971.75
50794,39.942961,-105.498054,727,26780.5
50794,39.942961,-105.498054,914,33997.83
50794,39.943216,-105.498076,726,26752.05
50794,39.943216,-105.498076,915,34026.28
50794,39.943504,-105.498179,725,26718.81
50794,39.943504,-105.498179,916,34059.53
50794,39.94373,-105.498327,724,26690.66
50794,39.94373,-105.498327,917,34087.68
50794,39.943823,-105.498392,723,26678.91
50794,39.943823,-105.498392,918,34099.42
50794,39.944469,-105.499032,722,26588.61
50794,39.944469,-105.499032,919,34189.73
50794,39.94456,-105.499125,721,26575.74
50794,39.944761,-105.49933,720,26547.33
50794,39.944761,-105.49933,920,34231
50794,39.945536,-105.500124,719,26437.63
50794,39.945536,-105.500124,921,34340.7
50794,39.946461,-105.501054,718,26307.62
50794,39.946461,-105.501054,922,34470.71
50794,39.947825,-105.502422,717,26116.09
50794,39.947825,-105.502422,923,34662.25
50794,39.948199,-105.502803,716,26063.26
50794,39.948199,-105.502803,924,34715.07
50794,39.948581,-105.503168,715,26010.55
50794,39.948581,-105.503168,925,34767.78
50794,39.948748,-105.503308,714,25988.45
50794,39.948748,-105.503308,926,34789.88
50794,39.948933,-105.503445,713,25964.77
50794,39.948933,-105.503445,927,34813.56
50794,39.949238,-105.503614,712,25927.88
50794,39.949238,-105.503614,928,34850.45
50794,39.95057,-105.504352,711,25766.78
50794,39.95057,-105.504352,929,35011.55
50794,39.95194,-105.50506,710,25602.74
50794,39.95194,-105.50506,930,35175.59
50794,39.952397,-105.505297,709,25548
50794,39.952397,-105.505297,931,35230.34
50794,39.952832,-105.505554,708,25494.84
50794,39.952832,-105.505554,932,35283.49
50794,39.952999,-105.505718,707,25471.57
50794,39.952999,-105.505718,933,35306.76
50794,39.953216,-105.506021,706,25436.19
50794,39.953216,-105.506021,934,35342.15
50794,39.953315,-105.506225,705,25415.58
50794,39.953379,-105.506356,704,25402.33
50794,39.953379,-105.506356,935,35376.01
50794,39.953492,-105.506674,703,25372.42
50794,39.953492,-105.506674,936,35405.92
50794,39.953724,-105.510579,663,24496.35
50794,39.953724,-105.510579,976,36281.99
50794,39.953732,-105.510799,662,24477.55
50794,39.953732,-105.510799,977,36300.78
50794,39.953753,-105.510905,661,24468.21
50794,39.953753,-105.510905,978,36310.12
50794,39.953764,-105.510364,664,24515.23
50794,39.953764,-105.510364,975,36263.11
50794,39.953785,-105.511008,660,24458.73
50794,39.953785,-105.511008,979,36319.61
50794,39.953823,-105.510217,665,24529.39
50794,39.953823,-105.510217,974,36248.95
50794,39.953829,-105.511103,659,24449.26
50794,39.953829,-105.511103,980,36329.08
50794,39.953882,-105.511189,658,24439.84
50794,39.953882,-105.511189,981,36338.49
50794,39.953904,-105.51009,666,24543.48
50794,39.953904,-105.51009,973,36234.85
50794,39.953943,-105.511265,657,24430.45
50794,39.953943,-105.511265,982,36347.88
50794,39.954004,-105.509987,667,24557.67
50794,39.954004,-105.509987,972,36220.67
50794,39.954006,-105.511324,656,24421.82
50794,39.954006,-105.511324,983,36356.52
50794,39.954078,-105.509934,668,24567.07
50794,39.954078,-105.509934,971,36211.27
50794,39.954109,-105.508273,702,25219.66
50794,39.954109,-105.508273,937,35558.68
50794,39.954191,-105.509892,669,24580.14
50794,39.954191,-105.509892,970,36198.19
50794,39.954205,-105.508486,701,25198.57
50794,39.954205,-105.508486,938,35579.76
50794,39.954296,-105.509883,670,24591.86
50794,39.954296,-105.509883,969,36186.48
50794,39.954336,-105.508712,700,25174.39
50794,39.954336,-105.508712,939,35603.94
50794,39.954344,-105.509896,671,24597.32
50794,39.954344,-105.509896,968,36181.02
50794,39.954465,-105.508889,699,25153.55
50794,39.954465,-105.508889,940,35624.78
50794,39.954466,-105.509926,672,24611.14
50794,39.954466,-105.509926,967,36167.2
50794,39.954581,-105.510006,673,24625.64
50794,39.954581,-105.510006,966,36152.69
50794,39.954656,-105.509096,698,25125.91
50794,39.954656,-105.509096,941,35652.42
50794,39.954814,-105.509227,697,25105.07
50794,39.954814,-105.509227,942,35673.26
50794,39.954901,-105.510279,674,24668.21
50794,39.954901,-105.510279,965,36110.13
50794,39.95496,-105.512212,655,24291.36
50794,39.95496,-105.512212,984,36486.98
50794,39.955039,-105.509367,696,25077.32
50794,39.955039,-105.509367,943,35701.01
50794,39.955216,-105.512463,654,24255.71
50794,39.955216,-105.512463,985,36522.63
50794,39.955295,-105.509452,695,25047.91
50794,39.955295,-105.509452,944,35730.42
50794,39.955315,-105.512586,653,24240.49
50794,39.955315,-105.512586,986,36537.85
50794,39.955369,-105.515333,643,23996.8
50794,39.955369,-105.515333,996,36781.53
50794,39.955369,-105.515601,642,23973.93
50794,39.955369,-105.515601,997,36804.4
50794,39.955381,-105.515848,641,23952.82
50794,39.955381,-105.515848,998,36825.52
50794,39.955393,-105.515038,644,24022.12
50794,39.955393,-105.515038,995,36756.22
50794,39.955406,-105.512731,652,24224.5
50794,39.955406,-105.512731,987,36553.84
50794,39.955471,-105.512887,651,24209.34
50794,39.955471,-105.512887,988,36568.99
50794,39.955482,-105.516211,640,23919.86
50794,39.955482,-105.516211,999,36858.47
50794,39.955491,-105.509516,694,25025.42
50794,39.955491,-105.509516,945,35752.91
50794,39.955493,-105.514249,645,24090.36
50794,39.955493,-105.514249,994,36687.98
50794,39.955533,-105.513069,650,24192.35
50794,39.955533,-105.513069,989,36585.98
50794,39.955554,-105.513772,646,24131.62
50794,39.955554,-105.513772,993,36646.71
50794,39.955555,-105.510852,675,24755.91
50794,39.955555,-105.510852,964,36022.43
50794,39.955568,-105.513231,649,24177.99
50794,39.955568,-105.513231,990,36600.35
50794,39.955574,-105.513262,648,24175.26
50794,39.955574,-105.513262,991,36603.07
50794,39.955574,-105.513525,647,24152.82
50794,39.955574,-105.513525,992,36625.52
50794,39.95561,-105.516616,1000,36895.85
50794,39.95561,-105.516616,639,23882.48
50794,39.955657,-105.510914,676,24768.43
50794,39.955657,-105.510914,963,36009.9
50794,39.955778,-105.509551,693,24993.33
50794,39.955778,-105.509551,946,35785
50794,39.955794,-105.510967,677,24784.34
50794,39.955794,-105.510967,962,35993.99
50794,39.95587,-105.517385,1001,36967.57
50794,39.95587,-105.517385,638,23810.76
50794,39.955897,-105.50957,692,24979.99
50794,39.955897,-105.50957,947,35798.35
50794,39.955927,-105.510974,678,24799.16
50794,39.955927,-105.510974,961,35979.18
50794,39.955958,-105.517554,1002,36985.01
50794,39.955958,-105.517554,637,23793.33
50794,39.956001,-105.509604,691,24968.05
50794,39.956001,-105.509604,948,35810.28
50794,39.956057,-105.510938,679,24813.95
50794,39.956057,-105.510938,960,35964.38
50794,39.956057,-105.517655,1003,36999
50794,39.956057,-105.517655,636,23779.34
50794,39.956094,-105.509635,690,24957.37
50794,39.956094,-105.509635,949,35820.97
50794,39.956165,-105.517732,1004,37012.7
50794,39.956165,-105.517732,635,23765.64
50794,39.956177,-105.510862,680,24828.8
50794,39.956177,-105.510862,959,35949.53
50794,39.956207,-105.509724,689,24942.67
50794,39.956207,-105.509724,950,35835.66
50794,39.956286,-105.510742,681,24844.68
50794,39.956286,-105.510742,958,35933.66
50794,39.956289,-105.517781,1005,37027.12
50794,39.956289,-105.517781,634,23751.21
50794,39.956291,-105.50982,688,24930.24
50794,39.956291,-105.50982,951,35848.09
50794,39.956344,-105.509913,687,24920.35
50794,39.956344,-105.509913,952,35857.98
50794,39.956362,-105.510601,682,24859.39
50794,39.956362,-105.510601,957,35918.95
50794,39.956387,-105.510052,686,24907.56
50794,39.956387,-105.510052,953,35870.77
50794,39.956406,-105.51044,683,24873.97
50794,39.956406,-105.51044,956,35904.36
50794,39.956414,-105.51018,685,24896.24
50794,39.956414,-105.51018,954,35882.1
50794,39.956418,-105.510286,684,24887.18
50794,39.956418,-105.510286,955,35891.15
50794,39.956421,-105.517786,1006,37041.82
50794,39.956421,-105.517786,633,23736.51
50794,39.956579,-105.517732,1007,37060
50794,39.956579,-105.517732,632,23718.33
50794,39.956678,-105.517674,1008,37072.08
50794,39.956678,-105.517674,631,23706.25
50794,39.956734,-105.517611,1009,37080.31
50794,39.956734,-105.517611,630,23698.02
50794,39.956844,-105.517439,1010,37099.43
50794,39.956844,-105.517439,629,23678.91
50794,39.956918,-105.517183,1011,37122.77
50794,39.956918,-105.517183,628,23655.56
50794,39.956978,-105.516868,1012,37150.47
50794,39.956978,-105.516868,627,23627.86
50794,39.957169,-105.51581,1013,37243.22
50794,39.957169,-105.51581,626,23535.11
50794,39.957666,-105.514042,1014,37403.91
50794,39.957666,-105.514042,625,23374.43
50794,39.957793,-105.513586,1015,37445.3
50794,39.957793,-105.513586,624,23333.03
50794,39.958237,-105.512059,1016,37584.66
50794,39.958237,-105.512059,623,23193.67
50794,39.95837,-105.51166,1017,37621.78
50794,39.95837,-105.51166,622,23156.55
50794,39.958497,-105.511388,1018,37648.96
50794,39.958498,-105.511386,621,23129.17
50794,39.958597,-105.51121,1019,37667.79
50794,39.958597,-105.51121,620,23110.54
50794,39.958679,-105.511079,1020,37682.22
50794,39.958679,-105.511079,619,23096.11
50794,39.958761,-105.510972,1021,37695.13
50794,39.958761,-105.510972,618,23083.2
50794,39.958936,-105.510787,1022,37720.21
50794,39.958936,-105.510787,617,23058.13
50794,39.95909,-105.510666,1023,37740.22
50794,39.95909,-105.510666,616,23038.11
50794,39.95922,-105.510584,1024,37756.29
50794,39.95922,-105.510584,615,23022.04
50794,39.959379,-105.510487,1025,37775.83
50794,39.959379,-105.510487,614,23002.5
50794,39.959496,-105.510428,1026,37789.8
50794,39.959496,-105.510428,613,22988.54
50794,39.959611,-105.510378,1027,37803.29
50794,39.959611,-105.510378,612,22975.04
50794,39.959985,-105.510328,1028,37845.14
50794,39.959985,-105.510328,611,22933.19
50794,39.960047,-105.509726,476,19546.37
50794,39.960047,-105.509759,1038,38031.8
50794,39.960047,-105.509759,475,19543.55
50794,39.960048,-105.509693,1039,38037.44
50794,39.960052,-105.509234,1040,38076.6
50794,39.960053,-105.509192,477,19591.94
50794,39.960054,-105.509076,1041,38090.09
50794,39.960054,-105.509076,478,19601.83
50794,39.960112,-105.509077,1042,38096.54
50794,39.960112,-105.509077,479,19608.29
50794,39.96021,-105.509763,1037,38013.66
50794,39.96021,-105.509763,474,19525.4
50794,39.96022,-105.509078,1043,38108.57
50794,39.96022,-105.509078,480,19620.31
50794,39.960242,-105.510324,1029,37873.75
50794,39.960242,-105.510324,610,22904.58
50794,39.960268,-105.509764,1036,38007.2
50794,39.960268,-105.509764,473,19518.95
50794,39.960303,-105.510322,1030,37880.55
50794,39.960303,-105.510322,609,22897.79
50794,39.960346,-105.509766,1035,37998.52
50794,39.960346,-105.509766,472,19510.26
50794,39.960356,-105.509079,1044,38123.71
50794,39.960356,-105.509079,481,19635.45
50794,39.960391,-105.509079,1045,38127.6
50794,39.96049,-105.50977,1034,37982.48
50794,39.96049,-105.50977,471,19494.23
50794,39.960495,-105.509081,1046,38139.18
50794,39.960495,-105.509081,482,19650.93
50794,39.960635,-105.51031,1031,37917.52
50794,39.960635,-105.51031,1052,38268.04
50794,39.960635,-105.51031,468,19429.27
50794,39.960635,-105.51031,489,19779.79
50794,39.960635,-105.51031,608,22860.82
50794,39.960637,-105.510173,1032,37929.21
50794,39.960637,-105.510173,1051,38256.35
50794,39.960637,-105.510173,469,19440.96
50794,39.960637,-105.510173,488,19768.1
50794,39.96065,-105.509954,1050,38237.61
50794,39.96065,-105.51031,467,19427.6
50794,39.960661,-105.509773,1033,37963.44
50794,39.960661,-105.509773,1049,38222.12
50794,39.960661,-105.509773,470,19475.19
50794,39.960661,-105.509773,487,19733.86
50794,39.960665,-105.509686,1048,38214.68
50794,39.960665,-105.509686,486,19726.43
50794,39.960679,-105.509505,485,19710.91
50794,39.960711,-105.509086,1047,38163.23
50794,39.960711,-105.509086,483,19674.98
50794,39.96079,-105.510314,1053,38285.3
50794,39.96079,-105.510314,466,19412.01
50794,39.96079,-105.510314,490,19797.05
50794,39.96079,-105.510314,607,22843.56
50794,39.960943,-105.51034,1054,38302.48
50794,39.960943,-105.51034,465,19394.83
50794,39.960943,-105.51034,491,19814.22
50794,39.960943,-105.51034,606,22826.38
50794,39.961078,-105.510376,1055,38317.82
50794,39.961078,-105.510376,464,19379.49
50794,39.961078,-105.510376,492,19829.56
50794,39.961078,-105.510376,605,22811.04
50794,39.961418,-105.510512,1056,38357.4
50794,39.961418,-105.510512,463,19339.9
50794,39.961418,-105.510512,493,19869.15
50794,39.961418,-105.510512,604,22771.46
50794,39.9615,-105.51054,1057,38366.84
50794,39.9615,-105.51054,462,19330.47
50794,39.9615,-105.51054,494,19878.59
50794,39.9615,-105.51054,603,22762.02
50794,39.961546,-105.510549,1058,38372.02
50794,39.961546,-105.510549,461,19325.29
50794,39.961546,-105.510549,495,19883.76
50794,39.961546,-105.510549,602,22756.84
50794,39.961585,-105.510552,1059,38376.37
50794,39.961585,-105.510552,460,19320.94
50794,39.961585,-105.510552,496,19888.11
50794,39.961585,-105.510552,601,22752.49
50794,39.961627,-105.510546,1060,38381.07
50794,39.961627,-105.510546,459,19316.24
50794,39.961627,-105.510546,497,19892.82
50794,39.961627,-105.510546,600,22747.79
50794,39.961663,-105.510538,1061,38385.13
50794,39.961663,-105.510538,458,19312.17
50794,39.961663,-105.510538,498,19896.88
50794,39.961663,-105.510538,599,22743.72
50794,39.961705,-105.510522,1062,38390.01
50794,39.961705,-105.510522,457,19307.3
50794,39.961705,-105.510522,499,19901.75
50794,39.961705,-105.510522,598,22738.85
50794,39.96174,-105.5105,1063,38394.33
50794,39.96174,-105.5105,456,19302.98
50794,39.96174,-105.5105,500,19906.08
50794,39.96174,-105.5105,597,22734.53
50794,39.961751,-105.510493,1064,38395.69
50794,39.961751,-105.510493,455,19301.62
50794,39.961751,-105.510493,501,19907.44
50794,39.961751,-105.510493,596,22733.17
50794,39.961766,-105.510483,454,19299.74
50794,39.961766,-105.510483,595,22731.29
50794,39.961798,-105.510458,1065,38401.72
50794,39.961798,-105.510458,453,19295.59
50794,39.961798,-105.510458,502,19913.46
50794,39.961798,-105.510458,594,22727.14
50794,39.96186,-105.50862,508,20075.23
50794,39.961862,-105.508907,507,20050.75
50794,39.961867,-105.505951,1068,38791.21
50794,39.961867,-105.505951,510,20302.96
50794,39.961867,-105.505979,509,20300.57
50794,39.961867,-105.506037,1067,38783.87
50794,39.961867,-105.509493,506,20000.74
50794,39.961872,-105.510138,505,19945.71
50794,39.961873,-105.510276,504,19933.93
50794,39.961874,-105.510402,1066,38411.43
50794,39.961874,-105.510402,452,19285.87
50794,39.961874,-105.510402,503,19923.18
50794,39.961874,-105.510402,593,22717.42
50794,39.961904,-105.510378,451,19281.95
50794,39.961904,-105.510378,592,22713.51
50794,39.961939,-105.510361,450,19277.8
50794,39.961939,-105.510361,591,22709.35
50794,39.96196,-105.510352,449,19275.34
50794,39.96196,-105.510352,590,22706.89
50794,39.961998,-105.510344,448,19271.05
50794,39.961998,-105.510344,589,22702.6
50794,39.962168,-105.505727,1069,38829.78
50794,39.962168,-105.505727,511,20341.54
50794,39.962231,-105.512508,1112,39784
50794,39.962231,-105.512508,1114,39837.41
50794,39.962231,-105.512508,436,18984.29
50794,39.962231,-105.512508,579,22415.88
50794,39.962231,-105.512578,1111,39778.03
50794,39.962231,-105.512806,1110,39758.57
50794,39.962231,-105.512806,1115,39862.84
50794,39.962231,-105.512806,435,18958.86
50794,39.962231,-105.512806,578,22390.45
50794,39.962232,-105.505679,1070,38838
50794,39.962232,-105.505679,512,20349.76
50794,39.962232,-105.512195,1113,39810.7
50794,39.962232,-105.512195,437,19011
50794,39.962232,-105.512195,581,22442.58
50794,39.962232,-105.512209,580,22441.39
50794,39.962235,-105.513055,1109,39737.32
50794,39.962235,-105.513065,1116,39884.94
50794,39.962235,-105.513065,434,18936.76
50794,39.962235,-105.513065,577,22368.35
50794,39.96225,-105.513159,1108,39728.29
50794,39.96225,-105.513159,1117,39893.13
50794,39.96225,-105.513159,433,18928.57
50794,39.96225,-105.513159,576,22360.16
50794,39.962289,-105.513224,1107,39721.25
50794,39.962289,-105.513224,1118,39900.18
50794,39.962289,-105.513224,432,18921.52
50794,39.962289,-105.513224,575,22353.11
50794,39.962303,-105.505636,1071,38846.71
50794,39.962334,-105.513242,1106,39716.01
50794,39.962334,-105.513242,1119,39905.41
50794,39.962334,-105.513242,431,18916.28
50794,39.962334,-105.513242,574,22347.87
50794,39.962379,-105.50559,513,20367.8
50794,39.962402,-105.513251,1105,39708.4
50794,39.962408,-105.510315,447,19225.34
50794,39.962408,-105.510315,588,22656.89
50794,39.962416,-105.513253,1104,39706.83
50794,39.962416,-105.513253,1120,39914.59
50794,39.962416,-105.513253,430,18907.11
50794,39.962416,-105.513253,573,22338.7
50794,39.962455,-105.510332,446,19219.91
50794,39.962462,-105.513258,1103,39701.7
50794,39.962462,-105.513258,1121,39919.73
50794,39.962462,-105.513258,429,18901.97
50794,39.962462,-105.513258,572,22333.56
50794,39.962471,-105.505535,1072,38867.31
50794,39.962471,-105.505535,514,20379.06
50794,39.962514,-105.512196,438,19042.39
50794,39.962514,-105.512196,582,22473.98
50794,39.962531,-105.513261,1102,39694.01
50794,39.962531,-105.513261,1122,39927.41
50794,39.962531,-105.513261,428,18894.28
50794,39.962531,-105.513261,571,22325.87
50794,39.962535,-105.51036,445,19210.69
50794,39.962535,-105.51036,587,22642.24
50794,39.96255,-105.510382,444,19208.18
50794,39.962569,-105.510399,443,19205.62
50794,39.962569,-105.510399,586,22637.21
50794,39.962593,-105.505478,1073,38881.73
50794,39.962593,-105.505478,515,20393.49
50794,39.962595,-105.510546,1097,39454.59
50794,39.962595,-105.510546,442,19192.75
50794,39.962595,-105.510546,585,22624.33
50794,39.962595,-105.510984,441,19155.37
50794,39.962595,-105.511269,1098,39516.28
50794,39.962595,-105.511269,440,19131.06
50794,39.962595,-105.511269,584,22562.65
50794,39.962596,-105.513267,1101,39686.76
50794,39.962596,-105.513267,1123,39934.67
50794,39.962596,-105.513267,427,18887.03
50794,39.962596,-105.513267,570,22318.62
50794,39.962598,-105.512727,1100,39640.68
50794,39.9626,-105.512196,1099,39595.37
50794,39.9626,-105.512196,439,19051.96
50794,39.9626,-105.512196,583,22483.55
50794,39.962601,-105.513611,1124,39964.03
50794,39.962601,-105.513611,426,18857.67
50794,39.962601,-105.513611,569,22289.26
50794,39.962604,-105.513681,1125,39970.01
50794,39.962608,-105.513783,1126,39978.72
50794,39.962608,-105.513783,425,18842.98
50794,39.962608,-105.513783,568,22274.57
50794,39.962616,-105.510467,1096,39447.46
50794,39.962632,-105.510415,1095,39442.68
50794,39.962632,-105.513976,1127,39995.4
50794,39.962632,-105.513976,424,18826.3
50794,39.962632,-105.513976,567,22257.88
50794,39.962664,-105.514184,1128,40013.5
50794,39.962664,-105.514184,423,18808.2
50794,39.962664,-105.514184,566,22239.78
50794,39.962666,-105.510402,1094,39438.73
50794,39.962694,-105.510375,1093,39434.86
50794,39.962711,-105.514393,1129,40032.09
50794,39.962711,-105.514393,422,18789.61
50794,39.962711,-105.514393,565,22221.2
50794,39.962713,-105.510218,1089,39420.37
50794,39.962714,-105.510339,1092,39431.06
50794,39.962723,-105.510253,1090,39423.55
50794,39.962724,-105.510297,1091,39427.31
50794,39.962766,-105.510053,1088,39405.1
50794,39.962878,-105.509765,1087,39377.55
50794,39.96289,-105.515059,1130,40092.31
50794,39.96289,-105.515059,421,18729.39
50794,39.96289,-105.515059,564,22160.98
50794,39.962945,-105.509594,1086,39361.16
50794,39.962946,-105.505264,1074,38925.06
50794,39.962946,-105.505264,516,20436.82
50794,39.962991,-105.515352,420,18701.98
50794,39.963005,-105.515392,1131,40123.47
50794,39.963005,-105.515392,419,18698.23
50794,39.963005,-105.515392,563,22129.82
50794,39.963008,-105.505233,1075,38932.45
50794,39.963008,-105.505233,517,20444.21
50794,39.963066,-105.515523,1132,40136.55
50794,39.963066,-105.515523,418,18685.15
50794,39.963066,-105.515523,562,22116.74
50794,39.963111,-105.505181,1076,38944.75
50794,39.963111,-105.505181,518,20456.5
50794,39.963132,-105.515625,1133,40147.94
50794,39.963132,-105.515625,417,18673.76
50794,39.963132,-105.515625,561,22105.35
50794,39.963187,-105.505085,1077,38956.52
50794,39.963187,-105.505085,519,20468.28
50794,39.963205,-105.515723,1134,40159.6
50794,39.963205,-105.515723,416,18662.1
50794,39.963205,-105.515723,560,22093.69
50794,39.963231,-105.50503,1078,38963.31
50794,39.963231,-105.50503,520,20475.06
50794,39.963235,-105.50615,1079,39058.87
50794,39.963235,-105.50615,521,20570.62
50794,39.963236,-105.506566,1080,39094.36
50794,39.963236,-105.506566,522,20606.12
50794,39.963236,-105.506574,523,20606.8
50794,39.963236,-105.506631,1081,39099.91
50794,39.963236,-105.506824,1082,39116.37
50794,39.963236,-105.506824,524,20628.13
50794,39.963239,-105.508607,1083,39268.5
50794,39.963239,-105.508607,525,20780.26
50794,39.963252,-105.508737,1084,39279.69
50794,39.963257,-105.508793,1085,39284.5
50794,39.963257,-105.508793,526,20796.25
50794,39.963275,-105.510359,527,20929.88
50794,39.963297,-105.51495,532,21321.72
50794,39.963303,-105.511274,528,21008.01
50794,39.963306,-105.515818,1135,40173.46
50794,39.963306,-105.515818,415,18648.24
50794,39.963306,-105.515818,533,21395.79
50794,39.963306,-105.515818,559,22079.83
50794,39.963308,-105.514088,531,21248.17
50794,39.963315,-105.51367,530,21212.49
50794,39.963329,-105.5128,529,21138.25
50794,39.963603,-105.515924,1136,40207.73
50794,39.963603,-105.515924,414,18613.97
50794,39.963603,-105.515924,534,21430.07
50794,39.963605,-105.515924,558,22045.34
50794,39.963684,-105.51591,1137,40216.83
50794,39.963769,-105.515896,535,21448.7
50794,39.96385,-105.515882,1138,40235.46
50794,39.96385,-105.515882,413,18586.24
50794,39.96385,-105.515882,536,21457.79
50794,39.96385,-105.515882,557,22017.83
50794,39.96402,-105.515818,1139,40255.16
50794,39.96402,-105.515818,412,18566.54
50794,39.96402,-105.515818,537,21477.49
50794,39.96402,-105.515818,556,21998.14
50794,39.964203,-105.515635,1140,40280.82
50794,39.964203,-105.515635,1143,40326.6
50794,39.964203,-105.515635,411,18540.88
50794,39.964203,-105.515635,538,21503.16
50794,39.964203,-105.515635,555,21972.47
50794,39.964293,-105.515479,1141,40297.48
50794,39.964293,-105.515479,1144,40343.26
50794,39.964293,-105.515479,410,18524.22
50794,39.964293,-105.515479,539,21519.82
50794,39.964293,-105.515479,554,21955.81
50794,39.964312,-105.515409,1142,40303.82
50794,39.964312,-105.515409,1145,40349.6
50794,39.964326,-105.513897,1149,40480.06
50794,39.964326,-105.513897,405,18387.41
50794,39.964326,-105.513897,543,21656.62
50794,39.964326,-105.513897,549,21819.01
50794,39.9643275,-105.5153495,553,21944.11
50794,39.964347,-105.513456,1150,40517.76
50794,39.964347,-105.513456,404,18349.71
50794,39.964347,-105.513456,544,21694.32
50794,39.964347,-105.513456,548,21781.31
50794,39.964347,-105.514217,1148,40452.66
50794,39.964347,-105.514217,406,18414.82
50794,39.964347,-105.514217,542,21629.22
50794,39.964347,-105.514217,550,21846.41
50794,39.964362,-105.51522,1146,40366.66
50794,39.964362,-105.51522,409,18500.82
50794,39.964362,-105.51522,540,21543.21
50794,39.964362,-105.51522,552,21932.42
50794,39.964376,-105.515081,408,18488.86
50794,39.964392,-105.514927,1147,40391.88
50794,39.964392,-105.514927,407,18475.6
50794,39.964392,-105.514927,541,21568.43
50794,39.964392,-105.514927,551,21907.19
50794,39.96441,-105.513259,545,21712.53
50794,39.964426,-105.513208,1151,40540.68
50794,39.964426,-105.513208,403,18326.8
50794,39.964426,-105.513208,547,21758.39
50794,39.964541,-105.513018,1152,40561.33
50794,39.964541,-105.513018,402,18306.14
50794,39.964541,-105.513018,546,21737.74
50794,39.964611,-105.512901,1154,40574
50794,39.965163,-105.512211,1155,40659.09
50794,39.965197,-105.512159,401,18202.68
50794,39.965429,-105.511805,1156,40704.67
50794,39.965429,-105.511805,400,18162.94
50794,39.96571,-105.511209,1157,40764.37
50794,39.96571,-105.511209,399,18103.24
50794,39.965848,-105.51085,1158,40798.63
50794,39.965848,-105.51085,398,18068.98
50794,39.965879,-105.510718,1159,40810.41
50794,39.965879,-105.510718,397,18057.2
50794,39.965992,-105.510284,1160,40849.52
50794,39.965992,-105.510284,396,18018.09
50794,39.965997,-105.510265,1161,40851.23
50794,39.965997,-105.510265,395,18016.38
50794,39.966246,-105.509074,1162,40956.56
50794,39.966246,-105.509074,394,17911.05
50794,39.966279,-105.508962,393,17900.81
50794,39.966302,-105.508884,1163,40973.93
50794,39.966302,-105.508884,392,17893.68
50794,39.966413,-105.508661,1164,40996.61
50794,39.966413,-105.508661,391,17871
50794,39.966588,-105.508447,1165,41023.31
50794,39.966588,-105.508447,390,17844.3
50794,39.966766,-105.508331,1166,41045.46
50794,39.966766,-105.508331,389,17822.15
50794,39.966941,-105.508271,1167,41065.6
50794,39.966941,-105.508271,388,17802.01
50794,39.967338,-105.508202,1168,41110.19
50794,39.967338,-105.508202,387,17757.42
50794,39.96816,-105.508133,386,17665.73
50794,39.968229,-105.508127,385,17658.03
50794,39.968313,-105.50812,384,17648.66
50794,39.968515,-105.508103,1169,41241.48
50794,39.968515,-105.508103,383,17626.13
50794,39.969265,-105.508022,1170,41325.26
50794,39.969265,-105.508022,382,17542.35
50794,39.969515,-105.507996,1171,41353.17
50794,39.969515,-105.507996,381,17514.44
50794,39.970257,-105.507928,1172,41435.98
50794,39.970257,-105.507928,380,17431.63
50794,39.97046,-105.50791,1173,41458.63
50794,39.97046,-105.50791,379,17408.98
50794,39.970929,-105.507916,1174,41510.84
50794,39.970929,-105.507916,378,17356.77
50794,39.971332,-105.50801,1175,41556.41
50794,39.971332,-105.50801,377,17311.2
50794,39.971809,-105.508178,1176,41611.41
50794,39.971809,-105.508178,376,17256.2
50794,39.97243,-105.508499,1177,41685.77
50794,39.97243,-105.508499,375,17181.84
50794,39.974313,-105.509517,1178,41912.66
50794,39.974313,-105.509517,374,16954.95
50794,39.97468,-105.509611,1179,41954.29
50794,39.97468,-105.509611,373,16913.32
50794,39.975023,-105.509598,1180,41992.49
50794,39.975023,-105.509598,372,16875.12
50794,39.97542,-105.50945,1181,42038.45
50794,39.97542,-105.50945,371,16829.16
50794,39.975699,-105.509261,1182,42073.45
50794,39.975699,-105.509261,370,16794.16
50794,39.978115,-105.507022,1183,42403.32
50794,39.978115,-105.507022,369,16464.29
50794,39.978696,-105.506522,1184,42480.79
50794,39.978696,-105.506522,368,16386.82
50794,39.980601,-105.505187,1185,42721.49
50794,39.980601,-105.505187,367,16146.12
50794,39.980904,-105.504831,1186,42766.88
50794,39.980904,-105.504831,366,16100.73
50794,39.981113,-105.504546,1187,42800.53
50794,39.981113,-105.504546,365,16067.08
50794,39.981265,-105.504241,1188,42831.56
50794,39.981265,-105.504241,364,16036.05
50794,39.981445,-105.503693,1189,42882.42
50794,39.981445,-105.503693,363,15985.19
50794,39.981527,-105.5032,1190,42925.45
50794,39.981527,-105.5032,362,15942.16
50794,39.981562,-105.502728,1191,42965.9
50794,39.981562,-105.502728,361,15901.71
50794,39.981611,-105.500695,1192,43139.4
50794,39.981611,-105.500695,360,15728.21
50794,39.981662,-105.50022,1193,43180.31
50794,39.981662,-105.50022,359,15687.3
50794,39.981733,-105.499864,1194,43211.69
50794,39.981733,-105.499864,358,15655.92
50794,39.981839,-105.499593,1195,43237.64
50794,39.981839,-105.499593,357,15629.97
50794,39.981985,-105.499295,1196,43267.81
50794,39.981985,-105.499295,356,15599.8
50794,39.98216,-105.499075,1197,43294.86
50794,39.98216,-105.499075,355,15572.75
50794,39.982439,-105.498788,1198,43334.41
50794,39.982439,-105.498788,354,15533.2
50794,39.982836,-105.498447,1199,43387.32
50794,39.982836,-105.498447,353,15480.29
50794,39.98314,-105.498045,1200,43435.49
50794,39.98314,-105.498045,352,15432.12
50794,39.98327,-105.497858,1201,43457.03
50794,39.98327,-105.497858,351,15410.58
50794,39.984733,-105.495612,1202,43708.47
50794,39.984733,-105.495612,350,15159.14
50794,39.985,-105.495328,1203,43746.82
50794,39.985,-105.495328,349,15120.79
50794,39.985284,-105.495111,1204,43783.45
50794,39.985284,-105.495111,348,15084.16
50794,39.985567,-105.494982,1205,43816.82
50794,39.985567,-105.494982,347,15050.79
50794,39.985888,-105.494875,1206,43853.7
50794,39.985888,-105.494875,346,15013.91
50794,39.986221,-105.494864,1207,43890.78
50794,39.986221,-105.494864,345,14976.83
50794,39.986546,-105.4949,1208,43927.09
50794,39.986546,-105.4949,344,14940.52
50794,39.986936,-105.495041,1209,43972.14
50794,39.986936,-105.495041,343,14895.47
50794,39.987179,-105.495185,1210,44001.85
50794,39.987179,-105.495185,342,14865.76
50794,39.987203,-105.495199,1211,44004.78
50794,39.987203,-105.495199,341,14862.83
50794,39.987452,-105.495416,1212,44038.11
50794,39.987452,-105.495416,340,14829.5
50794,39.987643,-105.495639,1213,44066.63
50794,39.987643,-105.495639,339,14800.98
50794,39.987836,-105.495918,1214,44098.69
50794,39.987836,-105.495918,338,14768.92
50794,39.988015,-105.496264,1215,44134.3
50794,39.988015,-105.496264,337,14733.31
50794,39.988558,-105.497589,1216,44262.46
50794,39.988558,-105.497589,336,14605.15
50794,39.988709,-105.497887,1217,44292.93
50794,39.988709,-105.497887,335,14574.68
50794,39.98891,-105.498212,1218,44328.56
50794,39.98891,-105.498212,334,14539.05
50794,39.989227,-105.498506,1219,44371.85
50794,39.989227,-105.498506,333,14495.76
50794,39.989422,-105.498606,1220,44395.17
50794,39.989422,-105.498606,332,14472.44
50794,39.98964,-105.498672,1221,44420.08
50794,39.98964,-105.498672,331,14447.53
50794,39.990016,-105.494126,1238,44948.15
50794,39.990016,-105.494126,314,13919.46
50794,39.990041,-105.494456,1237,44919.87
50794,39.990041,-105.494456,315,13947.74
50794,39.990045,-105.49381,1239,44975.29
50794,39.990045,-105.49381,313,13892.32
50794,39.990096,-105.494708,1236,44897.52
50794,39.990096,-105.494708,316,13970.09
50794,39.990099,-105.498646,1222,44471.23
50794,39.990099,-105.498646,330,14396.38
50794,39.990136,-105.493493,1240,45004.17
50794,39.990136,-105.493493,312,13863.44
50794,39.990228,-105.494995,1235,44868.97
50794,39.990228,-105.494995,317,13998.64
50794,39.990257,-105.493257,1241,45028.38
50794,39.990257,-105.493257,311,13839.23
50794,39.990333,-105.498528,1223,44499.15
50794,39.990333,-105.498528,329,14368.46
50794,39.990364,-105.495228,1234,44843.99
50794,39.990364,-105.495228,318,14023.62
50794,39.990405,-105.493083,1242,45050.56
50794,39.990405,-105.493083,310,13817.05
50794,39.990514,-105.498404,1224,44521.91
50794,39.990514,-105.498404,328,14345.7
50794,39.990557,-105.492922,1243,45072.35
50794,39.990557,-105.492922,309,13795.26
50794,39.990623,-105.492873,308,13786.81
50794,39.990666,-105.498261,1225,44542.76
50794,39.990666,-105.498261,327,14324.85
50794,39.990748,-105.49278,1244,45096.82
50794,39.990748,-105.49278,307,13770.79
50794,39.99081,-105.49586,1233,44770.71
50794,39.99081,-105.49586,319,14096.9
50794,39.99082,-105.498072,1226,44566.3
50794,39.99082,-105.498072,326,14301.31
50794,39.990943,-105.492718,1245,45119.16
50794,39.990943,-105.492718,306,13748.45
50794,39.990951,-105.496146,1232,44741.7
50794,39.990951,-105.496146,320,14125.91
50794,39.990974,-105.497771,1227,44597.16
50794,39.990974,-105.497771,325,14270.45
50794,39.991054,-105.496433,1231,44714.67
50794,39.991054,-105.496433,321,14152.94
50794,39.991075,-105.497458,1228,44626.13
50794,39.991075,-105.497458,324,14241.48
50794,39.991114,-105.496792,1230,44683.33
50794,39.991114,-105.496792,322,14184.28
50794,39.991118,-105.497122,1229,44655.18
50794,39.991118,-105.497122,323,14212.43
50794,39.99112,-105.492699,1246,45138.93
50794,39.99112,-105.492699,305,13728.68
50794,39.991338,-105.49271,1247,45163.22
50794,39.991338,-105.49271,304,13704.39
50794,39.99154,-105.492794,1248,45186.82
50794,39.99154,-105.492794,303,13680.79
50794,39.991777,-105.492954,1249,45216.52
50794,39.991777,-105.492954,302,13651.09
50794,39.992016,-105.493225,1250,45251.76
50794,39.992016,-105.493225,301,13615.85
50794,39.992304,-105.493734,1251,45305.73
50794,39.992304,-105.493734,300,13561.88
50794,39.992928,-105.494896,1252,45426.75
50794,39.992928,-105.494896,299,13440.86
50794,39.993171,-105.495309,1253,45471.16
50794,39.993171,-105.495309,298,13396.45
50794,39.993263,-105.495473,1254,45488.5
50794,39.993284,-105.49551,1255,45492.42
50794,39.993284,-105.49551,297,13375.19
50794,39.993434,-105.495703,1256,45515.87
50794,39.993434,-105.495703,296,13351.74
50794,39.993629,-105.495878,1257,45542.21
50794,39.993629,-105.495878,295,13325.4
50794,39.993898,-105.496071,1258,45576.38
50794,39.993898,-105.496071,294,13291.23
50794,39.994136,-105.496174,1259,45604.3
50794,39.994136,-105.496174,293,13263.32
50794,39.995427,-105.496516,1260,45750.94
50794,39.995427,-105.496516,292,13116.67
50794,39.996151,-105.496892,1261,45837.68
50794,39.996151,-105.496892,291,13029.93
50794,39.996681,-105.497266,1262,45904.75
50794,39.996681,-105.497266,290,12962.86
50794,39.997177,-105.497713,1263,45971.84
50794,39.997177,-105.497713,289,12895.77
50794,39.997492,-105.498075,1264,46018.56
50794,39.997492,-105.498075,288,12849.05
50794,39.997665,-105.49827,1265,46044
50794,39.997665,-105.49827,287,12823.61
50794,39.998096,-105.498954,1266,46119.53
50794,39.998096,-105.498954,286,12748.08
50794,39.998343,-105.499418,1267,46167.72
50794,39.998343,-105.499418,285,12699.89
50794,39.998618,-105.500022,1268,46227.63
50794,39.998618,-105.500022,284,12639.98
50794,39.99952,-105.502352,1269,46450.26
50794,39.99952,-105.502352,283,12417.35
50794,39.999751,-105.502718,1270,46490.7
50794,39.999751,-105.502718,282,12376.91
50794,40.000005,-105.502967,1271,46526.06
50794,40.000005,-105.502967,281,12341.55
50794,40.000205,-105.503106,1272,46551.28
50794,40.000205,-105.503106,280,12316.33
50794,40.000424,-105.503221,1273,46577.56
50794,40.000424,-105.503221,279,12290.05
50794,40.000695,-105.503297,1274,46608.42
50794,40.000695,-105.503297,278,12259.19
50794,40.000934,-105.503307,1275,46635.03
50794,40.000934,-105.503307,277,12232.58
50794,40.001203,-105.503257,1276,46665.28
50794,40.001203,-105.503257,276,12202.33
50794,40.001417,-105.503174,1277,46690.13
50794,40.001417,-105.503174,275,12177.48
50794,40.001632,-105.503055,1278,46716.13
50794,40.001632,-105.503055,274,12151.48
50794,40.001747,-105.502959,1279,46731.32
50794,40.001747,-105.502959,273,12136.29
50794,40.001873,-105.502833,1280,46748.99
50794,40.001873,-105.502833,272,12118.62
50794,40.002051,-105.50261,1281,46776.46
50794,40.002051,-105.50261,271,12091.15
50794,40.002184,-105.502368,1282,46801.85
50794,40.002184,-105.502368,270,12065.76
50794,40.003014,-105.500229,1283,47006.32
50794,40.003014,-105.500229,269,11861.29
50794,40.00326,-105.499853,1284,47048.48
50794,40.00326,-105.499853,268,11819.13
50794,40.003547,-105.49952,1285,47091.23
50794,40.003547,-105.49952,267,11776.38
50794,40.003964,-105.499324,1286,47140.57
50794,40.003964,-105.499324,266,11727.04
50794,40.004281,-105.499271,1287,47176.14
50794,40.004281,-105.499271,265,11691.47
50794,40.004525,-105.499273,1288,47203.3
50794,40.004525,-105.499273,264,11664.31
50794,40.00477,-105.499316,1289,47230.82
50794,40.00477,-105.499316,263,11636.79
50794,40.004954,-105.499416,1290,47253.01
50794,40.004954,-105.499416,262,11614.6
50794,40.005191,-105.499584,1291,47283.03
50794,40.005191,-105.499584,261,11584.58
50794,40.005503,-105.499901,1292,47327.04
50794,40.005503,-105.499901,260,11540.57
50794,40.005848,-105.500387,1293,47383.54
50794,40.005848,-105.500387,259,11484.07
50794,40.006403,-105.501156,1294,47473.63
50794,40.006403,-105.501156,258,11393.98
50794,40.006738,-105.50151,1295,47521.61
50794,40.006738,-105.50151,257,11346
50794,40.006997,-105.501736,1296,47556.29
50794,40.006997,-105.501736,256,11311.32
50794,40.007332,-105.501966,1297,47598.42
50794,40.007332,-105.501966,255,11269.19
50794,40.007679,-105.502152,1298,47640.18
50794,40.007679,-105.502152,254,11227.43
50794,40.008934,-105.502658,1299,47786.4
50794,40.008934,-105.502658,253,11081.21
50794,40.008947,-105.502663,1300,47787.91
50794,40.008947,-105.502663,252,11079.7
50794,40.010064,-105.503071,1301,47917.02
50794,40.010064,-105.503071,251,10950.59
50794,40.010509,-105.503297,1302,47970.18
50794,40.010509,-105.503297,250,10897.43
50794,40.010865,-105.503509,1303,48013.73
50794,40.010865,-105.503509,249,10853.88
50794,40.011202,-105.503814,1304,48059.38
50794,40.011202,-105.503814,248,10808.23
50794,40.01157,-105.504305,1305,48117.95
50794,40.01157,-105.504305,247,10749.66
50794,40.011791,-105.504649,1306,48156.24
50794,40.011791,-105.504649,246,10711.38
50794,40.011942,-105.504981,1307,48189.16
50794,40.011942,-105.504981,245,10678.45
50794,40.01226,-105.505735,1308,48262.55
50794,40.01226,-105.505735,244,10605.07
50794,40.012823,-105.507119,1309,48396.16
50794,40.012823,-105.507119,243,10471.45
50794,40.013032,-105.507484,1310,48435.01
50794,40.013032,-105.507484,242,10432.6
50794,40.013277,-105.50776,1311,48471.03
50794,40.013277,-105.50776,241,10396.58
50794,40.013571,-105.507993,1312,48509.32
50794,40.013571,-105.507993,240,10358.29
50794,40.01391,-105.50821,1313,48551.35
50794,40.01391,-105.50821,239,10316.26
50794,40.014441,-105.508353,1314,48611.7
50794,40.014441,-105.508353,238,10255.91
50794,40.014745,-105.508434,1315,48646.24
50794,40.014745,-105.508434,237,10221.37
50794,40.016205,-105.508826,1316,48812.17
50794,40.016205,-105.508826,236,10055.44
50794,40.016865,-105.509003,1317,48887.17
50794,40.016865,-105.509003,235,9980.44
50794,40.017188,-105.50909,1318,48923.88
50794,40.017188,-105.50909,234,9943.73
50794,40.017829,-105.509328,1319,48998.07
50794,40.017829,-105.509328,233,9869.54
50794,40.018008,-105.509417,232,9848.22
50794,40.018211,-105.509517,1320,49043.54
50794,40.018211,-105.509517,231,9824.07
50794,40.018495,-105.509745,1321,49080.66
50794,40.018495,-105.509745,230,9786.95
50794,40.018836,-105.510026,1322,49125.54
50794,40.018836,-105.510026,229,9742.07
50794,40.01914,-105.510383,1323,49171.06
50794,40.01914,-105.510383,228,9696.55
50794,40.019464,-105.510839,1324,49224.09
50794,40.019464,-105.510839,227,9643.52
50794,40.019764,-105.511354,1325,49279.25
50794,40.019764,-105.511354,226,9588.36
50794,40.02028,-105.51236,1326,49382.47
50794,40.02028,-105.51236,225,9485.14
50794,40.020528,-105.512824,1327,49430.71
50794,40.020528,-105.512824,224,9436.9
50794,40.020739,-105.513178,1328,49468.95
50794,40.020739,-105.513178,223,9398.66
50794,40.020974,-105.513508,1329,49507.36
50794,40.020974,-105.513508,222,9360.25
50794,40.021243,-105.51383,1330,49547.99
50794,40.021243,-105.51383,221,9319.62
50794,40.021703,-105.514254,1331,49610.67
50794,40.021703,-105.514254,220,9256.94
50794,40.02211,-105.514516,1332,49661.18
50794,40.02211,-105.514516,219,9206.43
50794,40.023431,-105.515372,1333,49825.34
50794,40.023431,-105.515372,218,9042.27
50794,40.024078,-105.515793,1334,49905.81
50794,40.024078,-105.515793,217,8961.8
50794,40.024564,-105.516045,1335,49964.02
50794,40.024564,-105.516045,216,8903.59
50794,40.024909,-105.516163,1336,50003.72
50794,40.024909,-105.516163,215,8863.89
50794,40.025333,-105.51623,1337,50051.27
50794,40.025333,-105.51623,214,8816.34
50794,40.025606,-105.516249,1338,50081.7
50794,40.025606,-105.516249,213,8785.91
50794,40.02592,-105.516236,1339,50116.67
50794,40.02592,-105.516236,212,8750.94
50794,40.026152,-105.516185,1340,50142.86
50794,40.026152,-105.516185,211,8724.75
50794,40.0272,-105.515938,1341,50261.41
50794,40.0272,-105.515938,210,8606.2
50794,40.027398,-105.515903,1342,50283.65
50794,40.027398,-105.515903,209,8583.96
50794,40.027773,-105.51589,1343,50325.41
50794,40.027773,-105.51589,208,8542.2
50794,40.028145,-105.51592,1344,50366.9
50794,40.028145,-105.51592,207,8500.71
50794,40.028863,-105.516128,1345,50448.77
50794,40.028863,-105.516128,206,8418.84
50794,40.029338,-105.516378,1346,50505.78
50794,40.029338,-105.516378,205,8361.83
50794,40.029414,-105.516418,1347,50514.9
50794,40.029414,-105.516418,204,8352.71
50794,40.030054,-105.516949,1348,50599.31
50794,40.030054,-105.516949,203,8268.3
50794,40.030332,-105.517252,1349,50639.62
50794,40.030332,-105.517252,202,8227.99
50794,40.030551,-105.51755,1350,50674.82
50794,40.030551,-105.51755,201,8192.79
50794,40.030811,-105.517958,1351,50720.07
50794,40.030811,-105.517958,200,8147.54
50794,40.031223,-105.51877,1352,50803.1
50794,40.031223,-105.51877,199,8064.51
50794,40.032423,-105.521351,1353,51060.47
50794,40.032423,-105.521351,198,7807.14
50794,40.032618,-105.521761,1354,51101.61
50794,40.032618,-105.521761,197,7766
50794,40.032831,-105.522067,1355,51136.86
50794,40.032831,-105.522067,196,7730.75
50794,40.033034,-105.522279,1356,51165.79
50794,40.033034,-105.522279,195,7701.82
50794,40.033192,-105.522383,1357,51185.49
50794,40.033192,-105.522383,194,7682.12
50794,40.033464,-105.522528,1358,51218.19
50794,40.033464,-105.522528,193,7649.42
50794,40.033745,-105.522555,1359,51249.56
50794,40.033745,-105.522555,192,7618.05
50794,40.034012,-105.522528,1360,51279.37
50794,40.034012,-105.522528,191,7588.24
50794,40.034297,-105.522402,1361,51312.87
50794,40.034297,-105.522402,190,7554.74
50794,40.034589,-105.522209,1362,51349.3
50794,40.034589,-105.522209,189,7518.31
50794,40.034891,-105.522062,1363,51385.17
50794,40.034891,-105.522062,188,7482.44
50794,40.035088,-105.521997,1364,51407.79
50794,40.035088,-105.521997,187,7459.82
50794,40.035334,-105.521938,1365,51435.63
50794,40.035334,-105.521938,186,7431.98
50794,40.03556,-105.521933,1366,51460.8
50794,40.03556,-105.521933,185,7406.81
50794,40.035835,-105.522011,1367,51492.12
50794,40.035835,-105.522011,184,7375.49
50794,40.036082,-105.52215,1368,51522.06
50794,40.036082,-105.52215,183,7345.55
50794,40.036319,-105.522389,1369,51555.39
50794,40.036319,-105.522389,182,7312.22
50794,40.036702,-105.522861,1370,51614.01
50794,40.036702,-105.522861,181,7253.6
50794,40.037817,-105.524379,1371,51793.3
50794,40.037817,-105.524379,180,7074.31
50794,40.038078,-105.524682,1372,51832.17
50794,40.038078,-105.524682,179,7035.44
50794,40.038335,-105.524923,1373,51867.39
50794,40.038335,-105.524923,178,7000.22
50794,40.038591,-105.525076,1374,51898.73
50794,40.038591,-105.525076,177,6968.88
50794,40.03877,-105.525184,1375,51920.68
50794,40.03877,-105.525184,176,6946.93
50794,40.039066,-105.525291,1376,51954.87
50794,40.039066,-105.525291,175,6912.74
50794,40.039366,-105.525369,1377,51988.92
50794,40.039366,-105.525369,174,6878.69
50794,40.039719,-105.525401,1378,52028.31
50794,40.039719,-105.525401,173,6839.3
50794,40.040062,-105.525382,1379,52066.53
50794,40.040062,-105.525382,172,6801.08
50794,40.040398,-105.525272,1380,52105.09
50794,40.040398,-105.525272,171,6762.52
50794,40.04077,-105.52509,1381,52149.31
50794,40.04077,-105.52509,170,6718.3
50794,40.041078,-105.524872,1382,52188.31
50794,40.041078,-105.524872,169,6679.3
50794,40.041318,-105.524627,1383,52222.21
50794,40.041318,-105.524627,168,6645.4
50794,40.041619,-105.524298,1384,52265.91
50794,40.041619,-105.524298,167,6601.7
50794,40.04355,-105.521683,1385,52575.54
50794,40.04355,-105.521683,166,6292.07
50794,40.043827,-105.521239,1386,52624.35
50794,40.043827,-105.521239,165,6243.26
50794,40.043911,-105.521055,1387,52642.61
50794,40.043911,-105.521055,164,6225
50794,40.044079,-105.520686,1388,52679.19
50794,40.044079,-105.520686,163,6188.42
50794,40.044411,-105.519109,1389,52818.58
50794,40.044411,-105.519109,162,6049.04
50794,40.04477,-105.518115,1390,52912.24
50794,40.04477,-105.518115,161,5955.37
50794,40.04481,-105.518002,1391,52922.85
50794,40.04481,-105.518002,160,5944.76
50794,40.045385,-105.517018,1392,53028.34
50794,40.045385,-105.517018,159,5839.27
50794,40.045941,-105.516392,1393,53110.05
50794,40.045941,-105.516392,158,5757.56
50794,40.046532,-105.515935,1394,53186.5
50794,40.046532,-105.515935,157,5681.11
50794,40.047158,-105.515689,1395,53259.28
50794,40.047158,-105.515689,156,5608.33
50794,40.047237,-105.515674,1396,53268.16
50794,40.048513,-105.515434,1397,53411.67
50794,40.048513,-105.515434,155,5455.94
50794,40.049916,-105.515229,1398,53568.83
50794,40.049916,-105.515229,154,5298.78
50794,40.050316,-105.515171,1399,53613.63
50794,40.050316,-105.515171,153,5253.98
50794,40.050458,-105.515168,1400,53629.44
50794,40.050458,-105.515168,152,5238.17
50794,40.050708,-105.515158,1401,53657.28
50794,40.050708,-105.515158,151,5210.33
50794,40.051033,-105.515203,1402,53693.66
50794,40.051033,-105.515203,150,5173.95
50794,40.051379,-105.515347,1403,53734.08
50794,40.051379,-105.515347,149,5133.53
50794,40.05161,-105.515519,1404,53763.68
50794,40.05161,-105.515519,148,5103.93
50794,40.051911,-105.515812,1405,53805.47
50794,40.051911,-105.515812,147,5062.14
50794,40.052113,-105.516128,1406,53840.55
50794,40.052113,-105.516128,146,5027.06
50794,40.052262,-105.516461,1407,53873.42
50794,40.052262,-105.516461,145,4994.19
50794,40.05233,-105.518435,141,4823.06
50794,40.05233,-105.518435,1411,54044.55
50794,40.052334,-105.518789,140,4792.89
50794,40.052334,-105.518789,1412,54074.72
50794,40.052373,-105.516906,1408,53913.3
50794,40.052373,-105.516906,144,4954.31
50794,40.052381,-105.519036,139,4771.2
50794,40.052381,-105.519036,1413,54096.41
50794,40.05241,-105.517167,1409,53935.92
50794,40.05241,-105.517167,143,4931.69
50794,40.052412,-105.517609,1410,53973.58
50794,40.052412,-105.517609,142,4894.03
50794,40.052449,-105.519221,138,4753.71
50794,40.052449,-105.519221,1414,54113.9
50794,40.052506,-105.519337,137,4741.97
50794,40.052506,-105.519337,1415,54125.64
50794,40.053197,-105.520278,136,4630.86
50794,40.053197,-105.520278,1416,54236.75
50794,40.053396,-105.524164,127,4283.87
50794,40.053396,-105.524164,1425,54583.74
50794,40.053408,-105.524422,126,4261.84
50794,40.053408,-105.524422,1426,54605.77
50794,40.053437,-105.523888,128,4307.82
50794,40.053437,-105.523888,1424,54559.79
50794,40.053458,-105.520858,135,4573.53
50794,40.053458,-105.520858,1417,54294.08
50794,40.053482,-105.524645,125,4241.13
50794,40.053482,-105.524645,1427,54626.48
50794,40.0535,-105.524681,124,4237.47
50794,40.053571,-105.521248,134,4537.99
50794,40.053571,-105.521248,1418,54329.62
50794,40.053605,-105.524897,123,4215.67
50794,40.053605,-105.524897,1428,54651.94
50794,40.05364,-105.522931,129,4392.44
50794,40.05364,-105.522931,1423,54475.17
50794,40.053642,-105.521552,133,4510.91
50794,40.053642,-105.521552,1419,54356.7
50794,40.053685,-105.521938,132,4477.67
50794,40.053685,-105.521938,1420,54389.94
50794,40.053685,-105.522618,130,4419.58
50794,40.053685,-105.522618,1422,54448.03
50794,40.053704,-105.522268,131,4449.48
50794,40.053704,-105.522268,1421,54418.13
50794,40.053708,-105.525015,122,4200.42
50794,40.053708,-105.525015,1429,54667.19
50794,40.053815,-105.525114,121,4185.82
50794,40.053815,-105.525114,1430,54681.79
50794,40.053923,-105.525186,120,4172.32
50794,40.053923,-105.525186,1431,54695.29
50794,40.054041,-105.525238,119,4158.46
50794,40.054041,-105.525238,1432,54709.15
50794,40.054192,-105.525251,118,4141.61
50794,40.054192,-105.525251,1433,54726
50794,40.054324,-105.525236,117,4126.86
50794,40.054324,-105.525236,1434,54740.75
50794,40.054492,-105.525157,116,4106.99
50794,40.054492,-105.525157,1435,54760.62
50794,40.054657,-105.525043,115,4086.21
50794,40.054657,-105.525043,1436,54781.4
50794,40.054831,-105.524826,114,4059.43
50794,40.054831,-105.524826,1437,54808.18
50794,40.055278,-105.523809,113,3959.51
50794,40.055278,-105.523809,1438,54908.1
50794,40.055543,-105.52338,112,3912.53
50794,40.055543,-105.52338,1439,54955.08
50794,40.055712,-105.523212,111,3888.89
50794,40.055712,-105.523212,1440,54978.72
50794,40.055868,-105.52311,110,3869.47
50794,40.055868,-105.52311,1441,54998.14
50794,40.056083,-105.523007,109,3843.98
50794,40.056083,-105.523007,1442,55023.63
50794,40.056317,-105.52299,108,3817.89
50794,40.056317,-105.52299,1443,55049.72
50794,40.056551,-105.522987,107,3791.84
50794,40.056551,-105.522987,1444,55075.77
50794,40.056689,-105.523011,106,3776.35
50794,40.056689,-105.523011,1445,55091.26
50794,40.05683,-105.523062,105,3760.06
50794,40.05683,-105.523062,1446,55107.55
50794,40.057793,-105.523561,104,3644.74
50794,40.057793,-105.523561,1447,55222.87
50794,40.058204,-105.523764,103,3595.82
50794,40.058204,-105.523764,1448,55271.79
50794,40.058571,-105.523918,102,3552.91
50794,40.058571,-105.523918,1449,55314.7
50794,40.058789,-105.523955,101,3528.44
50794,40.058789,-105.523955,1450,55339.17
50794,40.058982,-105.523952,100,3506.96
50794,40.058982,-105.523952,1451,55360.65
50794,40.059158,-105.523912,1452,55380.54
50794,40.059158,-105.523912,99,3487.07
50794,40.059452,-105.523765,1453,55415.58
50794,40.059452,-105.523765,98,3452.03
50794,40.059528,-105.523727,1454,55424.64
50794,40.059528,-105.523727,97,3442.97
50794,40.0596,-105.523655,1455,55434.74
50794,40.0596,-105.523655,96,3432.87
50794,40.059803,-105.523392,1456,55466.56
50794,40.059803,-105.523392,95,3401.05
50794,40.059986,-105.523086,1457,55499.65
50794,40.059986,-105.523086,94,3367.96
50794,40.060181,-105.52263,1458,55544.15
50794,40.060181,-105.52263,93,3323.46
50794,40.06044,-105.52195,1459,55608.86
50794,40.06044,-105.52195,92,3258.75
50794,40.061195,-105.51989,1460,55803.46
50794,40.061195,-105.51989,91,3064.15
50794,40.061232,-105.519798,1461,55812.32
50794,40.061232,-105.519798,90,3055.29
50794,40.061815,-105.518234,1462,55960.53
50794,40.061815,-105.518234,89,2907.08
50794,40.062043,-105.517679,1463,56014.2
50794,40.062043,-105.517679,88,2853.41
50794,40.06232,-105.517159,1464,56068.17
50794,40.06232,-105.517159,87,2799.44
50794,40.062693,-105.516603,1465,56131.17
50794,40.062693,-105.516603,86,2736.44
50794,40.062922,-105.51631,1466,56166.85
50794,40.062922,-105.51631,85,2700.76
50794,40.063077,-105.516193,1467,56186.77
50794,40.063077,-105.516193,84,2680.84
50794,40.063474,-105.51586,1468,56239.29
50794,40.063474,-105.51586,83,2628.32
50794,40.063842,-105.515615,1469,56285.27
50794,40.063842,-105.515615,82,2582.34
50794,40.064371,-105.515354,1470,56348.21
50794,40.064371,-105.515354,81,2519.4
50794,40.064746,-105.515225,1471,56391.38
50794,40.064746,-105.515225,80,2476.23
50794,40.065288,-105.515166,1472,56451.92
50794,40.065288,-105.515166,79,2415.69
50794,40.065438,-105.515163,1473,56468.62
50794,40.065438,-105.515163,78,2398.99
50794,40.065769,-105.5152,1474,56505.6
50794,40.065769,-105.5152,77,2362.01
50794,40.066183,-105.515265,1475,56552.02
50794,40.066183,-105.515265,76,2315.59
50794,40.066512,-105.51538,75,2277.68
50794,40.066567,-105.515399,1476,56596.27
50794,40.066567,-105.515399,74,2271.34
50794,40.067021,-105.515592,1477,56649.41
50794,40.067021,-105.515592,73,2218.2
50794,40.067415,-105.515866,1478,56699.1
50794,40.067415,-105.515866,72,2168.51
50794,40.068172,-105.516466,1479,56797.66
50794,40.068172,-105.516466,71,2069.95
50794,40.068361,-105.516595,1480,56821.39
50794,40.068361,-105.516595,70,2046.22
50794,40.06863,-105.516689,1481,56852.39
50794,40.06863,-105.516689,69,2015.22
50794,40.068823,-105.516678,1482,56873.9
50794,40.068823,-105.516678,68,1993.71
50794,40.069026,-105.513261,1493,57221.87
50794,40.069026,-105.513261,57,1645.74
50794,40.069026,-105.516615,1483,56897.12
50794,40.069026,-105.516615,67,1970.49
50794,40.069046,-105.512935,1494,57249.73
50794,40.069046,-105.512935,56,1617.88
50794,40.06905,-105.513651,1492,57188.54
50794,40.06905,-105.513651,58,1679.07
50794,40.069086,-105.513851,1491,57171.04
50794,40.069086,-105.513851,59,1696.57
50794,40.069121,-105.512491,1495,57288.47
50794,40.069121,-105.512491,55,1579.14
50794,40.06916,-105.514138,1490,57145.24
50794,40.06916,-105.514138,60,1722.37
50794,40.069201,-105.512273,1496,57309.06
50794,40.069201,-105.512273,54,1558.55
50794,40.069231,-105.516488,1484,56922.38
50794,40.069231,-105.516488,66,1945.23
50794,40.069359,-105.511915,1497,57344.27
50794,40.069359,-105.511915,53,1523.34
50794,40.069379,-105.516293,1485,56945.77
50794,40.069379,-105.516293,65,1921.84
50794,40.069502,-105.514999,1489,57062.6
50794,40.069502,-105.514999,61,1805.01
50794,40.069519,-105.516005,1486,56974.84
50794,40.069519,-105.516005,64,1892.77
50794,40.069528,-105.511656,1498,57373.26
50794,40.069528,-105.511656,52,1494.35
50794,40.06957,-105.515335,1488,57032.99
50794,40.06957,-105.515335,62,1834.62
50794,40.069586,-105.515691,1487,57002.61
50794,40.069586,-105.515691,63,1865
50794,40.06981,-105.51137,1499,57413
50794,40.06981,-105.51137,51,1454.61
50794,40.070042,-105.510375,1502,57517.65
50794,40.070044,-105.510926,1501,57470.71
50794,40.070107,-105.510242,1503,57531.09
50794,40.070111,-105.511116,1500,57452.89
50794,40.070111,-105.511116,50,1414.72
50794,40.07026,-105.511032,49,1396.66
50794,40.070336,-105.510156,1504,57557.62
50794,40.070511,-105.510174,1505,57577.16
50794,40.070833,-105.51094,48,1332.39
50794,40.071054,-105.51038,1506,57640.1
50794,40.071116,-105.510979,47,1300.71
50794,40.071525,-105.511172,46,1252.31
50794,40.071623,-105.510397,1507,57703.46
50794,40.071999,-105.511537,45,1191.06
50794,40.072553,-105.51194,44,1120.48
50794,40.072793,-105.512039,43,1092.46
50794,40.072883,-105.511039,1508,57854
50794,40.073019,-105.511022,1509,57869.21
50794,40.073096,-105.512042,42,1058.73
50794,40.0731,-105.51087,1510,57884.99
50794,40.073119,-105.512033,41,1056.06
50794,40.073128,-105.510611,1511,57907.27
50794,40.073131,-105.508797,14,369.32
50794,40.073131,-105.508797,1515,58067.32
50794,40.073215,-105.509323,1514,58021.54
50794,40.073248,-105.508345,13,328.68
50794,40.073248,-105.508345,1516,58107.96
50794,40.073249,-105.509532,15,433.3
50794,40.073251,-105.509545,16,434.43
50794,40.073253,-105.509558,1513,58001.08
50794,40.073253,-105.509558,17,435.56
50794,40.07331,-105.509708,1512,57986.82
50794,40.07331,-105.509708,18,449.82
50794,40.073415,-105.508002,12,294.05
50794,40.073415,-105.508002,1517,58142.59
50794,40.07342,-105.509267,19,489.33
50794,40.07343,-105.511919,40,1020.1
50794,40.073465,-105.509089,20,505.3
50794,40.073497,-105.508963,21,516.61
50794,40.073525,-105.508876,22,524.65
50794,40.073529,-105.511842,39,1007.28
50794,40.073646,-105.508522,23,557.68
50794,40.073683,-105.511654,38,983.82
50794,40.073692,-105.511634,37,981.84
50794,40.073784,-105.508376,24,577.44
50794,40.073817,-105.507584,11,236.86
50794,40.073817,-105.507584,1518,58199.78
50794,40.073831,-105.51131,36,950.2
50794,40.073901,-105.510736,35,900.69
50794,40.073942,-105.508308,25,595.96
50794,40.073944,-105.510374,34,869.48
50794,40.07397,-105.508296,26,599.24
50794,40.074044,-105.509967,33,833.07
50794,40.074112,-105.507432,10,201.56
50794,40.074112,-105.507432,1519,58235.08
50794,40.074153,-105.506603,1,0
50794,40.074153,-105.506603,1527,58436.64
50794,40.07419,-105.509652,32,801.7
50794,40.074203344,-105.506570536,1528,58442.89
50794,40.074229,-105.506802,1526,58417.69
50794,40.074229,-105.506802,2,18.95
50794,40.074231,-105.50829,27,628.3
50794,40.074291,-105.507567,1520,58258.09
50794,40.074291,-105.507567,9,178.55
50794,40.074367,-105.50841,28,646.57
50794,40.074394,-105.507145,1525,58383.18
50794,40.074394,-105.507145,3,53.46
50794,40.074454,-105.509338,31,761.96
50794,40.074519,-105.507906,1521,58296.53
50794,40.074519,-105.507906,8,140.11
50794,40.074554,-105.507489,1524,58348.89
50794,40.074554,-105.507489,4,87.75
50794,40.074554,-105.507904,7,136.21
50794,40.074573,-105.508699,29,680.21
50794,40.074623,-105.507711,1523,58328.48
50794,40.074623,-105.507711,5,108.16
50794,40.074659,-105.507897,1522,58312.14
50794,40.074659,-105.507897,6,124.5
50794,40.074786,-105.508998,30,715.01
51146,40.016698,-105.280449,1,0
51146,40.016724,-105.280318,2,11.54
51146,40.016751,-105.280184,3,23.35
51146,40.01676,-105.280139,4,27.32
51146,40.016859,-105.279654,5,70.11
51146,40.016863,-105.279636,6,71.71
51146,40.017343,-105.279802,7,126.98
51146,40.01738,-105.279814,8,131.22
51146,40.01767,-105.279912,9,164.57
51146,40.017895,-105.279988,10,190.44
51146,40.01819,-105.280087,11,224.35
51146,40.018396,-105.280157,12,248.04
51146,40.018919,-105.280333,13,308.17
51146,40.019422,-105.280513,14,366.23
51146,40.019598,-105.28057,15,386.41
51146,40.019907,-105.280672,16,421.89
51146,40.020035,-105.280715,17,436.6
51146,40.020126,-105.280747,18,447.1
51146,40.020282,-105.280802,19,465.08
51146,40.020425,-105.280849,20,481.5
51146,40.020933,-105.281016,21,539.81
51146,40.021425,-105.281181,22,596.36
51146,40.021789,-105.281303,23,638.19
51146,40.022177,-105.281433,24,682.78
51146,40.022232,-105.281451,25,689.1
51146,40.022617,-105.28158,26,733.34
51146,40.022679,-105.281601,27,740.47
51146,40.023194,-105.281774,28,799.67
51146,40.023507,-105.281898,29,836.08
51146,40.023652,-105.281944,30,852.69
51146,40.023726,-105.281968,31,861.18
51146,40.023894,-105.282012,32,880.25
51146,40.023972,-105.282023,33,888.99
51146,40.024041,-105.282033,34,896.71
51146,40.024188,-105.282043,35,913.1
51146,40.024204,-105.282043,36,914.88
51146,40.024475,-105.282046,37,945.05
51146,40.024829,-105.282047,38,984.46
51146,40.024975,-105.282047,39,1000.71
51146,40.025131,-105.282051,40,1018.08
51146,40.025523,-105.282062,41,1061.73
51146,40.025837,-105.282069,42,1096.69
51146,40.025942,-105.282072,43,1108.38
51146,40.026145,-105.282079,44,1130.98
51146,40.026384,-105.282079,45,1157.59
51146,40.026452,-105.28208,46,1165.16
51146,40.02675,-105.282085,47,1198.33
51146,40.027024,-105.282087,48,1228.84
51146,40.027518,-105.282096,49,1283.83
51146,40.028001,-105.282104,50,1337.61
51146,40.028356,-105.282105,51,1377.12
51146,40.028483,-105.282106,52,1391.26
51146,40.028609,-105.282107,53,1405.29
51146,40.029134,-105.282111,54,1463.73
51146,40.029256,-105.282112,55,1477.31
51146,40.030104,-105.282099,56,1571.72
51146,40.03107,-105.282093,57,1679.25
51146,40.031289,-105.282092,58,1703.63
51146,40.032062,-105.282087,59,1789.68
51146,40.032867,-105.282082,60,1879.3
51146,40.033231,-105.282081,61,1919.82
51146,40.034036,-105.282076,62,2009.43
51146,40.034073,-105.282076,63,2013.55
51146,40.034193,-105.282075,64,2026.91
51146,40.035003,-105.282085,65,2117.08
51146,40.035105,-105.282085,66,2128.44
51146,40.035527,-105.282084,67,2175.41
51146,40.0363,-105.282082,68,2261.46
51146,40.036335,-105.282082,69,2265.36
51146,40.036408,-105.282083,70,2273.49
51146,40.036526,-105.282081,71,2286.62
51146,40.03703,-105.28208,72,2342.73
51146,40.03713,-105.28208,73,2353.86
51146,40.037283,-105.282079,74,2370.89
51146,40.037497,-105.282078,75,2394.71
51146,40.037882,-105.282075,76,2437.57
51146,40.038584,-105.282077,77,2515.72
51146,40.039098,-105.282078,78,2572.94
51146,40.039143,-105.282079,79,2577.95
51146,40.039451,-105.282082,80,2612.24
51146,40.03999,-105.282084,81,2672.24
51146,40.04027,-105.282086,82,2703.41
51146,40.040286,-105.282086,83,2705.19
51146,40.040515,-105.282087,84,2730.68
51146,40.040819,-105.282089,85,2764.52
51146,40.040837,-105.28209,86,2766.53
51146,40.04093,-105.28209,87,2776.88
51146,40.04101,-105.282088,88,2785.79
51146,40.041026,-105.282088,89,2787.57
51146,40.041238,-105.282083,90,2811.17
51146,40.041258,-105.282082,91,2813.4
51146,40.041547,-105.282078,92,2845.57
51146,40.041693,-105.282076,93,2861.83
51146,40.04173,-105.282074,94,2865.95
51146,40.043234,-105.282088,95,3033.38
51146,40.04337,-105.282087,96,3048.52
51146,40.043647,-105.282086,97,3079.35
51146,40.043755,-105.282083,98,3091.38
51146,40.04389,-105.282085,99,3106.41
51146,40.044085,-105.282088,100,3128.12
51146,40.044618,-105.282093,101,3187.45
51146,40.044998,-105.282092,102,3229.75
51146,40.045388,-105.282093,103,3273.17
51146,40.045449,-105.282093,104,3279.96
51146,40.045581,-105.282094,105,3294.65
51146,40.0459,-105.282095,106,3330.16
51146,40.04617,-105.282095,107,3360.22
51146,40.046323,-105.282096,108,3377.25
51146,40.046393,-105.282095,109,3385.04
51146,40.046519,-105.282094,110,3399.07
51146,40.046889,-105.282094,111,3440.26
51146,40.047152,-105.282096,112,3469.54
51146,40.047329,-105.282097,113,3489.24
51146,40.047537,-105.282098,114,3512.4
51146,40.04765,-105.282099,115,3524.97
51146,40.047917,-105.2821,116,3554.7
51146,40.048011,-105.282101,117,3565.16
51146,40.04811,-105.282101,118,3576.18
51146,40.048339,-105.282101,119,3601.67
51146,40.048613,-105.2821,120,3632.18
51146,40.048868,-105.282112,121,3660.58
51146,40.049079,-105.282118,122,3684.07
51146,40.049167,-105.28212,123,3693.87
51146,40.049309,-105.282128,124,3709.69
51146,40.049445,-105.282141,125,3724.87
51146,40.049506,-105.282144,126,3731.67
51146,40.050002,-105.282151,127,3786.89
51146,40.050299,-105.282137,128,3819.97
51146,40.050621,-105.282118,129,3855.85
51146,40.050783,-105.282114,130,3873.89
51146,40.050854,-105.282112,131,3881.79
51146,40.051608,-105.282112,132,3965.73
51146,40.052267,-105.282119,133,4039.09
51146,40.052809,-105.282129,134,4099.43
51146,40.053073,-105.282131,135,4128.82
51146,40.053167,-105.282132,136,4139.29
51146,40.053882,-105.282126,137,4218.88
51146,40.054156,-105.282125,138,4249.38
51146,40.05447,-105.282125,139,4284.34
51146,40.05459,-105.282125,140,4297.7
51146,40.054682,-105.282127,141,4307.94
51146,40.05495,-105.282129,142,4337.77
51146,40.055101,-105.28213,143,4354.58
51146,40.055245,-105.282131,144,4370.61
51146,40.055893,-105.282134,145,4442.75
51146,40.055955,-105.282135,146,4449.65
51146,40.055993,-105.282136,147,4453.88
51146,40.0562,-105.282136,148,4476.92
51146,40.056299,-105.282136,149,4487.94
51146,40.056327,-105.282136,150,4491.06
51146,40.056709,-105.282137,151,4533.59
51146,40.056798,-105.282137,152,4543.49
51146,40.057474,-105.282139,153,4618.75
51146,40.057591,-105.28214,154,4631.77
51146,40.057933,-105.282141,155,4669.84
51146,40.058104,-105.282142,156,4688.88
51146,40.058142,-105.282142,157,4693.11
51146,40.058268,-105.282141,158,4707.13
51146,40.058346,-105.28214,159,4715.82
51146,40.058561,-105.282141,160,4739.75
51146,40.058681,-105.282141,161,4753.11
51146,40.058796,-105.282141,162,4765.91
51146,40.058988,-105.282142,163,4787.28
51146,40.059156,-105.282143,164,4805.99
51146,40.059362,-105.282143,165,4828.92
51146,40.059582,-105.282144,166,4853.41
51146,40.059943,-105.282143,167,4893.59
51146,40.060574,-105.282145,168,4963.84
51146,40.060743,-105.282141,169,4982.65
51146,40.061203,-105.282143,170,5033.86
51146,40.06134,-105.282143,171,5049.11
51146,40.061733,-105.282136,172,5092.86
51146,40.061766,-105.28341,179,5212.95
51146,40.061769,-105.283353,178,5208.08
51146,40.061776,-105.283232,177,5197.74
51146,40.061793,-105.282938,176,5172.62
51146,40.061799,-105.282819,175,5162.46
51146,40.061828,-105.282291,174,5117.36
51146,40.061835,-105.282137,173,5104.22
51146,40.061859,-105.283409,180,5223.3
51146,40.06219,-105.283411,181,5260.15
51146,40.062384,-105.283413,182,5281.75
51146,40.062831,-105.283415,183,5331.51
51146,40.06292,-105.282619,188,5409.85
51146,40.062921,-105.282728,187,5400.56
51146,40.062922,-105.282894,186,5386.42
51146,40.062923,-105.282923,185,5383.94
51146,40.062927,-105.283413,184,5342.2
51147,40.016635,-105.280823,197,5301.47
51147,40.016643,-105.280725,198,5309.88
51147,40.016643,-105.280864,196,5297.87
51147,40.016653,-105.280894,195,5295.08
51147,40.016672,-105.280928,194,5291.49
51147,40.016695,-105.280959,193,5287.81
51147,40.016698,-105.280449,199,5334.19
51147,40.016738,-105.281005,192,5281.62
51147,40.016877,-105.281051,191,5265.66
51147,40.017009,-105.281094,190,5250.51
51147,40.017113,-105.281128,189,5238.58
51147,40.01753,-105.28127,188,5190.61
51147,40.01762,-105.281302,187,5180.22
51147,40.017869,-105.281389,186,5151.53
51147,40.018118,-105.281476,185,5122.84
51147,40.018135,-105.281482,184,5120.88
51147,40.018238,-105.28152,183,5108.96
51147,40.018384,-105.28157,182,5092.16
51147,40.018445,-105.281581,181,5085.3
51147,40.018484,-105.281581,180,5080.96
51147,40.01853,-105.281573,179,5075.8
51147,40.018576,-105.281547,178,5070.22
51147,40.018602,-105.281521,177,5066.57
51147,40.018629,-105.281487,176,5062.39
51147,40.01866,-105.28144,175,5057.11
51147,40.018698,-105.281379,174,5050.4
51147,40.018765,-105.281093,173,5024.91
51147,40.018794,-105.28095,172,5012.29
51147,40.018808,-105.280877,171,5005.88
51147,40.018858,-105.280631,170,4984.18
51147,40.018919,-105.280333,169,4957.88
51147,40.019422,-105.280513,168,4899.83
51147,40.019598,-105.28057,167,4879.64
51147,40.019907,-105.280672,166,4844.16
51147,40.020035,-105.280715,165,4829.45
51147,40.020126,-105.280747,164,4818.96
51147,40.020282,-105.280802,163,4800.97
51147,40.020425,-105.280849,162,4784.55
51147,40.020933,-105.281016,161,4726.24
51147,40.021425,-105.281181,160,4669.69
51147,40.021789,-105.281303,159,4627.86
51147,40.022177,-105.281433,158,4583.27
51147,40.022232,-105.281451,157,4576.95
51147,40.022617,-105.28158,156,4532.71
51147,40.022679,-105.281601,155,4525.58
51147,40.023194,-105.281774,154,4466.38
51147,40.023507,-105.281898,153,4429.97
51147,40.023652,-105.281944,152,4413.36
51147,40.023726,-105.281968,151,4404.87
51147,40.023894,-105.282012,150,4385.8
51147,40.023972,-105.282023,149,4377.06
51147,40.024041,-105.282033,148,4369.34
51147,40.024188,-105.282043,147,4352.95
51147,40.024204,-105.282043,146,4351.17
51147,40.024475,-105.282046,145,4321
51147,40.024556,-105.282046,144,4311.98
51147,40.024829,-105.282047,143,4281.59
51147,40.024975,-105.282047,142,4265.34
51147,40.025131,-105.282051,141,4247.97
51147,40.025523,-105.282062,140,4204.32
51147,40.025837,-105.282069,139,4169.37
51147,40.025942,-105.282072,138,4157.67
51147,40.026145,-105.282079,137,4135.07
51147,40.026384,-105.282079,136,4108.46
51147,40.026452,-105.28208,135,4100.89
51147,40.02675,-105.282085,134,4067.72
51147,40.027024,-105.282087,133,4037.21
51147,40.027518,-105.282096,132,3982.22
51147,40.028001,-105.282104,131,3928.45
51147,40.028356,-105.282105,130,3888.93
51147,40.028483,-105.282106,129,3874.79
51147,40.028609,-105.282107,128,3860.76
51147,40.029134,-105.282111,127,3802.32
51147,40.029256,-105.282112,126,3788.74
51147,40.030104,-105.282099,125,3694.33
51147,40.03107,-105.282093,124,3586.8
51147,40.031289,-105.282092,123,3562.42
51147,40.032062,-105.282087,122,3476.37
51147,40.032867,-105.282082,121,3386.75
51147,40.033231,-105.282081,120,3346.23
51147,40.034036,-105.282076,119,3256.62
51147,40.034073,-105.282076,118,3252.5
51147,40.034193,-105.282075,117,3239.14
51147,40.035003,-105.282085,116,3148.97
51147,40.035105,-105.282085,115,3137.61
51147,40.035527,-105.282084,114,3090.64
51147,40.0363,-105.282082,113,3004.59
51147,40.036335,-105.282082,112,3000.69
51147,40.036408,-105.282083,111,2992.56
51147,40.036526,-105.282081,110,2979.43
51147,40.03703,-105.28208,109,2923.32
51147,40.03713,-105.28208,108,2912.19
51147,40.037283,-105.282079,107,2895.16
51147,40.037497,-105.282078,106,2871.34
51147,40.037882,-105.282075,105,2828.48
51147,40.038584,-105.282077,104,2750.33
51147,40.039098,-105.282078,103,2693.11
51147,40.039451,-105.282082,102,2653.82
51147,40.03999,-105.282084,101,2593.81
51147,40.04027,-105.282086,100,2562.64
51147,40.040286,-105.282086,99,2560.86
51147,40.040515,-105.282087,98,2535.37
51147,40.040819,-105.282089,97,2501.53
51147,40.040837,-105.28209,96,2499.52
51147,40.04093,-105.28209,95,2489.17
51147,40.04101,-105.282088,94,2480.26
51147,40.041026,-105.282088,93,2478.48
51147,40.041238,-105.282083,92,2454.88
51147,40.041258,-105.282082,91,2452.65
51147,40.041547,-105.282078,90,2420.48
51147,40.041693,-105.282076,89,2404.22
51147,40.04173,-105.282074,88,2400.1
51147,40.043234,-105.282088,87,2232.67
51147,40.04337,-105.282087,86,2217.53
51147,40.043647,-105.282086,85,2186.7
51147,40.043755,-105.282083,84,2174.67
51147,40.04389,-105.282085,83,2159.64
51147,40.044085,-105.282088,82,2137.93
51147,40.044618,-105.282093,81,2078.6
51147,40.044998,-105.282092,80,2036.3
51147,40.045388,-105.282093,79,1992.88
51147,40.045449,-105.282093,78,1986.09
51147,40.045581,-105.282094,77,1971.4
51147,40.0459,-105.282095,76,1935.89
51147,40.04617,-105.282095,75,1905.83
51147,40.046323,-105.282096,74,1888.8
51147,40.046393,-105.282095,73,1881.01
51147,40.046519,-105.282094,72,1866.98
51147,40.046889,-105.282094,71,1825.79
51147,40.047152,-105.282096,70,1796.51
51147,40.047329,-105.282097,69,1776.81
51147,40.047537,-105.282098,68,1753.66
51147,40.04765,-105.282099,67,1741.08
51147,40.047917,-105.2821,66,1711.35
51147,40.048011,-105.282101,65,1700.89
51147,40.04811,-105.282101,64,1689.87
51147,40.048339,-105.282101,63,1664.38
51147,40.048613,-105.2821,62,1633.88
51147,40.048868,-105.282112,61,1605.47
51147,40.049079,-105.282118,60,1581.98
51147,40.049167,-105.28212,59,1572.18
51147,40.049309,-105.282128,58,1556.36
51147,40.049445,-105.282141,57,1541.18
51147,40.049506,-105.282144,56,1534.38
51147,40.050002,-105.282151,55,1479.16
51147,40.050299,-105.282137,54,1446.08
51147,40.050621,-105.282118,53,1410.2
51147,40.050783,-105.282114,52,1392.16
51147,40.050854,-105.282112,51,1384.26
51147,40.051608,-105.282112,50,1300.32
51147,40.052267,-105.282119,49,1226.96
51147,40.052809,-105.282129,48,1166.62
51147,40.053073,-105.282131,47,1137.23
51147,40.053167,-105.282132,46,1126.77
51147,40.053882,-105.282126,45,1047.17
51147,40.054156,-105.282125,44,1016.67
51147,40.05447,-105.282125,43,981.71
51147,40.05459,-105.282125,42,968.36
51147,40.054682,-105.282127,41,958.11
51147,40.05495,-105.282129,40,928.28
51147,40.055101,-105.28213,39,911.47
51147,40.055245,-105.282131,38,895.44
51147,40.055893,-105.282134,37,823.3
51147,40.055955,-105.282135,36,816.4
51147,40.055993,-105.282136,35,812.17
51147,40.0562,-105.282136,34,789.13
51147,40.056299,-105.282136,33,778.11
51147,40.056327,-105.282136,32,774.99
51147,40.056709,-105.282137,31,732.47
51147,40.056798,-105.282137,30,722.56
51147,40.057474,-105.282139,29,647.31
51147,40.057591,-105.28214,28,634.28
51147,40.057933,-105.282141,27,596.21
51147,40.058104,-105.282142,26,577.17
51147,40.058142,-105.282142,25,572.94
51147,40.058268,-105.282141,24,558.92
51147,40.058346,-105.28214,23,550.23
51147,40.058561,-105.282141,22,526.3
51147,40.058681,-105.282141,21,512.94
51147,40.058796,-105.282141,20,500.14
51147,40.058988,-105.282142,19,478.77
51147,40.059156,-105.282143,18,460.06
51147,40.059362,-105.282143,17,437.13
51147,40.059582,-105.282144,16,412.64
51147,40.059943,-105.282143,15,372.46
51147,40.060574,-105.282145,14,302.21
51147,40.060743,-105.282141,13,283.4
51147,40.061203,-105.282143,12,232.19
51147,40.06134,-105.282143,11,216.94
51147,40.061733,-105.282136,10,173.19
51147,40.061835,-105.282137,9,161.83
51147,40.061941,-105.282138,8,150.03
51147,40.062175,-105.282136,7,123.98
51147,40.062321,-105.282134,6,107.73
51147,40.062765,-105.282133,5,58.3
51147,40.062916,-105.282132,4,41.49
51147,40.062917,-105.282264,3,30.25
51147,40.062918,-105.282355,2,22.49
51147,40.06292,-105.282619,1,0
58369,39.953194,-105.525594,948,29112.44
58369,39.953316,-105.525389,947,29090.3
58369,39.953372,-105.525295,946,29080.14
58369,39.953425,-105.525248,945,29073
58369,39.953474,-105.525243,944,29067.53
58369,39.953529,-105.525264,943,29061.15
58369,39.953557,-105.525292,942,29057.23
58369,39.953708,-105.525421,941,29037.13
58369,39.954001,-105.524956,940,28985.77
58369,39.954509,-105.52415,939,28896.73
58369,39.954705,-105.523906,938,28866.57
58369,39.955097,-105.523563,937,28814.02
58369,39.955435,-105.523254,936,28768.08
58369,39.956189,-105.522573,935,28665.99
58369,39.956521,-105.522231,934,28618.9
58369,39.956829,-105.521819,933,28569.79
58369,39.956978,-105.516868,918,28077.81
58369,39.956986,-105.521496,932,28537.16
58369,39.957113,-105.521151,931,28504.5
58369,39.957173,-105.51581,917,27984.96
58369,39.957379,-105.515071,916,27917.86
58369,39.957385,-105.517188,919,28130.71
58369,39.957484,-105.520027,930,28400.08
58369,39.957605,-105.517413,920,28161.83
58369,39.957666,-105.514042,915,27824.42
58369,39.957711,-105.517562,921,28179.17
58369,39.957749,-105.519113,929,28316.69
58369,39.957792,-105.518945,928,28301.58
58369,39.957793,-105.513586,914,27783.03
58369,39.957807,-105.517776,922,28200.33
58369,39.957826,-105.518757,927,28285.1
58369,39.957843,-105.517933,923,28214.31
58369,39.957855,-105.518518,926,28264.45
58369,39.957863,-105.518094,924,28228.23
58369,39.957866,-105.518285,925,28244.53
58369,39.958238,-105.512059,913,27643.63
58369,39.958295,-105.511863,912,27625.74
58369,39.95837,-105.51166,911,27606.51
58369,39.958498,-105.511386,910,27579.13
58369,39.958597,-105.51121,909,27560.51
58369,39.958619,-105.511175,908,27556.64
58369,39.958679,-105.511079,907,27546.08
58369,39.958761,-105.510972,906,27533.17
58369,39.958936,-105.510787,905,27508.09
58369,39.95909,-105.510666,904,27488.08
58369,39.95922,-105.510584,903,27472.01
58369,39.959379,-105.510487,902,27452.47
58369,39.959496,-105.510428,901,27438.5
58369,39.959611,-105.510378,900,27425.01
58369,39.959679,-105.510369,899,27417.4
58369,39.959985,-105.510328,898,27383.16
58369,39.960237,-105.510324,897,27355.1
58369,39.960303,-105.510322,896,27347.75
58369,39.960635,-105.51031,895,27310.78
58369,39.96079,-105.510314,894,27293.52
58369,39.960943,-105.51034,893,27276.35
58369,39.961078,-105.510376,892,27261.01
58369,39.961418,-105.510512,891,27221.42
58369,39.9615,-105.51054,890,27211.99
58369,39.961546,-105.510549,889,27206.81
58369,39.961585,-105.510552,888,27202.46
58369,39.961627,-105.510546,887,27197.76
58369,39.961663,-105.510538,886,27193.69
58369,39.961705,-105.510522,885,27188.82
58369,39.96174,-105.5105,884,27184.49
58369,39.961751,-105.510493,883,27183.13
58369,39.961766,-105.510483,882,27181.26
58369,39.961798,-105.510458,881,27177.1
58369,39.961874,-105.510402,880,27167.39
58369,39.961904,-105.510378,879,27163.47
58369,39.961939,-105.510361,878,27159.31
58369,39.96196,-105.510352,877,27156.85
58369,39.961998,-105.510344,876,27152.57
58369,39.962231,-105.512508,831,26671.72
58369,39.962231,-105.512806,832,26697.15
58369,39.962232,-105.512195,830,26645.02
58369,39.962235,-105.513065,833,26719.25
58369,39.96225,-105.513159,834,26727.44
58369,39.962289,-105.513224,835,26734.49
58369,39.962334,-105.513242,836,26739.73
58369,39.962354,-105.513245,837,26741.97
58369,39.962408,-105.510316,875,27106.86
58369,39.962416,-105.513253,838,26748.9
58369,39.962435,-105.510314,874,27103.85
58369,39.962462,-105.513258,839,26754.04
58369,39.962514,-105.512196,829,26613.62
58369,39.962515,-105.510275,851,27026.72
58369,39.96252,-105.51032,850,27022.84
58369,39.962522,-105.510231,852,27030.55
58369,39.962531,-105.513261,840,26761.73
58369,39.962535,-105.51036,849,27019.04
58369,39.962535,-105.51036,873,27092.05
58369,39.962539,-105.510192,853,27034.38
58369,39.96255,-105.510382,848,27016.53
58369,39.96255,-105.510382,872,27089.54
58369,39.962556,-105.510171,854,27036.99
58369,39.962569,-105.510399,847,27013.96
58369,39.962569,-105.510399,871,27086.97
58369,39.962575,-105.510155,855,27039.5
58369,39.962592,-105.51054,826,26462.75
58369,39.962592,-105.51054,846,27001.66
58369,39.962593,-105.510895,827,26493.04
58369,39.962594,-105.513137,842,26780.07
58369,39.962595,-105.511269,845,26939.46
58369,39.962596,-105.513267,841,26768.98
58369,39.962598,-105.512727,843,26815.06
58369,39.962599,-105.510414,870,27083.4
58369,39.9626,-105.512196,828,26604.05
58369,39.9626,-105.512196,844,26860.37
58369,39.962601,-105.510145,856,27042.52
58369,39.962616,-105.510467,825,26455.98
58369,39.962628,-105.510143,857,27045.53
58369,39.962632,-105.510415,824,26451.2
58369,39.962632,-105.510415,869,27079.72
58369,39.962641,-105.510145,858,27046.99
58369,39.962654,-105.51015,859,27048.5
58369,39.962666,-105.510402,823,26447.25
58369,39.962666,-105.510402,868,27075.78
58369,39.962678,-105.510166,860,27051.5
58369,39.962694,-105.510375,822,26443.38
58369,39.962694,-105.510375,867,27071.9
58369,39.962706,-105.510205,861,27056.06
58369,39.962713,-105.510218,818,26428.89
58369,39.962713,-105.510218,862,27057.41
58369,39.962714,-105.510339,821,26439.58
58369,39.962714,-105.510339,866,27068.11
58369,39.962717993,-105.510235475,863,27059.01
58369,39.962723,-105.510253,819,26432.07
58369,39.962723,-105.510253,864,27060.6
58369,39.962724,-105.510297,820,26435.83
58369,39.962724,-105.510297,865,27064.36
58369,39.962764,-105.510056,817,26413.94
58369,39.962878,-105.509765,816,26386.06
58369,39.962945,-105.509594,815,26369.67
58369,39.962958,-105.50956,814,26366.43
58369,39.963892,-105.507061,813,26129.21
58369,39.964068,-105.506585,812,26084.12
58369,39.964952,-105.504192,811,25857.47
58369,39.96518,-105.503559,810,25797.8
58369,39.965389,-105.502948,809,25740.71
58369,39.965535,-105.502468,808,25696.65
58369,39.965639,-105.502094,807,25662.71
58369,39.965763,-105.501542,806,25613.63
58369,39.965866,-105.500965,805,25563.09
58369,39.965996,-105.500006,804,25480
58369,39.966051,-105.499459,803,25432.93
58369,39.966112,-105.498799,802,25376.21
58369,39.966189,-105.498388,801,25340.11
58369,39.966325,-105.497936,800,25298.68
58369,39.966477,-105.497597,799,25265.17
58369,39.966976,-105.496675,798,25168.88
58369,39.967087,-105.496401,797,25142.43
58369,39.967156,-105.494225,790,24953.63
58369,39.967169,-105.493885,789,24924.58
58369,39.967176,-105.496092,796,25114.27
58369,39.967188,-105.494661,791,24991
58369,39.967223,-105.493568,788,24896.88
58369,39.967226,-105.495809,795,25089.49
58369,39.967228,-105.495076,792,25026.68
58369,39.967233,-105.495153,793,25033.27
58369,39.967253,-105.495486,794,25061.77
58369,39.967295,-105.493296,787,24872.33
58369,39.967404,-105.493037,786,24847.12
58369,39.967441,-105.482467,756,23851.04
58369,39.967447,-105.482334,755,23839.67
58369,39.967454,-105.482612,757,23863.5
58369,39.967462,-105.482211,754,23829.05
58369,39.967477,-105.482732,758,23874.05
58369,39.967488,-105.482088,753,23818.16
58369,39.967503,-105.482849,759,23884.44
58369,39.967529,-105.481971,752,23807.19
58369,39.967538,-105.492771,785,24819.96
58369,39.967563,-105.483017,760,23900.25
58369,39.967573,-105.481873,751,23797.5
58369,39.967629,-105.481767,750,23786.51
58369,39.967629,-105.483164,761,23914.79
58369,39.9677,-105.48167,749,23775.07
58369,39.967721,-105.483332,762,23932.41
58369,39.967774,-105.481595,748,23764.64
58369,39.967871,-105.481517,747,23751.95
58369,39.968001,-105.481441,746,23736.1
58369,39.968085,-105.483908,763,23996.1
58369,39.968172,-105.48405,764,24011.61
58369,39.968232,-105.484178,765,24024.41
58369,39.96824,-105.492,784,24717.82
58369,39.968283,-105.481327,745,23703.23
58369,39.968284,-105.484298,766,24036.17
58369,39.968322,-105.484423,767,24047.64
58369,39.96834,-105.491868,783,24701.98
58369,39.968341,-105.484517,768,24055.94
58369,39.968377,-105.484686,769,24070.9
58369,39.968412,-105.484909,770,24090.32
58369,39.968452,-105.485243,771,24119.16
58369,39.96849,-105.491645,782,24676.67
58369,39.968605,-105.491419,781,24653.52
58369,39.968736,-105.491093,780,24622.12
58369,39.968756,-105.488757,772,24420.86
58369,39.96876,-105.488799,773,24424.47
58369,39.968786,-105.490888,779,24603.77
58369,39.96881,-105.489456,774,24480.8
58369,39.968824,-105.489642,775,24496.75
58369,39.968829,-105.490655,778,24583.32
58369,39.968841,-105.490437,777,24564.67
58369,39.968847,-105.490052,776,24531.82
58369,39.970863,-105.480476,744,23406.99
58369,39.971015,-105.480418,743,23389.36
58369,39.971165,-105.480343,742,23371.48
58369,39.971295,-105.480256,741,23355.22
58369,39.971413,-105.480169,740,23340.13
58369,39.971516,-105.480066,739,23325.68
58369,39.971612,-105.479957,738,23311.52
58369,39.971619,-105.472449,712,22646.95
58369,39.971621,-105.472662,713,22665.13
58369,39.97163,-105.472187,711,22624.57
58369,39.97163,-105.472866,714,22682.56
58369,39.971653,-105.471974,710,22606.22
58369,39.971653,-105.473073,715,22700.4
58369,39.971679,-105.473263,716,22716.87
58369,39.971685,-105.471776,709,22588.96
58369,39.971698,-105.479826,737,23296.8
58369,39.971726,-105.473512,717,22738.75
58369,39.971762,-105.479694,736,23283.48
58369,39.971773,-105.473727,718,22757.82
58369,39.971822,-105.479549,735,23269.42
58369,39.971885,-105.479375,734,23253
58369,39.971947,-105.479126,733,23230.67
58369,39.972005,-105.474656,719,22841.18
58369,39.972005,-105.478858,732,23206.91
58369,39.972065,-105.47491,720,22863.85
58369,39.972132,-105.4752,721,22889.69
58369,39.972159,-105.475315,722,22899.95
58369,39.972206,-105.475561,723,22921.58
58369,39.972236,-105.477563,731,23093.48
58369,39.972238,-105.475768,724,22939.59
58369,39.972262,-105.47602,725,22961.26
58369,39.97227,-105.477303,730,23070.98
58369,39.972281,-105.476263,726,22982.1
58369,39.97229,-105.477041,729,23048.52
58369,39.972293,-105.476556,727,23007.13
58369,39.972296,-105.476761,728,23024.62
58369,39.972345,-105.465863,703,22072.98
58369,39.972348,-105.468713,708,22317.43
58369,39.972355,-105.466183,704,22100.3
58369,39.972373,-105.465567,702,22047.54
58369,39.972401,-105.46833,707,22284.22
58369,39.97243,-105.465341,701,22027.24
58369,39.972442,-105.467889,706,22246.33
58369,39.972448,-105.467487,705,22212.03
58369,39.972486,-105.465172,700,22011.53
58369,39.972572,-105.465018,699,21995.27
58369,39.972675,-105.464878,698,21978.72
58369,39.972815,-105.464742,697,21959.29
58369,39.972964,-105.464665,696,21941.45
58369,39.973126,-105.464621,695,21923.03
58369,39.973288,-105.464603,694,21904.93
58369,39.973523,-105.464603,693,21878.77
58369,39.974247,-105.464626,692,21798.15
58369,39.97468,-105.464638,691,21749.94
58369,39.974861,-105.464617,690,21729.71
58369,39.97501,-105.464583,689,21712.87
58369,39.975136,-105.464536,688,21698.28
58369,39.975244,-105.464484,687,21685.47
58369,39.975348,-105.464418,686,21672.6
58369,39.975454,-105.464338,685,21658.96
58369,39.975546,-105.464257,684,21646.61
58369,39.975639,-105.464154,683,21633.03
58369,39.975752,-105.463988,682,21614.09
58369,39.975841,-105.463828,681,21597.22
58369,39.975922,-105.463668,680,21580.87
58369,39.976147,-105.463124,679,21528.13
58369,39.976378,-105.462511,678,21469.86
58369,39.976629,-105.461816,677,21404.32
58369,39.976812,-105.461314,676,21356.9
58369,39.976949,-105.460907,675,21318.98
58369,39.977019,-105.460677,674,21297.86
58369,39.977063,-105.460471,673,21279.62
58369,39.977104,-105.460244,672,21259.73
58369,39.977112,-105.46014,671,21250.81
58369,39.977123,-105.460008,670,21239.48
58369,39.977137,-105.459796,669,21221.33
58369,39.977162,-105.459475,668,21193.81
58369,39.977183,-105.459251,667,21174.56
58369,39.977216,-105.459066,666,21158.36
58369,39.977269,-105.458893,665,21142.46
58369,39.977334,-105.458736,664,21127.24
58369,39.97739,-105.458635,663,21116.61
58369,39.977481,-105.45851,662,21101.9
58369,39.97757,-105.458414,661,21089.04
58369,39.977743,-105.458253,660,21065.39
58369,39.978137,-105.457941,659,21014.09
58369,39.978389,-105.457699,658,20979.26
58369,39.978732,-105.457317,657,20929.06
58369,39.978867,-105.45704,656,20901.06
58369,39.97898,-105.456742,655,20872.7
58369,39.979159,-105.456182,654,20820.94
58369,39.979267,-105.455914,653,20795.11
58369,39.979711,-105.455466,652,20732.63
58369,39.979972,-105.455343,651,20701.74
58369,39.98041,-105.455199,650,20651.46
58369,39.980432,-105.45519,649,20648.89
58369,39.980865,-105.455012,648,20598.36
58369,39.981321,-105.454704,647,20541.2
58369,39.981735,-105.454235,646,20480.17
58369,39.981761,-105.454183,645,20474.87
58369,39.981945,-105.453813,644,20437.25
58369,39.982,-105.45364,643,20421.27
58369,39.98211,-105.453295,642,20389.4
58369,39.982376,-105.4477,628,19883.96
58369,39.982387,-105.447371,627,19855.87
58369,39.982395,-105.447987,629,19908.53
58369,39.982425,-105.447087,626,19831.28
58369,39.982441,-105.448269,630,19933.12
58369,39.982468,-105.448388,631,19943.71
58369,39.982501,-105.446774,625,19803.27
58369,39.982534,-105.44663,624,19790.45
58369,39.982579,-105.451815,641,20252.79
58369,39.982591,-105.446419,623,19771.37
58369,39.982643,-105.448947,632,19995.22
58369,39.982664,-105.446223,622,19752.78
58369,39.982755,-105.449247,633,20023.68
58369,39.982774,-105.445961,621,19727.29
58369,39.982853,-105.445821,620,19712.46
58369,39.982855,-105.450947,640,20172.63
58369,39.982884,-105.449687,634,20063.86
58369,39.982899,-105.450673,639,20148.75
58369,39.982923,-105.45049,638,20132.91
58369,39.982936,-105.450302,637,20116.81
58369,39.982938,-105.450117,635,20101.03
58369,39.983037,-105.445512,619,19679.08
58369,39.983139,-105.445358,618,19661.72
58369,39.983518,-105.444791,617,19597.54
58369,39.98405,-105.443963,616,19505.37
58369,39.984292,-105.443615,615,19465.29
58369,39.984705,-105.44301,614,19396.18
58369,39.985078,-105.44247,613,19334.16
58369,39.985435,-105.442056,612,19281
58369,39.98577,-105.441678,611,19231.7
58369,39.986451,-105.440941,610,19133.22
58369,39.986606,-105.440755,609,19109.78
58369,39.986785,-105.440574,608,19084.58
58369,39.986814,-105.437644,601,18797.06
58369,39.986852,-105.437183,600,18757.52
58369,39.986908,-105.438126,602,18839.49
58369,39.986973,-105.436849,599,18726.01
58369,39.98714,-105.438617,603,18888.69
58369,39.987141,-105.440122,607,19029.29
58369,39.987143,-105.436567,598,18695.4
58369,39.987293,-105.439851,606,19000.64
58369,39.987324,-105.43908,604,18933.17
58369,39.987372,-105.439518,605,18970.91
58369,39.987799,-105.430252,589,18080.38
58369,39.987804,-105.430647,590,18114.08
58369,39.98781,-105.43017,588,18073.28
58369,39.987812,-105.435921,597,18602.76
58369,39.98785,-105.431038,591,18147.82
58369,39.987859,-105.429795,587,18040.84
58369,39.987978,-105.429366,586,18001.92
58369,39.988117,-105.435629,596,18560.65
58369,39.988153,-105.428983,585,17963.89
58369,39.988318,-105.435345,595,18527.68
58369,39.98845,-105.435056,594,18498.98
58369,39.988455,-105.434255,592,18430.34
58369,39.988459,-105.428568,584,17914.77
58369,39.988482,-105.434689,593,18467.48
58369,39.989371,-105.428029,583,17803.32
58369,39.989619,-105.427882,582,17773
58369,39.990021,-105.427532,581,17719.21
58369,39.990287,-105.427125,580,17673.58
58369,39.990482,-105.42316,576,17324.32
58369,39.990484,-105.422672,575,17282.69
58369,39.990543,-105.426571,579,17618.4
58369,39.990557,-105.421871,574,17213.9
58369,39.990607,-105.42463,577,17450.46
58369,39.990694,-105.425706,578,17542.74
58369,39.990717,-105.421136,573,17148.73
58369,39.99094,-105.420457,572,17085.72
58369,39.991147,-105.419999,571,17040.37
58369,39.991395,-105.41957,570,16994.54
58369,39.991659,-105.419067,569,16942.54
58369,39.991789,-105.41863,568,16902.56
58369,39.991909,-105.417967,567,16844.45
58369,39.992075,-105.417486,566,16799.46
58369,39.992289,-105.417207,565,16765.79
58369,39.992663,-105.416937,564,16718.22
58369,39.9929,-105.416865,563,16691.13
58369,39.993199,-105.416868,562,16657.84
58369,39.993534,-105.417043,561,16617.67
58369,39.993772,-105.417295,560,16583.56
58369,39.99464,-105.418564,559,16438.48
58369,39.995027,-105.419132,558,16373.65
58369,39.995415,-105.419452,557,16322.56
58369,39.995706,-105.419526,556,16289.56
58369,39.996027,-105.419526,555,16253.82
58369,39.996351,-105.419464,554,16217.37
58369,39.996703,-105.41932,553,16176.31
58369,39.996972,-105.415358,542,15760.08
58369,39.997013,-105.415739,543,15792.89
58369,39.997021,-105.414961,541,15725.79
58369,39.99712,-105.419058,552,16124.79
58369,39.997178,-105.41457,540,15688.14
58369,39.997346,-105.418848,551,16093.91
58369,39.997367,-105.414307,539,15657.39
58369,39.99751,-105.416761,544,15896.13
58369,39.997527,-105.4168,545,15899.95
58369,39.99758,-105.414114,538,15628.53
58369,39.997584,-105.41851,550,16054.76
58369,39.997681,-105.417144,546,15933.93
58369,39.997699,-105.41816,549,16022.28
58369,39.99773,-105.417337,547,15951.27
58369,39.997761,-105.417736,548,15985.47
58369,39.998778,-105.413276,537,15477.23
58369,39.999231,-105.413072,536,15423.88
58369,39.999253,-105.413062,535,15421.29
58369,39.99952,-105.384894,454,12459.6
58369,39.999528,-105.384609,453,12435.28
58369,39.999534,-105.386153,455,12566.98
58369,39.999565,-105.384395,452,12416.57
58369,39.999571,-105.386437,456,12591.54
58369,39.999627,-105.413019,534,15379.49
58369,39.999653,-105.386797,457,12623.57
58369,39.99967,-105.384115,451,12389.99
58369,39.999783,-105.383907,450,12368.24
58369,39.99983,-105.387119,458,12657.37
58369,39.999943,-105.413078,533,15343.96
58369,39.99996,-105.383692,449,12341.33
58369,40.000039,-105.387328,459,12686.67
58369,40.000124,-105.38359,448,12321.11
58369,40.000161,-105.413164,532,15318.61
58369,40.000305,-105.387554,460,12722.01
58369,40.000631,-105.387757,461,12762.21
58369,40.000767,-105.387848,462,12779.22
58369,40.000773,-105.370332,412,10640.25
58369,40.000774,-105.370684,413,10670.27
58369,40.00081,-105.413384,531,15243.96
58369,40.000841,-105.369992,411,10610.29
58369,40.000868,-105.383188,447,12231.47
58369,40.000881,-105.371217,414,10717.26
58369,40.000917,-105.388032,463,12802.14
58369,40.000925,-105.369783,410,10590.16
58369,40.001016,-105.371792,415,10768.54
58369,40.001069,-105.388284,464,12829.49
58369,40.001098,-105.369566,409,10563.45
58369,40.001172,-105.388665,465,12863.94
58369,40.001225,-105.372681,416,10847.84
58369,40.001239,-105.413499,530,15195.21
58369,40.001245,-105.413497,529,15194.52
58369,40.001275,-105.369435,408,10540.8
58369,40.001342,-105.390101,466,12987.85
58369,40.001361,-105.373261,417,10899.56
58369,40.001381,-105.390387,467,13012.62
58369,40.001431,-105.37345,418,10917.47
58369,40.001439,-105.390676,468,13038.1
58369,40.001525,-105.390971,469,13065.01
58369,40.001568,-105.373633,419,10939.29
58369,40.001586,-105.373643,420,10941.46
58369,40.001637,-105.413311,528,15148.09
58369,40.001731,-105.382753,446,12128.49
58369,40.001787,-105.373826,421,10968.74
58369,40.00196,-105.412998,527,15103.31
58369,40.002053,-105.373891,422,10998.87
58369,40.00212,-105.412578,526,15063.31
58369,40.002131,-105.369107,407,10441.5
58369,40.002168,-105.412451,525,15051.24
58369,40.002223,-105.411934,524,15006.73
58369,40.00229,-105.39279,470,13241.97
58369,40.002332,-105.411466,523,14965.02
58369,40.00238,-105.393015,471,13263.61
58369,40.002445,-105.37391,423,11042.54
58369,40.00246,-105.368861,406,10399.29
58369,40.00247,-105.393284,472,13288.64
58369,40.00253,-105.393484,473,13306.96
58369,40.002596,-105.382476,445,12029.34
58369,40.002596,-105.393729,474,13329.1
58369,40.002604,-105.410848,522,14904.24
58369,40.002646,-105.39409,475,13360.38
58369,40.002664,-105.394222,476,13371.82
58369,40.002691,-105.368639,405,10367.36
58369,40.002716,-105.410141,521,14842.68
58369,40.002725,-105.395757,477,13502.89
58369,40.00273,-105.39598,478,13521.91
58369,40.002738,-105.396325,479,13551.34
58369,40.002793,-105.396775,480,13590.2
58369,40.00283,-105.409892,520,14817.94
58369,40.002869,-105.397154,481,13623.61
58369,40.00289,-105.397259,482,13632.86
58369,40.003035,-105.397655,483,13670.29
58369,40.003042,-105.409349,519,14765.97
58369,40.003072,-105.397756,484,13679.84
58369,40.003114,-105.364906,395,9999.12
58369,40.003121,-105.365189,396,10023.27
58369,40.003124,-105.364683,394,9980.08
58369,40.003139,-105.37383,424,11120.09
58369,40.003145,-105.364597,393,9972.38
58369,40.003197,-105.364424,392,9956.53
58369,40.00322,-105.365514,397,10053.09
58369,40.003235,-105.39816,485,13718.77
58369,40.003246,-105.382268,444,11954.84
58369,40.003265,-105.40883,518,14715.23
58369,40.003311,-105.398352,486,13737.2
58369,40.003353,-105.373854,425,11144
58369,40.003366,-105.36757,404,10249.22
58369,40.003447,-105.39869,487,13769.76
58369,40.003483,-105.382146,443,11926.48
58369,40.00349,-105.36736,403,10226.61
58369,40.003499,-105.408396,517,14669.97
58369,40.003522,-105.382126,442,11921.82
58369,40.003557,-105.363656,391,9879.75
58369,40.003562,-105.366212,398,10123.75
58369,40.003584,-105.367159,402,10206.53
58369,40.0036,-105.402038,497,14064.61
58369,40.003605,-105.40169,496,14034.93
58369,40.003616,-105.401598,495,14026.99
58369,40.003621,-105.399109,488,13810.4
58369,40.003627,-105.366451,399,10145.37
58369,40.003641,-105.366821,401,10177.02
58369,40.003644,-105.366673,400,10164.4
58369,40.003646,-105.401352,494,14005.75
58369,40.003646,-105.402424,498,14097.92
58369,40.003677,-105.363324,390,9848.45
58369,40.003699,-105.357431,367,9222.62
58369,40.00372,-105.3741,426,11189.93
58369,40.003722,-105.382023,441,11897.89
58369,40.003725,-105.399474,489,13843.61
58369,40.003728,-105.363055,389,9824.82
58369,40.003728,-105.402789,499,14130.35
58369,40.003736,-105.400784,493,13956.29
58369,40.003745,-105.362858,388,9807.92
58369,40.003757,-105.357886,368,9261.95
58369,40.00376,-105.361923,387,9728.17
58369,40.003773,-105.356973,366,9182.71
58369,40.003773,-105.400383,492,13921.85
58369,40.003775,-105.399778,490,13870.12
58369,40.003791,-105.400096,491,13897.29
58369,40.003796,-105.361695,386,9708.32
58369,40.003824,-105.403089,500,14158.08
58369,40.003847,-105.36151,385,9691.55
58369,40.003863,-105.374352,427,11216.67
58369,40.003889,-105.3565,365,9140.36
58369,40.00389,-105.3582,369,9292.55
58369,40.003902,-105.40781,516,14602.82
58369,40.003958,-105.361279,384,9668.3
58369,40.003959,-105.374558,428,11237.23
58369,40.003959,-105.381664,440,11857.47
58369,40.003998,-105.355969,364,9093.48
58369,40.004014,-105.374863,429,11263.95
58369,40.004051,-105.375067,430,11281.83
58369,40.004062,-105.381343,439,11827.8
58369,40.004067,-105.35842,370,9319.75
58369,40.004073,-105.407542,515,14573.08
58369,40.004078,-105.35501,363,9011.22
58369,40.004087,-105.361132,383,9649.24
58369,40.004112,-105.376577,431,11410.76
58369,40.004117,-105.354356,362,8955.29
58369,40.004169,-105.353987,361,8923.3
58369,40.004171,-105.407379,514,14555.41
58369,40.004209,-105.377097,432,11456.4
58369,40.004255,-105.404086,501,14255.7
58369,40.004306,-105.353385,360,8869.74
58369,40.004306,-105.407125,513,14529.05
58369,40.004316,-105.379931,438,11704.12
58369,40.004375,-105.404355,502,14282.24
58369,40.004405,-105.406877,512,14505.2
58369,40.004416,-105.377988,433,11535.79
58369,40.004425,-105.353053,359,8838.49
58369,40.004437,-105.360858,382,9603.81
58369,40.004468,-105.379085,437,11630.02
58369,40.004473,-105.378865,436,11611.26
58369,40.004474,-105.378345,434,11566.91
58369,40.004476,-105.378681,435,11595.56
58369,40.004492,-105.406625,511,14481.63
58369,40.004517,-105.404841,503,14326.59
58369,40.004557,-105.406396,510,14460.8
58369,40.004561,-105.405043,504,14344.5
58369,40.00457,-105.35266,358,8801.29
58369,40.004576,-105.406294,509,14451.85
58369,40.004584,-105.405234,505,14360.99
58369,40.004607,-105.40596,508,14423.17
58369,40.004611,-105.40544,506,14378.81
58369,40.004613,-105.405774,507,14407.29
58369,40.004642,-105.360705,381,9577.52
58369,40.004701,-105.352362,357,8772
58369,40.004722,-105.358955,371,9405.76
58369,40.004735,-105.360601,380,9563.89
58369,40.004836,-105.359096,372,9423.25
58369,40.004839,-105.360441,379,9546
58369,40.004864,-105.352119,356,8744.45
58369,40.004895,-105.359216,373,9435.4
58369,40.004921,-105.360248,378,9527.18
58369,40.004966,-105.359434,374,9455.6
58369,40.004979,-105.360043,377,9508.55
58369,40.005009,-105.359651,375,9474.72
58369,40.005011,-105.35986,376,9492.54
58369,40.00516,-105.335926,308,7245.64
58369,40.005162,-105.336181,309,7267.39
58369,40.005185,-105.336421,310,7288.01
58369,40.005192,-105.335706,307,7226.55
58369,40.005193,-105.344129,327,8003.4
58369,40.005193,-105.351731,355,8695.1
58369,40.005202,-105.344363,328,8023.38
58369,40.005225,-105.344481,329,8033.76
58369,40.005232,-105.343821,326,7976.78
58369,40.005238,-105.336666,311,7309.72
58369,40.005249,-105.335496,306,7207.55
58369,40.005255,-105.344635,330,8047.31
58369,40.005332,-105.33528,305,7186.95
58369,40.005357,-105.336962,312,7338.23
58369,40.005369,-105.343471,325,7943.27
58369,40.00539,-105.351535,354,8667.53
58369,40.005409,-105.344954,331,8079.46
58369,40.00544,-105.335055,304,7164.31
58369,40.005517,-105.351326,353,8644.78
58369,40.005565,-105.34964,344,8497.5
58369,40.005566,-105.349317,343,8469.95
58369,40.005579,-105.348823,342,8427.81
58369,40.005585,-105.349828,345,8513.68
58369,40.005594,-105.351097,352,8623.45
58369,40.005596,-105.349922,346,8521.79
58369,40.005603,-105.349986,347,8527.3
58369,40.005604,-105.350002,348,8528.67
58369,40.005606,-105.350017,349,8529.97
58369,40.005644,-105.348146,341,8369.63
58369,40.005657,-105.350485,350,8570.28
58369,40.005662,-105.350762,351,8593.9
58369,40.005676,-105.334799,303,7130.15
58369,40.005679,-105.347896,340,8347.96
58369,40.005753,-105.34737,339,8302.36
58369,40.005756,-105.337801,313,7422.43
58369,40.005767,-105.347267,338,8293.44
58369,40.00579,-105.345624,332,8150.62
58369,40.005849,-105.346677,337,8242.31
58369,40.005877,-105.345954,333,8180.38
58369,40.005879,-105.346041,334,8187.8
58369,40.00588,-105.346113,335,8193.94
58369,40.005884,-105.346352,336,8214.32
58369,40.0059,-105.33815,314,7456.24
58369,40.00597,-105.338395,315,7478.53
58369,40.006028,-105.338714,316,7506.49
58369,40.006087,-105.339197,317,7548.19
58369,40.006112,-105.342055,324,7796.91
58369,40.0062,-105.341837,323,7775.9
58369,40.006217,-105.341759,322,7768.99
58369,40.006244,-105.340482,318,7659.15
58369,40.006261,-105.341557,321,7751.08
58369,40.006272,-105.3409,319,7694.93
58369,40.006283,-105.341233,320,7723.35
58369,40.006431,-105.333942,302,7018.78
58369,40.006704,-105.333633,301,6978.56
58369,40.006953,-105.330987,291,6722.01
58369,40.006962,-105.330754,290,6702.11
58369,40.006976,-105.33127,292,6746.27
58369,40.007002,-105.333291,300,6934.39
58369,40.007013,-105.330532,289,6682.35
58369,40.00707,-105.331593,293,6775.73
58369,40.007076,-105.330362,288,6666.25
58369,40.00714,-105.333087,299,6911.18
58369,40.007167,-105.330207,287,6649.6
58369,40.007188,-105.33017,286,6645.67
58369,40.0072,-105.332971,298,6899.25
58369,40.007218,-105.332017,294,6815.46
58369,40.007238,-105.332876,297,6890.11
58369,40.007268,-105.332249,295,6836.01
58369,40.007288,-105.330066,285,6631.44
58369,40.007289,-105.332506,296,6858.05
58369,40.007497,-105.329918,284,6604.97
58369,40.008059,-105.329701,283,6539.73
58369,40.008142,-105.329635,282,6528.91
58369,40.008276,-105.32953,281,6511.51
58369,40.008288,-105.327034,272,6281.27
58369,40.008298,-105.327284,273,6302.61
58369,40.008329,-105.327582,274,6328.26
58369,40.008346,-105.326744,271,6255.71
58369,40.00841,-105.329364,280,6490.95
58369,40.008437,-105.326543,270,6235.8
58369,40.008522,-105.326391,269,6219.76
58369,40.008537,-105.328209,275,6386.52
58369,40.008553,-105.329048,279,6459.66
58369,40.008575,-105.32839,276,6402.52
58369,40.008594,-105.32848,277,6410.48
58369,40.008602,-105.328814,278,6438.97
58369,40.008667,-105.326226,268,6198.35
58369,40.00887,-105.326093,267,6173.06
58369,40.008991,-105.326048,266,6159.06
58369,40.009109,-105.326027,265,6145.8
58369,40.009242,-105.326032,264,6130.99
58369,40.009391,-105.326071,263,6114.07
58369,40.009571,-105.326139,262,6093.21
58369,40.010305,-105.326467,261,6006.85
58369,40.0105,-105.326511,260,5984.82
58369,40.010578,-105.326516,259,5976.13
58369,40.010635,-105.32652,258,5969.77
58369,40.010792,-105.326497,257,5952.19
58369,40.010978,-105.326421,256,5930.49
58369,40.011162,-105.326273,255,5906.43
58369,40.011319,-105.326064,254,5881.47
58369,40.011435,-105.325877,253,5860.96
58369,40.011482,-105.325801,252,5852.63
58369,40.011486,-105.308087,149,3265.45
58369,40.011498,-105.308332,150,3286.39
58369,40.011499,-105.307924,148,3251.48
58369,40.011541,-105.308536,151,3304.43
58369,40.011546,-105.307709,147,3232.42
58369,40.011578,-105.307614,146,3223.57
58369,40.011604,-105.308715,152,3321.22
58369,40.011674,-105.308851,153,3335.19
58369,40.01178,-105.308987,154,3351.74
58369,40.011852,-105.325186,251,5785.95
58369,40.011893,-105.306896,145,3153.02
58369,40.011901,-105.309111,155,3368.86
58369,40.011983,-105.303263,136,2835.67
58369,40.011986,-105.303094,135,2821.25
58369,40.011989,-105.303421,137,2849.15
58369,40.011998,-105.303614,138,2865.64
58369,40.012005,-105.309196,156,3382.52
58369,40.012011,-105.302946,134,2808.33
58369,40.012026,-105.306543,144,3119.48
58369,40.012036,-105.324966,250,5758.18
58369,40.012063,-105.30274,133,2789.84
58369,40.012091,-105.306357,143,3102.05
58369,40.012139,-105.306163,142,3084.67
58369,40.012143,-105.302525,132,2769.46
58369,40.012171,-105.309301,157,3403.05
58369,40.012174,-105.305932,141,3064.59
58369,40.012182,-105.305557,139,3032.56
58369,40.012185,-105.305761,140,3049.96
58369,40.012205,-105.324846,249,5736.76
58369,40.012254,-105.302353,131,2750.28
58369,40.0123,-105.302293,130,2743.04
58369,40.012335,-105.302253,129,2737.87
58369,40.012385,-105.32476,248,5715.42
58369,40.012391,-105.302191,128,2729.69
58369,40.012511,-105.302094,127,2713.98
58369,40.012567,-105.324723,247,5694.92
58369,40.012634,-105.316123,183,4287.24
58369,40.012637,-105.316293,184,4301.74
58369,40.012639,-105.302018,126,2698.33
58369,40.012656,-105.316462,185,4316.3
58369,40.01266,-105.309511,158,3460.36
58369,40.012664,-105.31587,182,4265.41
58369,40.012693,-105.316625,186,4330.79
58369,40.012705,-105.315708,181,4250.86
58369,40.012759,-105.32475,246,5673.42
58369,40.012762,-105.315555,180,4236.36
58369,40.012814,-105.309595,159,3478.93
58369,40.012843,-105.315396,179,4220.08
58369,40.012907,-105.30191,125,2667.11
58369,40.012922,-105.324819,245,5654.35
58369,40.012958,-105.315249,178,4202.16
58369,40.012959,-105.309699,160,3497.35
58369,40.013068,-105.324915,244,5636.15
58369,40.013096,-105.309823,161,3515.91
58369,40.013178,-105.325036,243,5620.14
58369,40.013222,-105.309965,162,3534.44
58369,40.013281,-105.325185,242,5603.03
58369,40.013285,-105.310052,163,3544.64
58369,40.013313,-105.318548,187,4508.68
58369,40.013345,-105.325338,241,5588.16
58369,40.013378,-105.30178,124,2613.52
58369,40.013395,-105.297365,92,2175.38
58369,40.0134,-105.297555,93,2191.59
58369,40.013403,-105.314749,177,4136.81
58369,40.013404,-105.318734,188,4527.5
58369,40.013408,-105.297124,91,2154.78
58369,40.013408,-105.297701,94,2204.06
58369,40.013414,-105.30177,123,2609.42
58369,40.013414,-105.325611,240,5563.65
58369,40.013421,-105.29692,90,2137.33
58369,40.013421,-105.29789,95,2220.24
58369,40.01343,-105.325655,239,5559.5
58369,40.013441,-105.29807,96,2235.75
58369,40.013447,-105.296723,89,2120.28
58369,40.013448,-105.310274,164,3570.86
58369,40.013467,-105.298259,97,2252.12
58369,40.013487,-105.296534,88,2103.56
58369,40.013496,-105.318877,189,4543.42
58369,40.013498,-105.301737,122,2599.65
58369,40.0135,-105.298439,98,2267.9
58369,40.013533,-105.298594,99,2281.62
58369,40.013546,-105.296302,87,2082.72
58369,40.013546,-105.326196,238,5511.6
58369,40.013579,-105.298766,100,2297.15
58369,40.013592,-105.3017,121,2588.72
58369,40.0136,-105.319003,190,4559.22
58369,40.013626,-105.326423,237,5490.3
58369,40.013645,-105.295993,86,2054.16
58369,40.013649,-105.298975,101,2316.6
58369,40.013671,-105.301658,120,2579.23
58369,40.013694,-105.299097,102,2328.15
58369,40.013702,-105.314515,176,4098
58369,40.013721,-105.319115,191,4575.73
58369,40.013737,-105.301607,119,2570.69
58369,40.013742,-105.326631,236,5468.36
58369,40.013747,-105.295573,85,2016.6
58369,40.013787,-105.299331,103,2350.62
58369,40.013795,-105.301554,118,2562.81
58369,40.013866,-105.31443,175,4078.36
58369,40.013868,-105.301486,117,2552.83
58369,40.013886,-105.294812,84,1949.9
58369,40.013927,-105.319254,192,4601.54
58369,40.013928,-105.299688,104,2384.87
58369,40.013942,-105.326821,235,5440.83
58369,40.013947,-105.301383,116,2540.4
58369,40.013954,-105.294718,83,1938.87
58369,40.014006,-105.301289,115,2530.04
58369,40.014027,-105.294096,82,1885.22
58369,40.014039,-105.299967,105,2411.67
58369,40.014059,-105.301169,114,2518.23
58369,40.014078,-105.300105,106,2424.21
58369,40.014105,-105.301049,113,2506.79
58369,40.014118,-105.300259,107,2438.08
58369,40.014118,-105.32692,234,5419.49
58369,40.014132,-105.293316,81,1817.7
58369,40.014138,-105.300937,112,2496.56
58369,40.014144,-105.300405,108,2450.86
58369,40.014157,-105.300551,109,2463.39
58369,40.014157,-105.300808,111,2485.36
58369,40.014164,-105.300688,110,2475.1
58369,40.014182,-105.319413,193,4633
58369,40.014199,-105.292951,80,1785.7
58369,40.014215,-105.292862,79,1777.91
58369,40.014272,-105.326958,233,5402.05
58369,40.014328,-105.292288,78,1727.38
58369,40.014362,-105.292125,77,1712.98
58369,40.014426,-105.31424,174,4013.95
58369,40.014459,-105.319624,194,4668.7
58369,40.014473,-105.326946,232,5379.65
58369,40.014526,-105.29132,76,1641.96
58369,40.014539,-105.321872,206,4879.79
58369,40.01455,-105.322017,207,4892.21
58369,40.014553,-105.319726,195,4682.3
58369,40.014555,-105.321707,205,4865.61
58369,40.014577,-105.322169,208,4905.51
58369,40.014602,-105.321484,204,4845.89
58369,40.014624,-105.326901,231,5362.41
58369,40.014628,-105.32237,209,4923.57
58369,40.014635,-105.319844,196,4695.89
58369,40.014639,-105.31415,173,3989.03
58369,40.014697,-105.322562,210,4941.65
58369,40.014707,-105.321145,203,4814.71
58369,40.014728,-105.320008,197,4713.29
58369,40.014732,-105.326843,230,5349.41
58369,40.014765,-105.290141,75,1537.98
58369,40.014782,-105.320165,198,4727.96
58369,40.014801,-105.314019,172,3967.82
58369,40.014804,-105.312204,165,3794.16
58369,40.014806,-105.320814,202,4784.42
58369,40.014821,-105.320342,199,4743.66
58369,40.014825,-105.322865,211,4971.15
58369,40.014832,-105.32068,201,4772.63
58369,40.014839,-105.32052,200,4758.97
58369,40.014849,-105.284785,54,1069.3
58369,40.014856,-105.284562,53,1050.28
58369,40.014856,-105.285008,55,1088.33
58369,40.01486,-105.28967,74,1496.45
58369,40.014875,-105.285203,56,1105.09
58369,40.014882,-105.284313,52,1028.85
58369,40.014888,-105.312358,166,3810.28
58369,40.014891,-105.326738,229,5329.57
58369,40.014908,-105.285416,57,1123.62
58369,40.014918,-105.313879,171,3950.15
58369,40.014934,-105.28404,51,1004.87
58369,40.014998,-105.326605,228,5313.13
58369,40.015015,-105.312616,167,3836.43
58369,40.015035,-105.288831,73,1422.32
58369,40.015043,-105.288791,72,1418.79
58369,40.015048,-105.32334,212,5018.65
58369,40.015054,-105.313572,170,3919.91
58369,40.015066,-105.283406,50,948.85
58369,40.01509,-105.326439,227,5295.66
58369,40.015097,-105.312961,168,3867.23
58369,40.015101,-105.283239,49,934.09
58369,40.015104,-105.313263,169,3892.99
58369,40.015117,-105.323471,213,5032.21
58369,40.01512,-105.323477,214,5032.82
58369,40.015127,-105.283116,48,923.21
58369,40.015135,-105.283078,47,919.85
58369,40.015141,-105.286493,58,1219.03
58369,40.015141,-105.32352,215,5037.17
58369,40.015144,-105.323526,216,5037.78
58369,40.015163,-105.288218,71,1368.15
58369,40.015183,-105.326184,226,5271.58
58369,40.015184,-105.286707,59,1237.9
58369,40.015184,-105.288121,70,1359.55
58369,40.015195,-105.28806,69,1354.21
58369,40.015202,-105.323646,217,5049.87
58369,40.015203,-105.282753,46,891.13
58369,40.015203,-105.288015,68,1350.27
58369,40.015211,-105.286888,60,1253.62
58369,40.015217,-105.287911,67,1341.27
58369,40.015227,-105.287064,61,1268.73
58369,40.015228,-105.287815,66,1332.99
58369,40.015235,-105.28716,62,1276.96
58369,40.015244,-105.287649,65,1318.73
58369,40.015249,-105.287396,63,1297.14
58369,40.015249,-105.287537,64,1309.16
58369,40.015263,-105.325759,225,5234.26
58369,40.01527,-105.282434,45,862.93
58369,40.015291,-105.323911,218,5074.54
58369,40.01533,-105.325307,224,5195.01
58369,40.015347,-105.282068,44,830.57
58369,40.015363,-105.324255,219,5104.95
58369,40.015363,-105.324998,223,5168.41
58369,40.015364,-105.324276,220,5106.74
58369,40.01537,-105.324457,221,5122.19
58369,40.015373,-105.281944,43,819.61
58369,40.01538,-105.324719,222,5144.55
58369,40.015429,-105.281675,42,795.84
58369,40.01551,-105.281274,41,760.48
58369,40.015566,-105.280996,40,735.98
58369,40.01561,-105.280782,39,717.09
58369,40.015645,-105.280617,38,702.49
58369,40.015668,-105.280501,37,692.27
58369,40.015899,-105.279433,36,597.66
58369,40.015929,-105.279293,35,585.26
58369,40.015955,-105.279166,34,574.06
58369,40.015961,-105.279136,33,571.41
58369,40.016069,-105.2786,32,524.16
58369,40.016078,-105.278555,31,520.2
58369,40.016164,-105.278126,30,482.39
58369,40.016179,-105.278046,29,475.37
58369,40.016188,-105.277994,28,470.82
58369,40.016213,-105.277876,27,460.38
58369,40.016221,-105.277838,26,457.02
58369,40.01643,-105.276824,25,367.5
58369,40.016456,-105.276699,24,356.46
58369,40.016484,-105.276567,23,344.78
58369,40.016491,-105.276529,22,341.45
58369,40.016529,-105.27635,21,325.61
58369,40.016533,-105.27633,20,323.85
58369,40.016546,-105.276269,19,318.45
58369,40.016616,-105.275932,18,288.68
58369,40.016701,-105.275523,17,252.55
58369,40.01673,-105.275382,16,240.1
58369,40.016806,-105.275406,15,231.4
58369,40.016849,-105.27542,14,226.47
58369,40.017123,-105.275508,13,195.06
58369,40.017154,-105.275518,12,191.5
58369,40.017239,-105.275547,11,181.72
58369,40.017387,-105.277169,1,0
58369,40.017401,-105.275601,10,163.11
58369,40.017419,-105.277018,2,13.36
58369,40.017501,-105.276612,3,49.15
58369,40.017527,-105.276494,4,59.62
58369,40.017539,-105.276432,5,65.07
58369,40.017549,-105.276379,6,69.73
58369,40.017573,-105.275655,9,143.42
58369,40.01765,-105.275872,7,114.39
58369,40.017687,-105.275691,8,130.36
58381,39.953458,-105.525449,1,0
58381,39.953557,-105.525292,2,17.35
58381,39.953708,-105.525421,3,37.44
58381,39.954509,-105.52415,4,177.85
58381,39.954705,-105.523906,5,208.01
58381,39.955079,-105.523579,6,258.13
58381,39.955097,-105.523563,7,260.55
58381,39.955435,-105.523254,8,306.5
58381,39.956189,-105.522573,9,408.58
58381,39.956521,-105.522231,10,455.67
58381,39.956659,-105.522047,11,477.64
58381,39.956829,-105.521819,12,504.78
58381,39.956978,-105.516868,31,996.77
58381,39.956986,-105.521496,13,537.42
58381,39.956994,-105.516779,32,1004.57
58381,39.957113,-105.521151,14,570.07
58381,39.957173,-105.51581,33,1089.62
58381,39.957198,-105.520894,15,593.96
58381,39.957379,-105.515071,34,1156.72
58381,39.957385,-105.517188,30,943.87
58381,39.957484,-105.520027,16,674.5
58381,39.957563,-105.519753,17,699.48
58381,39.957605,-105.517413,29,912.75
58381,39.957666,-105.514042,35,1250.15
58381,39.957711,-105.517562,28,895.41
58381,39.957765,-105.51905,18,763.54
58381,39.957792,-105.518945,19,772.99
58381,39.957793,-105.513586,36,1291.55
58381,39.957796,-105.517749,27,876.85
58381,39.957806,-105.517772,26,874.6
58381,39.957826,-105.518757,20,789.47
58381,39.957843,-105.517933,25,860.26
58381,39.957855,-105.518518,21,810.12
58381,39.957863,-105.518094,24,846.34
58381,39.957863,-105.518347,22,824.74
58381,39.957866,-105.518285,23,830.04
58381,39.958238,-105.512059,37,1430.95
58381,39.958295,-105.511863,38,1448.84
58381,39.95837,-105.51166,39,1468.06
58381,39.958498,-105.511386,40,1495.44
58381,39.958597,-105.51121,41,1514.07
58381,39.958679,-105.511079,42,1528.5
58381,39.958761,-105.510972,43,1541.41
58381,39.958936,-105.510787,44,1566.49
58381,39.95909,-105.510666,45,1586.5
58381,39.95922,-105.510584,46,1602.57
58381,39.959296,-105.510538,47,1611.9
58381,39.959379,-105.510487,48,1622.11
58381,39.959496,-105.510428,49,1636.08
58381,39.959611,-105.510378,50,1649.57
58381,39.959679,-105.510369,51,1657.18
58381,39.959985,-105.510328,52,1691.42
58381,39.960079,-105.510327,53,1701.89
58381,39.960237,-105.510324,54,1719.48
58381,39.960303,-105.510322,55,1726.83
58381,39.960635,-105.51031,56,1763.8
58381,39.96079,-105.510314,57,1781.06
58381,39.960943,-105.51034,58,1798.23
58381,39.961078,-105.510376,59,1813.57
58381,39.961418,-105.510512,60,1853.16
58381,39.9615,-105.51054,61,1862.59
58381,39.961546,-105.510549,62,1867.77
58381,39.961585,-105.510552,63,1872.12
58381,39.961627,-105.510546,64,1876.82
58381,39.961663,-105.510538,65,1880.89
58381,39.961705,-105.510522,66,1885.76
58381,39.96174,-105.5105,67,1890.08
58381,39.961751,-105.510493,68,1891.45
58381,39.961766,-105.510483,69,1893.32
58381,39.961798,-105.510458,70,1897.47
58381,39.961874,-105.510402,71,1907.19
58381,39.961904,-105.510378,72,1911.11
58381,39.961939,-105.510361,73,1915.26
58381,39.96196,-105.510352,74,1917.73
58381,39.961998,-105.510344,75,1922.01
58381,39.962231,-105.512508,111,2373.16
58381,39.962231,-105.512806,110,2347.73
58381,39.962232,-105.512195,112,2399.86
58381,39.962235,-105.513055,109,2326.48
58381,39.96225,-105.513159,108,2317.45
58381,39.962289,-105.513224,107,2310.41
58381,39.962334,-105.513242,106,2305.17
58381,39.962408,-105.510316,76,1967.71
58381,39.962416,-105.513253,105,2295.99
58381,39.962435,-105.510314,77,1970.72
58381,39.962462,-105.513258,104,2290.85
58381,39.962514,-105.512196,113,2431.25
58381,39.962515,-105.510275,121,2607.18
58381,39.96252,-105.51032,120,2603.3
58381,39.962522,-105.510231,122,2611.01
58381,39.962531,-105.513261,103,2283.17
58381,39.962535,-105.51036,119,2599.5
58381,39.962539,-105.510192,123,2614.84
58381,39.962539,-105.510192,78,1986.29
58381,39.96255,-105.510382,118,2596.99
58381,39.962556,-105.510171,124,2617.45
58381,39.962556,-105.510171,79,1988.9
58381,39.962566,-105.510163,125,2618.75
58381,39.962569,-105.510399,117,2594.42
58381,39.962575,-105.510155,126,2619.97
58381,39.962575,-105.510155,80,1991.42
58381,39.962592,-105.51054,116,2582.12
58381,39.962592,-105.51054,96,2043.23
58381,39.962594,-105.513137,101,2264.82
58381,39.962595,-105.511269,115,2519.92
58381,39.962595,-105.511269,97,2105.43
58381,39.962596,-105.513267,102,2275.91
58381,39.962598,-105.512727,100,2229.83
58381,39.962599,-105.512097,98,2176.08
58381,39.9626,-105.512196,114,2440.83
58381,39.9626,-105.512196,99,2184.53
58381,39.962601,-105.510145,128,2622.98
58381,39.962601,-105.510145,81,1994.43
58381,39.962616,-105.510467,95,2036.45
58381,39.962628,-105.510143,129,2625.99
58381,39.962628,-105.510143,82,1997.44
58381,39.962632,-105.510415,94,2031.67
58381,39.962641,-105.510145,130,2627.45
58381,39.962641,-105.510145,83,1998.9
58381,39.962654,-105.51015,131,2628.96
58381,39.962654,-105.51015,84,2000.41
58381,39.962666,-105.510402,93,2027.73
58381,39.962678,-105.510166,85,2003.41
58381,39.962694,-105.510375,92,2023.85
58381,39.962698,-105.510189,86,2006.38
58381,39.962713,-105.510218,87,2009.36
58381,39.962714,-105.510339,91,2020.06
58381,39.962719,-105.510239,88,2011.28
58381,39.962723,-105.510253,89,2012.55
58381,39.962724,-105.510297,90,2016.31
58381,39.962764,-105.510056,132,2643.6
58381,39.962878,-105.509765,133,2671.48
58381,39.962945,-105.509594,134,2687.87
58381,39.963257,-105.508793,135,2764.53
58381,39.963524,-105.508058,136,2833.93
58381,39.963892,-105.507061,137,2928.34
58381,39.964068,-105.506585,138,2973.43
58381,39.964952,-105.504192,139,3200.08
58381,39.96518,-105.503559,140,3259.76
58381,39.965389,-105.502948,141,3316.84
58381,39.965535,-105.502468,142,3360.9
58381,39.965639,-105.502094,143,3394.85
58381,39.965763,-105.501542,144,3443.92
58381,39.965866,-105.500965,145,3494.47
58381,39.965996,-105.500006,146,3577.56
58381,39.966051,-105.499459,147,3624.63
58381,39.966112,-105.498799,148,3681.35
58381,39.966148,-105.498605,149,3698.38
58381,39.966189,-105.498388,150,3717.45
58381,39.966325,-105.497936,151,3758.87
58381,39.966477,-105.497597,152,3792.38
58381,39.966976,-105.496675,153,3888.68
58381,39.967087,-105.496401,154,3915.12
58381,39.967156,-105.494225,160,4103.93
58381,39.967169,-105.493885,161,4132.97
58381,39.967176,-105.496092,155,3943.29
58381,39.967188,-105.494661,159,4066.56
58381,39.967223,-105.493568,162,4160.68
58381,39.967226,-105.495809,156,3968.06
58381,39.967228,-105.495076,158,4030.88
58381,39.967253,-105.495486,157,3995.79
58381,39.967295,-105.493296,163,4185.23
58381,39.967404,-105.493037,164,4210.44
58381,39.967441,-105.482467,194,5206.52
58381,39.967447,-105.482334,195,5217.88
58381,39.967454,-105.482612,193,5194.06
58381,39.967462,-105.482211,196,5228.51
58381,39.967477,-105.482732,192,5183.51
58381,39.967488,-105.482088,197,5239.4
58381,39.967503,-105.482849,191,5173.12
58381,39.967529,-105.481971,198,5250.37
58381,39.967538,-105.492771,165,4237.6
58381,39.967563,-105.483017,190,5157.3
58381,39.967573,-105.481873,199,5260.06
58381,39.967629,-105.481767,200,5271.05
58381,39.967629,-105.483164,189,5142.77
58381,39.9677,-105.48167,201,5282.49
58381,39.967721,-105.483332,188,5125.15
58381,39.967774,-105.481595,202,5292.92
58381,39.967871,-105.481517,203,5305.6
58381,39.968001,-105.481441,204,5321.46
58381,39.968085,-105.483908,187,5061.46
58381,39.968172,-105.48405,186,5045.95
58381,39.968232,-105.484178,185,5033.15
58381,39.96824,-105.492,166,4339.74
58381,39.968283,-105.481327,205,5354.33
58381,39.968284,-105.484298,184,5021.39
58381,39.968322,-105.484423,183,5009.91
58381,39.96834,-105.491868,167,4355.58
58381,39.968341,-105.484517,182,5001.62
58381,39.968377,-105.484686,181,4986.66
58381,39.968412,-105.484909,180,4967.23
58381,39.968452,-105.485243,179,4938.39
58381,39.96849,-105.491645,168,4380.89
58381,39.968605,-105.491419,169,4404.03
58381,39.968736,-105.491093,170,4435.44
58381,39.968756,-105.488757,178,4636.69
58381,39.96876,-105.488799,177,4633.08
58381,39.968786,-105.490888,171,4453.79
58381,39.96881,-105.489456,176,4576.76
58381,39.968824,-105.489642,175,4560.81
58381,39.968829,-105.490655,172,4474.24
58381,39.968841,-105.490437,173,4492.88
58381,39.968847,-105.490052,174,4525.74
58381,39.970863,-105.480476,206,5650.56
58381,39.971015,-105.480418,207,5668.19
58381,39.971165,-105.480343,208,5686.08
58381,39.971295,-105.480256,209,5702.34
58381,39.971413,-105.480169,210,5717.43
58381,39.971516,-105.480066,211,5731.87
58381,39.971612,-105.479957,212,5746.04
58381,39.971619,-105.472449,238,6410.6
58381,39.971621,-105.472662,237,6392.43
58381,39.97163,-105.472187,239,6432.99
58381,39.97163,-105.472866,236,6375
58381,39.971653,-105.471974,240,6451.34
58381,39.971653,-105.473073,235,6357.15
58381,39.971679,-105.473263,234,6340.69
58381,39.971685,-105.471776,241,6468.6
58381,39.971698,-105.479826,213,5760.75
58381,39.971726,-105.473512,233,6318.81
58381,39.971762,-105.479694,214,5774.08
58381,39.971773,-105.473727,232,6299.74
58381,39.971822,-105.479549,215,5788.14
58381,39.971885,-105.479375,216,5804.56
58381,39.971947,-105.479126,217,5826.89
58381,39.972005,-105.474656,231,6216.38
58381,39.972005,-105.478858,218,5850.65
58381,39.972065,-105.47491,230,6193.71
58381,39.972132,-105.4752,229,6167.87
58381,39.972159,-105.475315,228,6157.61
58381,39.972206,-105.475561,227,6135.98
58381,39.972236,-105.477563,219,5964.08
58381,39.972238,-105.475768,226,6117.96
58381,39.972262,-105.47602,225,6096.3
58381,39.97227,-105.477303,220,5986.58
58381,39.972281,-105.476263,224,6075.46
58381,39.97229,-105.477041,221,6009.04
58381,39.972293,-105.476556,223,6050.43
58381,39.972296,-105.476761,222,6032.94
58381,39.972345,-105.465863,247,6984.58
58381,39.972348,-105.468713,242,6740.13
58381,39.972355,-105.466183,246,6957.26
58381,39.972373,-105.465567,248,7010.02
58381,39.972401,-105.46833,243,6773.33
58381,39.97243,-105.465341,249,7030.32
58381,39.972442,-105.467889,244,6811.23
58381,39.972448,-105.467487,245,6845.53
58381,39.972486,-105.465172,250,7046.03
58381,39.972572,-105.465018,251,7062.28
58381,39.972675,-105.464878,252,7078.84
58381,39.972815,-105.464742,253,7098.27
58381,39.972964,-105.464665,254,7116.11
58381,39.973126,-105.464621,255,7134.53
58381,39.973288,-105.464603,256,7152.63
58381,39.973523,-105.464603,257,7178.79
58381,39.974247,-105.464626,258,7259.41
58381,39.97468,-105.464638,259,7307.62
58381,39.974861,-105.464617,260,7327.85
58381,39.97501,-105.464583,261,7344.69
58381,39.975136,-105.464536,262,7359.27
58381,39.975244,-105.464484,263,7372.09
58381,39.975348,-105.464418,264,7384.96
58381,39.975454,-105.464338,265,7398.59
58381,39.975546,-105.464257,266,7410.95
58381,39.975639,-105.464154,267,7424.53
58381,39.975752,-105.463988,268,7443.47
58381,39.975841,-105.463828,269,7460.33
58381,39.975922,-105.463668,270,7476.69
58381,39.976147,-105.463124,271,7529.43
58381,39.976378,-105.462511,272,7587.7
58381,39.976629,-105.461816,273,7653.24
58381,39.976812,-105.461314,274,7700.66
58381,39.976949,-105.460907,275,7738.58
58381,39.977019,-105.460677,276,7759.69
58381,39.977063,-105.460471,277,7777.94
58381,39.977104,-105.460244,278,7797.83
58381,39.977112,-105.46014,279,7806.75
58381,39.977123,-105.460008,280,7818.07
58381,39.977137,-105.459796,281,7836.22
58381,39.977162,-105.459475,282,7863.75
58381,39.977183,-105.459251,283,7883
58381,39.977216,-105.459066,284,7899.2
58381,39.977269,-105.458893,285,7915.1
58381,39.977334,-105.458736,286,7930.32
58381,39.97739,-105.458635,287,7940.95
58381,39.977481,-105.45851,288,7955.66
58381,39.97757,-105.458414,289,7968.51
58381,39.977743,-105.458253,290,7992.17
58381,39.978137,-105.457941,291,8043.47
58381,39.978389,-105.457699,292,8078.3
58381,39.978732,-105.457317,293,8128.5
58381,39.978867,-105.45704,294,8156.5
58381,39.97898,-105.456742,295,8184.86
58381,39.979159,-105.456182,296,8236.62
58381,39.979267,-105.455914,297,8262.45
58381,39.979711,-105.455466,298,8324.93
58381,39.979972,-105.455343,299,8355.82
58381,39.98041,-105.455199,300,8406.1
58381,39.980865,-105.455012,301,8459.2
58381,39.981321,-105.454704,302,8516.36
58381,39.981735,-105.454235,303,8577.39
58381,39.981945,-105.453813,304,8620.31
58381,39.982376,-105.4477,316,9173.6
58381,39.982387,-105.447371,317,9201.69
58381,39.982395,-105.447987,315,9149.03
58381,39.982402,-105.447257,318,9211.56
58381,39.982425,-105.447087,319,9226.28
58381,39.982441,-105.448269,314,9124.44
58381,39.982468,-105.448388,313,9113.85
58381,39.982501,-105.446774,320,9254.29
58381,39.982534,-105.44663,321,9267.11
58381,39.982591,-105.446419,322,9286.19
58381,39.982643,-105.448947,312,9062.34
58381,39.982664,-105.446223,323,9304.78
58381,39.982755,-105.449247,311,9033.88
58381,39.982774,-105.445961,324,9330.26
58381,39.982853,-105.445821,325,9345.09
58381,39.982855,-105.450947,305,8884.93
58381,39.982884,-105.449687,310,8993.69
58381,39.982899,-105.450673,306,8908.81
58381,39.982923,-105.45049,307,8924.64
58381,39.982936,-105.450302,308,8940.74
58381,39.982938,-105.450117,309,8956.53
58381,39.983037,-105.445512,326,9378.47
58381,39.983139,-105.445358,327,9395.84
58381,39.983518,-105.444791,328,9460.02
58381,39.98405,-105.443963,329,9552.18
58381,39.984292,-105.443615,330,9592.27
58381,39.984705,-105.44301,331,9661.38
58381,39.985078,-105.44247,332,9723.39
58381,39.985435,-105.442056,333,9776.56
58381,39.98577,-105.441678,334,9825.85
58381,39.986451,-105.440941,335,9924.33
58381,39.986606,-105.440755,336,9947.77
58381,39.986785,-105.440574,337,9972.98
58381,39.986814,-105.437644,344,10260.49
58381,39.986852,-105.437183,345,10300.04
58381,39.986908,-105.438126,343,10218.07
58381,39.986973,-105.436849,346,10331.55
58381,39.98714,-105.438617,342,10168.87
58381,39.987141,-105.440122,338,10028.27
58381,39.987143,-105.436567,347,10362.16
58381,39.987293,-105.439851,339,10056.91
58381,39.987324,-105.43908,341,10124.38
58381,39.987372,-105.439518,340,10086.65
58381,39.987799,-105.430252,356,10977.17
58381,39.987804,-105.430647,355,10943.48
58381,39.98781,-105.43017,357,10984.27
58381,39.987812,-105.435921,348,10454.8
58381,39.98785,-105.431038,354,10909.74
58381,39.987859,-105.429795,358,11016.72
58381,39.987978,-105.429366,359,11055.63
58381,39.988117,-105.435629,349,10496.9
58381,39.988153,-105.428983,360,11093.67
58381,39.988318,-105.435345,350,10529.88
58381,39.98845,-105.435056,351,10558.57
58381,39.988455,-105.434255,353,10627.22
58381,39.988459,-105.428568,361,11142.79
58381,39.988482,-105.434689,352,10590.08
58381,39.989371,-105.428029,362,11254.24
58381,39.989619,-105.427882,363,11284.56
58381,39.990021,-105.427532,364,11338.35
58381,39.990287,-105.427125,365,11383.98
58381,39.990482,-105.42316,369,11733.24
58381,39.990484,-105.422672,370,11774.86
58381,39.990543,-105.426571,366,11439.16
58381,39.990557,-105.421871,371,11843.66
58381,39.990607,-105.42463,368,11607.1
58381,39.990694,-105.425706,367,11514.82
58381,39.990717,-105.421136,372,11908.83
58381,39.99094,-105.420457,373,11971.83
58381,39.991147,-105.419999,374,12017.19
58381,39.991395,-105.41957,375,12063.02
58381,39.991659,-105.419067,376,12115.02
58381,39.991789,-105.41863,377,12155
58381,39.991909,-105.417967,378,12213.1
58381,39.992075,-105.417486,379,12258.09
58381,39.992289,-105.417207,380,12291.77
58381,39.992663,-105.416937,381,12339.34
58381,39.9929,-105.416865,382,12366.43
58381,39.993199,-105.416868,383,12399.72
58381,39.993534,-105.417043,384,12439.88
58381,39.993772,-105.417295,385,12474
58381,39.99464,-105.418564,386,12619.08
58381,39.995027,-105.419132,387,12683.91
58381,39.995415,-105.419452,388,12735
58381,39.995706,-105.419526,389,12768
58381,39.996027,-105.419526,390,12803.73
58381,39.996351,-105.419464,391,12840.19
58381,39.996703,-105.41932,392,12881.25
58381,39.996972,-105.415358,403,13297.48
58381,39.997013,-105.415739,402,13264.66
58381,39.997021,-105.414961,404,13331.77
58381,39.99712,-105.419058,393,12932.77
58381,39.997178,-105.41457,405,13369.41
58381,39.997346,-105.418848,394,12963.65
58381,39.997367,-105.414307,406,13400.17
58381,39.99751,-105.416761,401,13161.43
58381,39.997527,-105.4168,400,13157.61
58381,39.99758,-105.414114,407,13429.03
58381,39.997584,-105.41851,395,13002.8
58381,39.997681,-105.417144,399,13123.63
58381,39.997699,-105.41816,396,13035.28
58381,39.99773,-105.417337,398,13106.29
58381,39.997761,-105.417736,397,13072.09
58381,39.998778,-105.413276,408,13580.33
58381,39.999231,-105.413072,409,13633.68
58381,39.999253,-105.413062,410,13636.27
58381,39.99952,-105.384894,491,16597.96
58381,39.999528,-105.384609,492,16622.28
58381,39.999534,-105.386153,490,16490.58
58381,39.999565,-105.384395,493,16640.98
58381,39.999571,-105.386437,489,16466.01
58381,39.999627,-105.413019,411,13678.06
58381,39.999653,-105.386797,488,16433.99
58381,39.99967,-105.384115,494,16667.57
58381,39.999783,-105.383907,495,16689.31
58381,39.99983,-105.387119,487,16400.19
58381,39.999943,-105.413078,412,13713.6
58381,39.99996,-105.383692,496,16716.23
58381,40.000039,-105.387328,486,16370.88
58381,40.000124,-105.38359,497,16736.45
58381,40.000161,-105.413164,413,13738.95
58381,40.000305,-105.387554,485,16335.55
58381,40.000631,-105.387757,484,16295.34
58381,40.000767,-105.387848,483,16278.33
58381,40.000773,-105.370332,533,18417.3
58381,40.000774,-105.370684,532,18387.29
58381,40.00081,-105.413384,414,13813.59
58381,40.000841,-105.369992,534,18447.27
58381,40.000868,-105.383188,498,16826.09
58381,40.000881,-105.371217,531,18340.3
58381,40.000917,-105.388032,482,16255.42
58381,40.000925,-105.369783,535,18467.39
58381,40.001016,-105.371792,530,18289.02
58381,40.001069,-105.388284,481,16228.07
58381,40.001098,-105.369566,536,18494.1
58381,40.001172,-105.388665,480,16193.61
58381,40.001225,-105.372681,529,18209.72
58381,40.001239,-105.413499,415,13862.35
58381,40.001245,-105.413497,416,13863.03
58381,40.001275,-105.369435,537,18516.75
58381,40.001342,-105.390101,479,16069.71
58381,40.001361,-105.373261,528,18157.99
58381,40.001381,-105.390387,478,16044.94
58381,40.001431,-105.37345,527,18140.09
58381,40.001439,-105.390676,477,16019.46
58381,40.001525,-105.390971,476,15992.54
58381,40.001568,-105.373633,526,18118.27
58381,40.001586,-105.373643,525,18116.09
58381,40.001637,-105.413311,417,13909.46
58381,40.001731,-105.382753,499,16929.07
58381,40.001787,-105.373826,524,18088.81
58381,40.00196,-105.412998,418,13954.24
58381,40.002053,-105.373891,523,18058.69
58381,40.00212,-105.412578,419,13994.24
58381,40.002131,-105.369107,538,18616.06
58381,40.002168,-105.412451,420,14006.32
58381,40.002223,-105.411934,421,14050.83
58381,40.00229,-105.39279,475,15815.59
58381,40.002332,-105.411466,422,14092.54
58381,40.00238,-105.393015,474,15793.95
58381,40.002445,-105.37391,522,18015.02
58381,40.00246,-105.368861,539,18658.27
58381,40.00247,-105.393284,473,15768.92
58381,40.00253,-105.393484,472,15750.6
58381,40.002596,-105.382476,500,17028.21
58381,40.002596,-105.393729,471,15728.45
58381,40.002604,-105.410848,423,14153.32
58381,40.002646,-105.39409,470,15697.17
58381,40.002664,-105.394222,469,15685.74
58381,40.002691,-105.368639,540,18690.2
58381,40.002716,-105.410141,424,14214.88
58381,40.002725,-105.395757,468,15554.67
58381,40.00273,-105.39598,467,15535.65
58381,40.002738,-105.396325,466,15506.21
58381,40.002793,-105.396775,465,15467.36
58381,40.00283,-105.409892,425,14239.62
58381,40.002869,-105.397154,464,15433.95
58381,40.00289,-105.397259,463,15424.7
58381,40.003035,-105.397655,462,15387.27
58381,40.003042,-105.409349,426,14291.59
58381,40.003072,-105.397756,461,15377.72
58381,40.003114,-105.364906,550,19058.43
58381,40.003121,-105.365189,549,19034.29
58381,40.003124,-105.364683,551,19077.48
58381,40.003139,-105.37383,521,17937.47
58381,40.003145,-105.364597,552,19085.18
58381,40.003197,-105.364424,553,19101.03
58381,40.00322,-105.365514,548,19004.47
58381,40.003235,-105.39816,460,15338.79
58381,40.003246,-105.382268,501,17102.71
58381,40.003265,-105.40883,427,14342.33
58381,40.003311,-105.398352,459,15320.36
58381,40.003353,-105.373854,520,17913.56
58381,40.003366,-105.36757,541,18808.33
58381,40.003447,-105.39869,458,15287.8
58381,40.003483,-105.382146,502,17131.07
58381,40.00349,-105.36736,542,18830.94
58381,40.003499,-105.408396,428,14387.59
58381,40.003522,-105.382126,503,17135.74
58381,40.003557,-105.363656,554,19177.8
58381,40.003562,-105.366212,547,18933.81
58381,40.003584,-105.367159,543,18851.02
58381,40.0036,-105.402038,448,14992.95
58381,40.003605,-105.40169,449,15022.63
58381,40.003616,-105.401598,450,15030.57
58381,40.003621,-105.399109,457,15247.16
58381,40.003627,-105.366451,546,18912.18
58381,40.003641,-105.366821,544,18880.54
58381,40.003644,-105.366673,545,18893.16
58381,40.003646,-105.401352,451,15051.81
58381,40.003646,-105.402424,447,14959.64
58381,40.003677,-105.363324,555,19209.11
58381,40.003699,-105.357431,578,19834.94
58381,40.00372,-105.3741,519,17867.63
58381,40.003722,-105.382023,504,17159.67
58381,40.003725,-105.399474,456,15213.95
58381,40.003728,-105.363055,556,19232.74
58381,40.003728,-105.402789,446,14927.2
58381,40.003736,-105.400784,452,15101.27
58381,40.003745,-105.362858,557,19249.64
58381,40.003757,-105.357886,577,19795.6
58381,40.00376,-105.361923,558,19329.39
58381,40.003773,-105.356973,579,19874.85
58381,40.003773,-105.400383,453,15135.71
58381,40.003775,-105.399778,455,15187.44
58381,40.003791,-105.400096,454,15160.26
58381,40.003796,-105.361695,559,19349.24
58381,40.003824,-105.403089,445,14899.48
58381,40.003847,-105.36151,560,19366
58381,40.003863,-105.374352,518,17840.89
58381,40.003889,-105.3565,580,19917.2
58381,40.00389,-105.3582,576,19765.01
58381,40.003902,-105.40781,429,14454.74
58381,40.003958,-105.361279,561,19389.26
58381,40.003959,-105.374558,517,17820.33
58381,40.003959,-105.381664,505,17200.08
58381,40.003998,-105.355969,581,19964.08
58381,40.004014,-105.374863,516,17793.61
58381,40.004051,-105.375067,515,17775.73
58381,40.004062,-105.381343,506,17229.76
58381,40.004067,-105.35842,575,19737.8
58381,40.004073,-105.407542,430,14484.48
58381,40.004078,-105.35501,582,20046.33
58381,40.004087,-105.361132,562,19408.32
58381,40.004112,-105.376577,514,17646.79
58381,40.004117,-105.354356,583,20102.27
58381,40.004169,-105.353987,584,20134.26
58381,40.004171,-105.407379,431,14502.15
58381,40.004177,-105.380705,507,17285.65
58381,40.004209,-105.377097,513,17601.16
58381,40.004255,-105.404086,444,14801.86
58381,40.004306,-105.353385,585,20187.81
58381,40.004306,-105.407125,432,14528.51
58381,40.004375,-105.404355,443,14775.32
58381,40.004405,-105.406877,433,14552.36
58381,40.004416,-105.377988,512,17521.76
58381,40.004425,-105.353053,586,20219.07
58381,40.004437,-105.360858,563,19453.75
58381,40.004468,-105.379085,508,17427.53
58381,40.004473,-105.378865,509,17446.3
58381,40.004474,-105.378345,511,17490.65
58381,40.004476,-105.378681,510,17461.99
58381,40.004492,-105.406625,434,14575.93
58381,40.004517,-105.404841,442,14730.96
58381,40.004557,-105.406396,435,14596.75
58381,40.004561,-105.405043,441,14713.06
58381,40.00457,-105.35266,587,20256.26
58381,40.004576,-105.406294,436,14605.7
58381,40.004584,-105.405234,440,14696.57
58381,40.004607,-105.40596,437,14634.39
58381,40.004611,-105.40544,439,14678.75
58381,40.004613,-105.405774,438,14650.27
58381,40.004642,-105.360705,564,19480.03
58381,40.004701,-105.352362,588,20285.56
58381,40.004722,-105.358955,574,19651.79
58381,40.004735,-105.360601,565,19493.67
58381,40.004836,-105.359096,573,19634.31
58381,40.004839,-105.360441,566,19511.56
58381,40.004864,-105.352119,589,20313.1
58381,40.004895,-105.359216,572,19622.15
58381,40.004921,-105.360248,567,19530.38
58381,40.004966,-105.359434,571,19601.95
58381,40.004979,-105.360043,568,19549.01
58381,40.005009,-105.359651,570,19582.84
58381,40.005011,-105.35986,569,19565.02
58381,40.00516,-105.335926,632,21811.91
58381,40.005162,-105.336181,631,21790.16
58381,40.005185,-105.336421,630,21769.54
58381,40.005192,-105.335706,633,21831
58381,40.005193,-105.344129,614,21054.15
58381,40.005193,-105.351731,590,20362.46
58381,40.005202,-105.344363,613,21034.17
58381,40.005225,-105.344481,612,21023.79
58381,40.005232,-105.343821,615,21080.77
58381,40.005238,-105.336666,629,21747.83
58381,40.005249,-105.335496,634,21850
58381,40.005255,-105.344635,611,21010.24
58381,40.005332,-105.33528,635,21870.61
58381,40.005357,-105.336962,628,21719.33
58381,40.005369,-105.343471,616,21114.29
58381,40.00539,-105.351535,591,20390.03
58381,40.005409,-105.344954,610,20978.09
58381,40.00544,-105.335055,636,21893.25
58381,40.005517,-105.351326,592,20412.78
58381,40.005565,-105.34964,597,20560.06
58381,40.005566,-105.349317,598,20587.6
58381,40.005579,-105.348823,599,20629.75
58381,40.005594,-105.351097,593,20434.1
58381,40.005606,-105.350017,596,20527.59
58381,40.005644,-105.348146,600,20687.93
58381,40.005657,-105.350485,595,20487.28
58381,40.005662,-105.350762,594,20463.66
58381,40.005676,-105.334799,637,21927.4
58381,40.005679,-105.347896,601,20709.6
58381,40.005753,-105.34737,602,20755.2
58381,40.005756,-105.337801,627,21635.12
58381,40.005767,-105.347267,603,20764.12
58381,40.00579,-105.345624,609,20906.94
58381,40.005849,-105.346677,604,20815.25
58381,40.005877,-105.345954,608,20877.18
58381,40.005879,-105.346041,607,20869.76
58381,40.00588,-105.346113,606,20863.62
58381,40.005884,-105.346352,605,20843.23
58381,40.0059,-105.33815,626,21601.32
58381,40.00597,-105.338395,625,21579.02
58381,40.006028,-105.338714,624,21551.07
58381,40.006112,-105.342055,617,21260.64
58381,40.0062,-105.341837,618,21281.65
58381,40.006217,-105.341759,619,21288.57
58381,40.006244,-105.340482,623,21398.41
58381,40.006261,-105.341557,620,21306.47
58381,40.006272,-105.3409,622,21362.63
58381,40.006283,-105.341233,621,21334.21
58381,40.006431,-105.333942,638,22038.78
58381,40.006704,-105.333633,639,22079
58381,40.006953,-105.330987,649,22335.55
58381,40.006962,-105.330754,650,22355.44
58381,40.006976,-105.33127,648,22311.28
58381,40.007002,-105.333291,640,22123.17
58381,40.007013,-105.330532,651,22375.2
58381,40.00707,-105.331593,647,22281.82
58381,40.007076,-105.330362,652,22391.31
58381,40.00714,-105.333087,641,22146.37
58381,40.007167,-105.330207,653,22407.96
58381,40.007188,-105.33017,654,22411.88
58381,40.0072,-105.332971,642,22158.31
58381,40.007218,-105.332017,646,22242.09
58381,40.007238,-105.332876,643,22167.45
58381,40.007268,-105.332249,645,22221.54
58381,40.007288,-105.330066,655,22426.12
58381,40.007289,-105.332506,644,22199.5
58381,40.007497,-105.329918,656,22452.58
58381,40.008059,-105.329701,657,22517.82
58381,40.008142,-105.329635,658,22528.64
58381,40.008276,-105.32953,659,22546.04
58381,40.008288,-105.327034,668,22776.29
58381,40.008298,-105.327284,667,22754.94
58381,40.008329,-105.327582,666,22729.3
58381,40.008346,-105.326744,669,22801.84
58381,40.00841,-105.329364,660,22566.6
58381,40.008437,-105.326543,670,22821.75
58381,40.008522,-105.326391,671,22837.8
58381,40.008537,-105.328209,665,22671.04
58381,40.008553,-105.329048,661,22597.9
58381,40.008575,-105.32839,664,22655.04
58381,40.008594,-105.32848,663,22647.08
58381,40.008602,-105.328814,662,22618.58
58381,40.008667,-105.326226,672,22859.21
58381,40.00887,-105.326093,673,22884.49
58381,40.008991,-105.326048,674,22898.5
58381,40.009109,-105.326027,675,22911.75
58381,40.009242,-105.326032,676,22926.57
58381,40.009391,-105.326071,677,22943.48
58381,40.009571,-105.326139,678,22964.34
58381,40.010305,-105.326467,679,23050.7
58381,40.0105,-105.326511,680,23072.73
58381,40.010578,-105.326516,681,23081.43
58381,40.010635,-105.32652,682,23087.78
58381,40.010792,-105.326497,683,23105.37
58381,40.010978,-105.326421,684,23127.06
58381,40.011162,-105.326273,685,23151.12
58381,40.011319,-105.326064,686,23176.08
58381,40.011435,-105.325877,687,23196.6
58381,40.011482,-105.325801,688,23204.93
58381,40.011486,-105.308087,792,25792.1
58381,40.011498,-105.308332,791,25771.17
58381,40.011499,-105.307924,793,25806.07
58381,40.011541,-105.308536,790,25753.13
58381,40.011546,-105.307709,794,25825.14
58381,40.011578,-105.307614,795,25833.98
58381,40.011604,-105.308715,789,25736.33
58381,40.011674,-105.308851,788,25722.36
58381,40.01178,-105.308987,787,25705.82
58381,40.011852,-105.325186,689,23271.6
58381,40.011893,-105.306896,796,25904.53
58381,40.011901,-105.309111,786,25688.69
58381,40.011983,-105.303263,805,26221.89
58381,40.011986,-105.303094,806,26236.3
58381,40.011989,-105.303421,804,26208.4
58381,40.011998,-105.303614,803,26191.91
58381,40.012005,-105.309196,785,25675.04
58381,40.012011,-105.302946,807,26249.22
58381,40.012026,-105.306543,797,25938.07
58381,40.012036,-105.324966,690,23299.38
58381,40.012063,-105.30274,808,26267.72
58381,40.012091,-105.306357,798,25955.51
58381,40.012139,-105.306163,799,25972.89
58381,40.012143,-105.302525,809,26288.1
58381,40.012171,-105.309301,784,25654.5
58381,40.012174,-105.305932,800,25992.96
58381,40.012182,-105.305557,802,26024.99
58381,40.012185,-105.305761,801,26007.6
58381,40.012205,-105.324846,691,23320.79
58381,40.012254,-105.302353,810,26307.27
58381,40.0123,-105.302293,811,26314.51
58381,40.012335,-105.302253,812,26319.69
58381,40.012385,-105.32476,692,23342.13
58381,40.012391,-105.302191,813,26327.86
58381,40.012511,-105.302094,814,26343.57
58381,40.012567,-105.324723,693,23362.64
58381,40.012634,-105.316123,758,24770.32
58381,40.012637,-105.316293,757,24755.82
58381,40.012639,-105.302018,815,26359.23
58381,40.012656,-105.316462,756,24741.25
58381,40.01266,-105.309511,783,25597.2
58381,40.012664,-105.31587,759,24792.14
58381,40.012693,-105.316625,755,24726.76
58381,40.012705,-105.315708,760,24806.69
58381,40.012759,-105.32475,694,23384.13
58381,40.012762,-105.315555,761,24821.2
58381,40.012814,-105.309595,782,25578.62
58381,40.012843,-105.315396,762,24837.48
58381,40.012907,-105.30191,816,26390.45
58381,40.012922,-105.324819,695,23403.21
58381,40.012958,-105.315249,763,24855.39
58381,40.012959,-105.309699,781,25560.2
58381,40.013068,-105.324915,696,23421.4
58381,40.013096,-105.309823,780,25541.65
58381,40.013178,-105.325036,697,23437.42
58381,40.013196,-105.318185,754,24582.45
58381,40.013222,-105.309965,779,25523.12
58381,40.013281,-105.325185,698,23454.53
58381,40.013285,-105.310052,778,25512.91
58381,40.013313,-105.318548,753,24548.87
58381,40.013345,-105.325338,699,23469.39
58381,40.013378,-105.30178,817,26444.04
58381,40.013395,-105.297365,849,26882.18
58381,40.0134,-105.297555,848,26865.97
58381,40.013403,-105.314749,764,24920.75
58381,40.013404,-105.318734,752,24530.05
58381,40.013408,-105.297124,850,26902.78
58381,40.013408,-105.297701,847,26853.49
58381,40.013414,-105.30177,818,26448.14
58381,40.013414,-105.325611,700,23493.9
58381,40.013421,-105.29692,851,26920.23
58381,40.013421,-105.29789,846,26837.31
58381,40.01343,-105.325655,701,23498.06
58381,40.013441,-105.29807,845,26821.8
58381,40.013447,-105.296723,852,26937.27
58381,40.013448,-105.310274,777,25486.69
58381,40.013467,-105.298259,844,26805.43
58381,40.013487,-105.296534,853,26953.99
58381,40.013496,-105.318877,751,24514.13
58381,40.013498,-105.301737,819,26457.9
58381,40.0135,-105.298439,843,26789.65
58381,40.013533,-105.298594,842,26775.93
58381,40.013546,-105.296302,854,26974.83
58381,40.013546,-105.326196,702,23545.95
58381,40.013579,-105.298766,841,26760.4
58381,40.013592,-105.3017,820,26468.83
58381,40.0136,-105.319003,750,24498.34
58381,40.013626,-105.326423,703,23567.26
58381,40.013645,-105.295993,855,27003.39
58381,40.013649,-105.298975,840,26740.95
58381,40.013671,-105.301658,821,26478.33
58381,40.013694,-105.299097,839,26729.41
58381,40.013702,-105.314515,765,24959.55
58381,40.013721,-105.319115,749,24481.83
58381,40.013737,-105.301607,822,26486.86
58381,40.013742,-105.326631,704,23589.2
58381,40.013747,-105.295573,856,27040.95
58381,40.013787,-105.299331,838,26706.93
58381,40.013795,-105.301554,823,26494.74
58381,40.01385,-105.294628,858,27123.85
58381,40.013866,-105.31443,766,24979.2
58381,40.013868,-105.301486,824,26504.73
58381,40.013886,-105.294812,857,27107.66
58381,40.013888,-105.29433,859,27149.6
58381,40.013901,-105.294231,860,27158.17
58381,40.013927,-105.319254,748,24456.01
58381,40.013928,-105.299688,837,26672.69
58381,40.013942,-105.326821,705,23616.73
58381,40.013947,-105.301383,825,26517.15
58381,40.013967,-105.293734,861,27201.17
58381,40.014006,-105.301289,826,26527.52
58381,40.014029,-105.293247,862,27243.26
58381,40.014039,-105.299967,836,26645.88
58381,40.014059,-105.301169,827,26539.33
58381,40.014078,-105.300105,835,26633.34
58381,40.014105,-105.301049,828,26550.77
58381,40.014118,-105.300259,834,26619.48
58381,40.014118,-105.32692,706,23638.06
58381,40.014138,-105.300937,829,26561
58381,40.014144,-105.300405,833,26606.7
58381,40.014157,-105.300551,832,26594.16
58381,40.014157,-105.300808,830,26572.2
58381,40.014164,-105.300688,831,26582.46
58381,40.014182,-105.319413,747,24424.56
58381,40.0142,-105.292337,863,27323.15
58381,40.014271,-105.291997,864,27353.2
58381,40.014272,-105.326958,707,23655.51
58381,40.014395,-105.291395,865,27406.34
58381,40.01442,-105.291287,866,27415.96
58381,40.014426,-105.31424,767,25043.6
58381,40.014437,-105.291202,867,27423.45
58381,40.014459,-105.319624,746,24388.86
58381,40.014473,-105.326946,708,23677.91
58381,40.014538,-105.29071,868,27466.88
58381,40.014539,-105.321872,734,24177.77
58381,40.01455,-105.322017,733,24165.34
58381,40.014553,-105.319726,745,24375.25
58381,40.014555,-105.321707,735,24191.95
58381,40.014577,-105.322169,732,24152.04
58381,40.014602,-105.321484,736,24211.66
58381,40.014624,-105.326901,709,23695.15
58381,40.014628,-105.32237,731,24133.99
58381,40.014635,-105.319844,744,24361.67
58381,40.014639,-105.31415,768,25068.53
58381,40.014666,-105.290107,869,27520.23
58381,40.014697,-105.322562,730,24115.9
58381,40.014707,-105.321145,737,24242.84
58381,40.014728,-105.320008,743,24344.27
58381,40.014732,-105.326843,710,23708.15
58381,40.014744,-105.284776,891,27986.87
58381,40.014744,-105.284956,890,27971.52
58381,40.01475,-105.284587,892,28003
58381,40.014757,-105.285154,889,27954.58
58381,40.01477,-105.284381,893,28020.7
58381,40.014779,-105.285318,888,27940.38
58381,40.014782,-105.320165,742,24329.6
58381,40.01479,-105.285394,887,27933.79
58381,40.014801,-105.314019,769,25089.74
58381,40.014804,-105.312204,776,25263.39
58381,40.014806,-105.289411,870,27581.58
58381,40.014806,-105.320814,738,24273.14
58381,40.014821,-105.320342,741,24313.89
58381,40.014822,-105.284092,894,28046.01
58381,40.014825,-105.322865,729,24086.4
58381,40.014832,-105.32068,739,24284.92
58381,40.014836,-105.285635,886,27912.61
58381,40.014839,-105.32052,740,24298.59
58381,40.014888,-105.312358,775,25247.27
58381,40.014891,-105.326738,711,23727.98
58381,40.014898,-105.285912,885,27888.01
58381,40.014903,-105.283693,895,28081.2
58381,40.014918,-105.313879,770,25107.4
58381,40.014935,-105.288794,871,27636.11
58381,40.014956,-105.28343,896,28104.39
58381,40.014968,-105.28337,897,28109.67
58381,40.014996,-105.283222,898,28122.67
58381,40.014998,-105.326605,712,23744.43
58381,40.015015,-105.312616,774,25221.12
58381,40.015022,-105.283092,899,28134.13
58381,40.015048,-105.32334,728,24038.9
58381,40.01505,-105.288234,873,27685.54
58381,40.015054,-105.313572,771,25137.64
58381,40.015059,-105.286622,884,27824.88
58381,40.01509,-105.326439,713,23761.9
58381,40.015092,-105.286819,883,27807.69
58381,40.015092,-105.28803,874,27703.55
58381,40.015097,-105.312961,773,25190.33
58381,40.015103,-105.287961,875,27709.56
58381,40.015104,-105.313263,772,25164.57
58381,40.015111,-105.287901,876,27714.75
58381,40.015114,-105.287,882,27792.06
58381,40.015117,-105.323471,727,24025.35
58381,40.01512,-105.323477,726,24024.74
58381,40.015127,-105.287777,877,27725.47
58381,40.015138,-105.287222,881,27772.95
58381,40.015141,-105.32352,725,24020.39
58381,40.015144,-105.287356,880,27761.5
58381,40.015144,-105.323526,724,24019.78
58381,40.015145,-105.287606,878,27740.19
58381,40.015146,-105.287488,879,27750.25
58381,40.015183,-105.326184,714,23785.98
58381,40.015202,-105.323646,723,24007.68
58381,40.015249,-105.282036,900,28227.64
58381,40.015263,-105.325759,715,23823.29
58381,40.015291,-105.323911,722,23983.01
58381,40.01533,-105.325307,716,23862.54
58381,40.015363,-105.324255,721,23952.61
58381,40.015363,-105.324998,717,23889.14
58381,40.015364,-105.324276,720,23950.81
58381,40.01537,-105.324457,719,23935.37
58381,40.01538,-105.324719,718,23913
58381,40.015407,-105.281245,901,28297.33
58381,40.015546,-105.280553,902,28358.32
58381,40.015562,-105.280471,903,28365.54
58381,40.015582,-105.280375,904,28374.02
58381,40.015663,-105.279997,905,28407.48
58381,40.015698,-105.279829,906,28422.33
58381,40.015772,-105.279476,907,28453.53
58381,40.015783,-105.279427,908,28457.88
58381,40.01579,-105.279392,909,28460.97
58381,40.015818,-105.279257,910,28472.89
58381,40.015844,-105.279125,911,28484.51
58381,40.015976,-105.278521,912,28538.06
58381,40.016027,-105.278271,913,28560.12
58381,40.016056,-105.278132,914,28572.4
58381,40.016064,-105.278092,915,28575.93
58381,40.016077,-105.278019,916,28582.32
58381,40.016088,-105.277954,917,28587.99
58381,40.01611,-105.277846,918,28597.52
58381,40.016213,-105.277351,919,28641.25
58381,40.016228,-105.277274,920,28648.02
58381,40.016246,-105.277186,921,28655.79
58381,40.016318,-105.276843,922,28686.11
58381,40.016329,-105.276789,923,28690.87
58381,40.016355,-105.276663,924,28702
58381,40.017384117,-105.277018433,925,28820.5
66637,40.004541,-105.269709,154,2758.22
66637,40.004601,-105.269813,155,2769.32
66637,40.004603,-105.269656,153,2749.97
66637,40.004649,-105.269896,156,2778.19
66637,40.004682,-105.269595,152,2739.76
66637,40.004839,-105.269551,151,2721.88
66637,40.00499,-105.270513,157,2843.07
66637,40.005105,-105.269554,150,2692.27
66637,40.005356,-105.27116,158,2911.65
66637,40.005422,-105.269554,149,2656.98
66637,40.005459,-105.269554,148,2652.86
66637,40.0055,-105.271413,159,2938.53
66637,40.005546,-105.269554,147,2643.18
66637,40.005593,-105.271579,160,2956.06
66637,40.005775,-105.269553,146,2617.68
66637,40.005813,-105.27197,161,2997.43
66637,40.005836,-105.272011,162,3001.77
66637,40.005889,-105.26957,145,2604.91
66637,40.005911,-105.272145,163,3015.92
66637,40.005926,-105.269592,144,2600.38
66637,40.005977,-105.269549,143,2593.63
66637,40.006025,-105.269529,142,2588.02
66637,40.006059,-105.2724,164,3043.2
66637,40.0061,-105.269528,141,2579.67
66637,40.006185,-105.269527,140,2570.21
66637,40.006232,-105.269528,139,2564.97
66637,40.006405,-105.273029,165,3109.23
66637,40.00642,-105.273056,166,3112.07
66637,40.00653,-105.269528,138,2531.8
66637,40.006649,-105.26953,137,2518.55
66637,40.006695,-105.273557,167,3164.63
66637,40.006814,-105.269535,136,2500.18
66637,40.006913,-105.273953,168,3206.21
66637,40.006944,-105.274006,169,3211.9
66637,40.007077,-105.269542,135,2470.9
66637,40.007195,-105.274429,170,3257.52
66637,40.007226,-105.274476,171,3262.81
66637,40.007233,-105.274509,172,3265.73
66637,40.007236,-105.274525,173,3267.13
66637,40.007241,-105.27455,174,3269.34
66637,40.007246,-105.274577,175,3271.7
66637,40.007258,-105.27469,176,3281.43
66637,40.007265,-105.27485,177,3295.1
66637,40.007273,-105.274928,178,3301.81
66637,40.007277,-105.282,207,3905.64
66637,40.007282,-105.275178,181,3323.55
66637,40.007284,-105.275021,179,3309.83
66637,40.007291,-105.275247,182,3329.51
66637,40.007291,-105.281903,206,3897.23
66637,40.007295,-105.27528,183,3332.36
66637,40.007295,-105.281862,205,3893.7
66637,40.007296,-105.275113,180,3317.79
66637,40.007299,-105.269539,134,2446.18
66637,40.0073,-105.281148,203,3832.82
66637,40.0073,-105.281585,204,3870.08
66637,40.007302,-105.280529,202,3780.04
66637,40.007303,-105.279916,201,3727.77
66637,40.007305,-105.275394,184,3342.15
66637,40.007308,-105.275423,185,3344.64
66637,40.007311,-105.275539,186,3354.54
66637,40.007312,-105.275605,187,3360.17
66637,40.007312,-105.277698,196,3538.63
66637,40.007312,-105.278067,197,3570.1
66637,40.007313,-105.277347,194,3508.71
66637,40.007313,-105.277451,195,3517.57
66637,40.007313,-105.27851,198,3607.87
66637,40.007313,-105.278683,199,3622.62
66637,40.007313,-105.279303,200,3675.49
66637,40.007314,-105.275898,188,3385.15
66637,40.007315,-105.276104,189,3402.72
66637,40.007315,-105.27621,190,3411.75
66637,40.007315,-105.276334,191,3422.33
66637,40.007315,-105.276415,192,3429.23
66637,40.007317,-105.276855,193,3466.75
66637,40.007377,-105.282009,208,3916.8
66637,40.007412,-105.282012,209,3920.71
66637,40.007878,-105.269536,133,2381.73
66637,40.007916,-105.269535,132,2377.5
66637,40.007976,-105.269526,131,2370.77
66637,40.008025,-105.26951,130,2365.15
66637,40.008068,-105.269493,129,2360.15
66637,40.008109,-105.269466,128,2355.04
66637,40.008144,-105.269431,127,2350.13
66637,40.008171,-105.269398,126,2346.01
66637,40.008209,-105.26934,125,2339.5
66637,40.008216,-105.264732,104,1945.48
66637,40.008219,-105.264152,102,1896.02
66637,40.008222,-105.264299,103,1908.56
66637,40.008222,-105.264818,105,1952.85
66637,40.008236,-105.269265,124,2332.44
66637,40.008239,-105.264932,106,1962.75
66637,40.008245,-105.26502,107,1970.28
66637,40.008248,-105.26518,108,1983.93
66637,40.008248,-105.265636,110,2022.81
66637,40.008248,-105.269182,123,2325.24
66637,40.00825,-105.265293,109,1993.57
66637,40.008252,-105.265989,111,2052.92
66637,40.008252,-105.26601,112,2054.71
66637,40.008252,-105.266145,113,2066.22
66637,40.008252,-105.266157,114,2067.24
66637,40.008252,-105.266368,115,2085.23
66637,40.008252,-105.266431,116,2090.6
66637,40.008253,-105.267038,118,2142.36
66637,40.008254,-105.266586,117,2103.82
66637,40.008254,-105.267505,119,2182.18
66637,40.008254,-105.269095,122,2317.79
66637,40.008255,-105.267732,120,2201.54
66637,40.008263,-105.268904,121,2301.47
66637,40.00836,-105.264152,101,1880.32
66637,40.008587,-105.264149,100,1855.05
66637,40.008693,-105.28202,210,4063.31
66637,40.008731,-105.264146,99,1839.02
66637,40.008762,-105.264146,98,1835.57
66637,40.00892,-105.28202,211,4088.58
66637,40.008995,-105.264143,97,1809.63
66637,40.009387,-105.282024,212,4140.57
66637,40.009456,-105.282025,213,4148.25
66637,40.009545,-105.264132,96,1748.4
66637,40.009606,-105.282017,214,4164.96
66637,40.009679,-105.264128,95,1733.48
66637,40.009805,-105.282003,215,4187.14
66637,40.009842,-105.264124,94,1715.33
66637,40.009846,-105.282001,216,4191.71
66637,40.009869,-105.282001,217,4194.27
66637,40.009905,-105.282005,218,4198.29
66637,40.009943,-105.282012,219,4202.57
66637,40.009977,-105.282022,220,4206.45
66637,40.010029,-105.26409,93,1694.31
66637,40.010032,-105.282039,221,4212.74
66637,40.010055,-105.282047,222,4215.39
66637,40.010102,-105.282063,223,4220.79
66637,40.010189,-105.282099,224,4230.95
66637,40.010231,-105.264024,92,1671.13
66637,40.010306,-105.282163,225,4245.07
66637,40.010363,-105.263966,91,1655.63
66637,40.010373,-105.282203,226,4253.28
66637,40.010398,-105.282219,227,4256.37
66637,40.010475,-105.263899,90,1641.91
66637,40.010475,-105.28227,228,4265.99
66637,40.01053,-105.282307,229,4272.87
66637,40.010564,-105.263841,89,1630.84
66637,40.010603,-105.282367,230,4282.48
66637,40.010631,-105.28239,231,4286.16
66637,40.010644,-105.263781,88,1620.57
66637,40.010715,-105.282457,232,4297.12
66637,40.010734,-105.263716,87,1609.12
66637,40.010844,-105.282558,233,4313.86
66637,40.010872,-105.263618,86,1591.63
66637,40.010943,-105.263568,85,1582.65
66637,40.011018,-105.282639,234,4334.43
66637,40.011067,-105.26349,84,1567.33
66637,40.011199,-105.263414,83,1551.27
66637,40.011309,-105.263373,82,1538.54
66637,40.011463,-105.282777,235,4385.34
66637,40.011513,-105.2633,81,1514.99
66637,40.011797,-105.26323,80,1482.82
66637,40.011882,-105.282921,236,4433.57
66637,40.011937,-105.282939,237,4439.88
66637,40.011994,-105.263185,79,1460.55
66637,40.012022,-105.28297,238,4449.71
66637,40.012122,-105.26316,78,1446.15
66637,40.01228,-105.283061,239,4479.46
66637,40.012326,-105.263127,77,1423.26
66637,40.012509,-105.263108,76,1402.83
66637,40.012556,-105.283158,240,4511.28
66637,40.012709,-105.263095,75,1380.54
66637,40.012765,-105.283235,241,4535.45
66637,40.012876,-105.283276,242,4548.29
66637,40.012901,-105.283285,243,4551.18
66637,40.013096,-105.283357,244,4573.74
66637,40.013119,-105.263092,74,1334.9
66637,40.013155,-105.283379,245,4580.57
66637,40.013187,-105.263091,73,1327.33
66637,40.013258,-105.283413,246,4592.39
66637,40.013264,-105.263142,72,1317.71
66637,40.013364,-105.283447,247,4604.55
66637,40.013424,-105.283463,248,4611.36
66637,40.01345,-105.283468,249,4614.29
66637,40.013532,-105.283478,250,4623.46
66637,40.013564,-105.263148,71,1284.31
66637,40.013598,-105.283483,251,4630.82
66637,40.013674,-105.283486,252,4639.28
66637,40.01373,-105.283485,253,4645.51
66637,40.013754,-105.283481,254,4648.21
66637,40.013768,-105.263149,70,1261.6
66637,40.013799,-105.26315,69,1258.15
66637,40.013923,-105.263154,68,1244.35
66637,40.013945,-105.283449,255,4669.64
66637,40.01438,-105.283355,256,4718.73
66637,40.014461,-105.263172,67,1184.44
66637,40.014467,-105.283339,257,4728.51
66637,40.014522,-105.263174,66,1177.64
66637,40.014625,-105.263164,65,1166.15
66637,40.014626,-105.263164,64,1166.03
66637,40.014629,-105.283289,258,4747.04
66637,40.014769,-105.263152,63,1150.08
66637,40.014777,-105.283256,259,4763.75
66637,40.014783,-105.283255,260,4764.42
66637,40.014792,-105.263152,62,1147.52
66637,40.014904,-105.283232,261,4778.04
66637,40.014933,-105.283229,262,4781.27
66637,40.015003,-105.283225,263,4789.07
66637,40.015008,-105.263153,61,1123.48
66637,40.015101,-105.283239,264,4800.05
66637,40.015161,-105.263155,60,1106.44
66637,40.015162,-105.263155,59,1106.33
66637,40.015183,-105.283268,265,4809.51
66637,40.01521,-105.283277,266,4812.61
66637,40.015326,-105.263161,58,1088.07
66637,40.01544,-105.283362,267,4839.22
66637,40.015449,-105.26316,57,1074.38
66637,40.015514,-105.283389,268,4847.77
66637,40.0156,-105.263152,56,1057.55
66637,40.015755,-105.283475,269,4875.58
66637,40.015873,-105.263137,55,1027.14
66637,40.01599,-105.283552,270,4902.55
66637,40.016073,-105.283579,271,4912.08
66637,40.016153,-105.283604,272,4921.23
66637,40.016259,-105.263137,54,984.17
66637,40.016337,-105.263138,53,975.48
66637,40.016395,-105.283683,273,4949
66637,40.016586,-105.283748,274,4970.97
66637,40.016635,-105.280823,300,5371.94
66637,40.016643,-105.280725,301,5380.34
66637,40.016643,-105.280864,299,5368.33
66637,40.016653,-105.280894,298,5365.54
66637,40.016655,-105.283771,275,4978.9
66637,40.016672,-105.280928,297,5361.95
66637,40.016695,-105.280959,296,5358.28
66637,40.016724,-105.280318,302,5416.19
66637,40.016738,-105.281005,295,5352.09
66637,40.016751,-105.280184,303,5428.01
66637,40.01676,-105.280139,304,5431.97
66637,40.016767,-105.263148,52,927.61
66637,40.016773,-105.283797,276,4992.22
66637,40.016856,-105.283803,277,5001.48
66637,40.016858,-105.283803,278,5001.7
66637,40.016861,-105.263148,51,917.14
66637,40.016863,-105.279636,305,5476.36
66637,40.016877,-105.281051,294,5336.12
66637,40.016885,-105.263148,50,914.47
66637,40.016945,-105.263149,49,907.79
66637,40.01699,-105.279036,306,5529.43
66637,40.017006,-105.283814,279,5018.2
66637,40.017009,-105.256066,15,240.32
66637,40.017009,-105.281094,293,5320.98
66637,40.017024,-105.278876,307,5543.59
66637,40.017043,-105.25617,16,249.96
66637,40.017092,-105.256305,17,262.7
66637,40.017098,-105.283818,280,5028.45
66637,40.0171,-105.28381,281,5029.16
66637,40.017109,-105.256351,18,267.05
66637,40.01711,-105.256024,14,228.52
66637,40.017113,-105.281128,292,5309.05
66637,40.01712,-105.278493,308,5577.94
66637,40.017121,-105.283698,282,5039
66637,40.017128,-105.278456,309,5581.22
66637,40.017129,-105.278382,310,5587.53
66637,40.017142,-105.278325,311,5592.6
66637,40.017172,-105.27822,312,5602.16
66637,40.017201,-105.256612,19,291.55
66637,40.017225,-105.255978,13,215.13
66637,40.017229,-105.277905,313,5629.75
66637,40.017231,-105.263154,48,875.95
66637,40.017316,-105.282727,283,5124.58
66637,40.017332,-105.263143,47,864.67
66637,40.017334,-105.257023,20,329.59
66637,40.017339,-105.282615,284,5134.46
66637,40.017356,-105.257116,21,337.89
66637,40.017363,-105.282502,285,5144.46
66637,40.017365,-105.255933,12,199.08
66637,40.017368,-105.257178,22,343.34
66637,40.017373,-105.282457,286,5148.45
66637,40.017374,-105.277169,314,5694.54
66637,40.017391,-105.282374,287,5155.81
66637,40.017393,-105.257305,23,354.52
66637,40.017414,-105.255919,11,193.5
66637,40.017419,-105.277018,315,5708.35
66637,40.017429,-105.257437,24,366.46
66637,40.01743,-105.257478,25,369.96
66637,40.017439,-105.276922,316,5716.84
66637,40.017441,-105.257921,26,407.75
66637,40.017441,-105.263135,46,852.52
66637,40.017442,-105.258108,27,423.69
66637,40.017443,-105.258165,28,428.55
66637,40.017444,-105.258274,29,437.84
66637,40.017446,-105.258471,30,454.64
66637,40.017447,-105.258585,31,464.36
66637,40.017451,-105.258799,32,482.61
66637,40.017452,-105.276878,317,5720.86
66637,40.017455,-105.263001,45,840.99
66637,40.017461,-105.259414,33,535.05
66637,40.017465,-105.262887,44,831.21
66637,40.017466,-105.282021,288,5187.04
66637,40.017468,-105.262851,43,828.12
66637,40.01747,-105.259927,34,578.8
66637,40.017472,-105.262761,42,820.43
66637,40.017473,-105.260091,35,592.78
66637,40.017477,-105.260371,36,616.66
66637,40.017479,-105.260618,37,637.72
66637,40.017481,-105.261045,38,674.12
66637,40.017482,-105.261293,39,695.27
66637,40.017482,-105.262168,41,769.86
66637,40.017484,-105.261857,40,743.35
66637,40.017487,-105.255906,10,185.3
66637,40.017505,-105.276611,318,5744.37
66637,40.017524,-105.255903,9,181.17
66637,40.017527,-105.276494,319,5754.64
66637,40.01753,-105.28127,291,5261.07
66637,40.017539,-105.276432,320,5760.09
66637,40.017549,-105.276379,321,5764.75
66637,40.017594,-105.281426,289,5239.73
66637,40.01762,-105.281302,290,5250.69
66637,40.01765,-105.275872,322,5809.41
66637,40.01768,-105.275852,323,5813.16
66637,40.017698,-105.275832,324,5815.79
66637,40.017711,-105.275811,325,5818.09
66637,40.017723,-105.275794,326,5820.06
66637,40.017733,-105.255903,8,157.91
66637,40.017744,-105.275783,327,5822.58
66637,40.017771,-105.275779,328,5825.61
66637,40.017791,-105.275776,329,5827.85
66637,40.017801,-105.275779,330,5828.99
66637,40.017875,-105.275758,331,5837.42
66637,40.018083,-105.255904,7,118.94
66637,40.018192,-105.275872,332,5874.02
66637,40.018219,-105.255902,6,103.8
66637,40.018339,-105.275923,333,5890.95
66637,40.018509,-105.275985,334,5910.6
66637,40.018704,-105.276052,335,5933.05
66637,40.018767,-105.275752,336,5959.57
66637,40.018785,-105.255899,5,40.8
66637,40.0188,-105.275596,337,5973.37
66637,40.018891,-105.255919,4,28.87
66637,40.018891,-105.275137,338,6013.79
66637,40.01897,-105.274743,339,6048.51
66637,40.01899,-105.255954,3,17.46
66637,40.019038,-105.2744,340,6078.71
66637,40.019058,-105.274299,341,6087.61
66637,40.019083,-105.25605,2,4.26
66637,40.019084,-105.274171,342,6098.9
66637,40.019113,-105.256081,1,0
66637,40.019113,-105.256081,537,9109.9
66637,40.019118,-105.274004,343,6113.63
66637,40.019145,-105.273867,344,6125.69
66637,40.019146,-105.273862,345,6126.13
66637,40.019171,-105.256143,536,9101.55
66637,40.01923,-105.273444,346,6162.97
66637,40.019231,-105.27344,347,6163.33
66637,40.019241,-105.256206,535,9092.09
66637,40.019311,-105.256245,534,9083.62
66637,40.019324,-105.272983,348,6203.64
66637,40.01935,-105.272853,349,6215.1
66637,40.019397,-105.272621,350,6235.55
66637,40.019416,-105.256276,533,9071.63
66637,40.019502,-105.272105,351,6281.07
66637,40.01953,-105.256277,532,9058.94
66637,40.019558,-105.271846,352,6304.01
66637,40.019579,-105.271751,353,6312.44
66637,40.019669,-105.256277,531,9043.47
66637,40.019713,-105.271122,354,6368.1
66637,40.019782,-105.270794,355,6397.1
66637,40.019836,-105.270532,356,6420.23
66637,40.019838,-105.256277,530,9024.65
66637,40.01987,-105.270366,357,6434.88
66637,40.019942,-105.270014,358,6465.94
66637,40.020014,-105.269662,359,6497
66637,40.020027,-105.256276,529,9003.62
66637,40.020065,-105.269405,360,6519.63
66637,40.020074,-105.269361,361,6523.52
66637,40.020087,-105.25288,481,8578.84
66637,40.020089,-105.251998,479,8503.65
66637,40.020089,-105.252694,480,8562.98
66637,40.02009,-105.251412,476,8453.69
66637,40.02009,-105.251448,477,8456.76
66637,40.02009,-105.251566,478,8466.82
66637,40.02009,-105.253459,482,8628.2
66637,40.02009,-105.253588,483,8639.2
66637,40.020096,-105.269253,362,6533.04
66637,40.020113,-105.254417,488,8711.31
66637,40.020115,-105.25449,489,8717.54
66637,40.020125,-105.254576,490,8724.95
66637,40.020133,-105.254624,491,8729.14
66637,40.020134,-105.253745,484,8653.45
66637,40.020136,-105.253843,485,8661.81
66637,40.020139,-105.254076,486,8681.67
66637,40.02014,-105.254327,487,8703.07
66637,40.020145,-105.269013,364,6554.22
66637,40.020145,-105.269014,363,6554.14
66637,40.020149,-105.254688,492,8734.88
66637,40.020162,-105.268928,365,6561.71
66637,40.02017,-105.268886,366,6565.4
66637,40.020177,-105.254766,493,8742.22
66637,40.020178,-105.268845,367,6569.01
66637,40.020201,-105.256275,528,8984.25
66637,40.020206,-105.254837,494,8749.08
66637,40.020235,-105.254885,495,8754.3
66637,40.020249,-105.268494,368,6599.96
66637,40.020276,-105.254937,496,8760.66
66637,40.020312,-105.268181,369,6627.55
66637,40.020319,-105.254981,497,8766.74
66637,40.020335,-105.254995,498,8768.88
66637,40.020339,-105.256273,527,8968.88
66637,40.020359,-105.255017,499,8772.15
66637,40.020373,-105.25503,500,8774.06
66637,40.020399,-105.267712,370,6668.68
66637,40.020403,-105.255053,501,8777.93
66637,40.020432,-105.267533,371,6684.38
66637,40.020435,-105.256296,526,8958.02
66637,40.020454,-105.267413,372,6694.9
66637,40.020497,-105.267191,373,6714.42
66637,40.02057,-105.266841,374,6745.35
66637,40.020577,-105.266807,375,6748.35
66637,40.020585,-105.255182,502,8800.99
66637,40.020613,-105.266627,376,6764.21
66637,40.02063,-105.266543,377,6771.61
66637,40.020631,-105.255216,503,8806.87
66637,40.020637,-105.266508,378,6774.7
66637,40.020646,-105.256379,525,8933.49
66637,40.020662,-105.255239,504,8810.84
66637,40.020682,-105.255254,505,8813.41
66637,40.020706,-105.256403,524,8926.5
66637,40.02071,-105.255277,506,8817.09
66637,40.020723,-105.255287,507,8818.77
66637,40.020736,-105.2553,508,8820.59
66637,40.020741,-105.256414,523,8922.49
66637,40.020746,-105.255311,509,8822.05
66637,40.020763,-105.255334,510,8824.77
66637,40.020766,-105.25631,522,8913.2
66637,40.02077,-105.255344,511,8825.93
66637,40.020777,-105.255354,512,8827.08
66637,40.020782,-105.265789,379,6838.08
66637,40.020792,-105.25538,513,8829.86
66637,40.020799,-105.265702,380,6845.74
66637,40.02081,-105.255415,514,8833.45
66637,40.020815,-105.255427,515,8834.62
66637,40.02083,-105.265547,381,6859.39
66637,40.020831,-105.256031,521,8888.34
66637,40.020832,-105.255467,516,8838.52
66637,40.020835,-105.256013,520,8886.74
66637,40.020865,-105.255557,517,8847.02
66637,40.020871,-105.26535,382,6876.8
66637,40.020877,-105.255796,519,8867.66
66637,40.020883,-105.265291,383,6882
66637,40.020885,-105.255687,518,8858.33
66637,40.02091,-105.251417,475,8362.41
66637,40.020989,-105.264787,384,6926.56
66637,40.021018,-105.264649,385,6938.76
66637,40.021031,-105.251418,474,8348.94
66637,40.021057,-105.264464,386,6955.11
66637,40.021107,-105.251418,473,8340.48
66637,40.021113,-105.264199,387,6978.55
66637,40.021176,-105.263911,388,7004.08
66637,40.021187,-105.251419,472,8331.57
66637,40.021214,-105.263734,389,7019.75
66637,40.02127,-105.263471,390,7043.02
66637,40.021271,-105.263434,391,7046.18
66637,40.021274,-105.263363,392,7052.24
66637,40.021277,-105.263326,393,7055.41
66637,40.021288,-105.263208,394,7065.55
66637,40.02129,-105.263193,395,7066.85
66637,40.021306,-105.26309,396,7075.81
66637,40.021367,-105.251419,471,8311.53
66637,40.021433,-105.262487,397,7129.12
66637,40.021452,-105.262398,398,7137
66637,40.021472,-105.262269,399,7148.22
66637,40.021476,-105.262243,400,7150.48
66637,40.021492,-105.262132,401,7160.11
66637,40.021518,-105.261986,402,7172.88
66637,40.021589,-105.261648,403,7202.76
66637,40.021606,-105.261569,404,7209.76
66637,40.021637,-105.26141,405,7223.74
66637,40.021694,-105.251426,470,8275.13
66637,40.021745,-105.260866,406,7271.65
66637,40.021777,-105.260735,407,7283.38
66637,40.021859,-105.260342,408,7318.1
66637,40.021939,-105.251435,469,8247.84
66637,40.022003,-105.259676,409,7377.09
66637,40.022052,-105.259468,410,7395.65
66637,40.022063,-105.259428,411,7399.27
66637,40.022092,-105.259318,412,7409.19
66637,40.022121,-105.251448,468,8227.55
66637,40.022145,-105.259121,413,7426.99
66637,40.022184,-105.251478,467,8220.09
66637,40.022196,-105.258874,414,7448.79
66637,40.022207,-105.258816,415,7453.89
66637,40.022237,-105.258666,416,7467.1
66637,40.022244,-105.258629,417,7470.35
66637,40.022252,-105.258592,418,7473.63
66637,40.022253,-105.251512,466,8211.88
66637,40.022275,-105.25848,419,7483.52
66637,40.022311,-105.258288,420,7500.37
66637,40.022331,-105.251566,465,8202.05
66637,40.022332,-105.258178,421,7510.03
66637,40.022363,-105.258023,422,7523.69
66637,40.022386,-105.25161,464,8194.87
66637,40.022446,-105.251666,463,8186.66
66637,40.022458,-105.251676,462,8185.07
66637,40.022489,-105.251702,461,8180.97
66637,40.022514,-105.251718,460,8177.87
66637,40.022521,-105.257256,424,7591.4
66637,40.022521,-105.257258,423,7591.23
66637,40.02257,-105.257022,425,7612.08
66637,40.022594,-105.25177,459,8167.93
66637,40.022599,-105.251773,458,8167.31
66637,40.022615,-105.251783,457,8165.34
66637,40.022619,-105.256797,426,7632.02
66637,40.022687,-105.251821,456,8156.69
66637,40.022725,-105.256308,427,7675.35
66637,40.022838,-105.255817,428,7719.05
66637,40.022853,-105.251904,455,8136.91
66637,40.022862,-105.255696,429,7729.71
66637,40.022885,-105.251918,454,8133.15
66637,40.022899,-105.255512,430,7745.93
66637,40.022907,-105.251928,453,8130.56
66637,40.022915,-105.255441,431,7752.24
66637,40.022963,-105.251948,452,8124.09
66637,40.022982,-105.255109,432,7781.5
66637,40.023024,-105.251967,451,8117.11
66637,40.023043,-105.254814,433,7807.55
66637,40.0231,-105.251983,450,8108.54
66637,40.023128,-105.254406,434,7843.6
66637,40.023145,-105.254325,435,7850.76
66637,40.02318,-105.251994,449,8099.59
66637,40.023232,-105.25391,436,7887.44
66637,40.023243,-105.253857,437,7892.12
66637,40.023269,-105.253735,438,7902.91
66637,40.0233,-105.253592,439,7915.58
66637,40.023322,-105.253477,440,7925.69
66637,40.023331,-105.253431,441,7929.73
66637,40.023391,-105.252018,448,8076.01
66637,40.023492,-105.252615,442,8001.57
66637,40.0235,-105.252029,447,8063.84
66637,40.023518,-105.252031,446,8061.83
66637,40.023564,-105.252281,443,8031.15
66637,40.023578,-105.252197,444,8038.47
66637,40.023605,-105.252041,445,8052.11
66638,40.005466,-105.273137,365,6194.35
66638,40.005467,-105.272544,366,6244.92
66638,40.005467,-105.273736,364,6143.28
66638,40.005467,-105.274363,362,6089.81
66638,40.005469,-105.274055,363,6116.07
66638,40.00547,-105.274766,361,6055.45
66638,40.005471,-105.274976,360,6037.54
66638,40.005565,-105.272544,367,6255.83
66638,40.005584,-105.271683,378,6385.28
66638,40.005585,-105.271643,379,6388.7
66638,40.00559,-105.271727,377,6381.47
66638,40.005593,-105.271579,380,6394.23
66638,40.0056,-105.271793,376,6375.74
66638,40.005619,-105.271461,381,6404.69
66638,40.005645,-105.272544,368,6264.73
66638,40.005664,-105.27138,382,6413.23
66638,40.005699,-105.271337,383,6418.58
66638,40.005733,-105.271301,384,6423.45
66638,40.005754,-105.271278,385,6426.5
66638,40.005773,-105.272108,375,6342.69
66638,40.005822,-105.271219,386,6435.59
66638,40.005853,-105.272255,374,6327.31
66638,40.005871,-105.272541,369,6289.89
66638,40.005875,-105.27116,387,6443.34
66638,40.0059,-105.272338,373,6318.51
66638,40.005904,-105.271109,388,6448.76
66638,40.00591,-105.271097,389,6449.98
66638,40.005918,-105.272533,370,6295.17
66638,40.005926,-105.269592,401,6579.56
66638,40.005931,-105.269739,400,6567.01
66638,40.005937,-105.271033,390,6456.21
66638,40.005937,-105.272522,371,6297.48
66638,40.005941,-105.271023,391,6457.17
66638,40.005943,-105.270345,399,6515.32
66638,40.005944,-105.270395,398,6511.06
66638,40.005947,-105.2706,397,6493.57
66638,40.005948,-105.270636,396,6490.5
66638,40.005958,-105.270884,393,6469.3
66638,40.005958,-105.270948,392,6463.84
66638,40.005959,-105.2708,395,6476.46
66638,40.005959,-105.270826,394,6474.25
66638,40.005977,-105.269549,402,6586.32
66638,40.00598,-105.272481,372,6303.41
66638,40.006018,-105.269532,403,6591.11
66638,40.0061,-105.269528,404,6600.24
66638,40.006185,-105.269527,405,6609.7
66638,40.006232,-105.269528,406,6614.94
66638,40.006396,-105.274991,359,5934.56
66638,40.00653,-105.269528,407,6648.11
66638,40.006557,-105.274988,358,5916.64
66638,40.006649,-105.26953,408,6661.36
66638,40.006836,-105.274985,357,5885.58
66638,40.006899,-105.275011,356,5878.22
66638,40.006983,-105.275015,355,5868.87
66638,40.007077,-105.269542,409,6709.01
66638,40.007158,-105.275019,354,5849.38
66638,40.007182,-105.275018,353,5846.71
66638,40.007239,-105.275015,352,5840.36
66638,40.007257,-105.275121,351,5831.1
66638,40.007277,-105.282,325,5243.4
66638,40.007282,-105.275178,350,5825.5
66638,40.007291,-105.275247,349,5819.53
66638,40.007291,-105.281903,326,5251.82
66638,40.007295,-105.27528,348,5816.68
66638,40.007295,-105.281862,327,5255.34
66638,40.007299,-105.269539,410,6733.73
66638,40.0073,-105.281148,329,5316.23
66638,40.0073,-105.281585,328,5278.97
66638,40.007302,-105.280529,330,5369.01
66638,40.007303,-105.279916,331,5421.28
66638,40.007308,-105.275423,347,5804.4
66638,40.007311,-105.275539,346,5794.51
66638,40.007312,-105.275605,345,5788.88
66638,40.007312,-105.277698,336,5610.41
66638,40.007312,-105.278067,335,5578.95
66638,40.007313,-105.277347,338,5640.34
66638,40.007313,-105.277451,337,5631.47
66638,40.007313,-105.278452,334,5546.12
66638,40.007313,-105.278683,333,5526.42
66638,40.007313,-105.279303,332,5473.56
66638,40.007314,-105.275898,344,5763.89
66638,40.007315,-105.276104,343,5746.33
66638,40.007315,-105.27621,342,5737.29
66638,40.007315,-105.276334,341,5726.72
66638,40.007315,-105.276415,340,5719.81
66638,40.007317,-105.276855,339,5682.29
66638,40.007377,-105.282009,324,5232.24
66638,40.007412,-105.282012,323,5228.34
66638,40.007878,-105.269536,411,6798.18
66638,40.007916,-105.269535,412,6802.41
66638,40.007976,-105.269526,413,6809.14
66638,40.008025,-105.26951,414,6814.76
66638,40.008068,-105.269493,415,6819.76
66638,40.008109,-105.269466,416,6824.87
66638,40.008144,-105.269431,417,6829.78
66638,40.008171,-105.269398,418,6833.9
66638,40.008209,-105.26934,419,6840.4
66638,40.008216,-105.264732,442,7234.43
66638,40.008219,-105.264152,444,7283.89
66638,40.008222,-105.264299,443,7271.35
66638,40.008222,-105.264818,441,7227.06
66638,40.008236,-105.269265,420,6847.47
66638,40.00824,-105.26494,440,7216.47
66638,40.008242,-105.264971,439,7213.82
66638,40.008245,-105.26502,438,7209.62
66638,40.008248,-105.26518,437,7195.98
66638,40.008248,-105.265636,435,7157.09
66638,40.008248,-105.269182,421,6854.67
66638,40.00825,-105.265293,436,7186.34
66638,40.008252,-105.265989,434,7126.99
66638,40.008252,-105.26601,433,7125.2
66638,40.008252,-105.266145,432,7113.69
66638,40.008252,-105.266157,431,7112.67
66638,40.008252,-105.266368,430,7094.68
66638,40.008252,-105.266431,429,7089.3
66638,40.008253,-105.267038,427,7037.55
66638,40.008254,-105.266586,428,7076.09
66638,40.008254,-105.267505,426,6997.73
66638,40.008254,-105.269095,422,6862.12
66638,40.008255,-105.267732,425,6978.37
66638,40.008258,-105.269001,423,6870.15
66638,40.008263,-105.268904,424,6878.44
66638,40.00836,-105.264152,445,7299.59
66638,40.008587,-105.264149,446,7324.86
66638,40.008693,-105.28202,322,5085.74
66638,40.008762,-105.264146,447,7344.34
66638,40.00892,-105.28202,321,5060.47
66638,40.008995,-105.264143,448,7370.28
66638,40.009387,-105.282024,320,5008.48
66638,40.009456,-105.282025,319,5000.8
66638,40.009545,-105.264132,449,7431.51
66638,40.009606,-105.282017,318,4984.09
66638,40.009679,-105.264128,450,7446.43
66638,40.009805,-105.282003,317,4961.9
66638,40.009842,-105.264124,451,7464.58
66638,40.009846,-105.282001,316,4957.33
66638,40.009869,-105.282001,315,4954.77
66638,40.009905,-105.282005,314,4950.75
66638,40.009943,-105.282012,313,4946.48
66638,40.009977,-105.282022,312,4942.6
66638,40.010029,-105.26409,452,7485.6
66638,40.010032,-105.282039,311,4936.31
66638,40.010102,-105.282063,310,4928.25
66638,40.010189,-105.282099,309,4918.09
66638,40.010231,-105.264024,453,7508.78
66638,40.010306,-105.282163,308,4903.97
66638,40.010363,-105.263966,454,7524.28
66638,40.010373,-105.282203,307,4895.77
66638,40.010398,-105.282219,306,4892.67
66638,40.010475,-105.263899,455,7538
66638,40.010475,-105.28227,305,4883.06
66638,40.01053,-105.282307,304,4876.17
66638,40.010564,-105.263841,456,7549.07
66638,40.010603,-105.282367,303,4866.57
66638,40.010631,-105.28239,302,4862.89
66638,40.010644,-105.263781,457,7559.34
66638,40.010715,-105.282457,301,4851.93
66638,40.010734,-105.263716,458,7570.79
66638,40.010844,-105.282558,300,4835.18
66638,40.010872,-105.263618,459,7588.28
66638,40.010943,-105.263568,460,7597.26
66638,40.011018,-105.282639,299,4814.62
66638,40.011067,-105.26349,461,7612.58
66638,40.011083,-105.263481,462,7614.52
66638,40.011199,-105.263414,463,7628.64
66638,40.011309,-105.263373,464,7641.37
66638,40.011463,-105.282777,298,4763.7
66638,40.011513,-105.2633,465,7664.92
66638,40.011587,-105.263279,466,7673.35
66638,40.011609,-105.263273,467,7675.85
66638,40.011797,-105.26323,468,7697.1
66638,40.011882,-105.282921,297,4715.47
66638,40.011937,-105.282939,296,4709.16
66638,40.011994,-105.263185,469,7719.36
66638,40.012022,-105.28297,295,4699.34
66638,40.012122,-105.26316,470,7733.77
66638,40.01228,-105.283061,294,4669.59
66638,40.012326,-105.263127,471,7756.65
66638,40.012509,-105.263108,472,7777.09
66638,40.012556,-105.283158,293,4637.77
66638,40.012709,-105.263095,473,7799.38
66638,40.012765,-105.283235,292,4613.59
66638,40.012876,-105.283276,291,4600.75
66638,40.012901,-105.283285,290,4597.87
66638,40.013096,-105.283357,289,4575.31
66638,40.013119,-105.263092,474,7845.02
66638,40.013155,-105.283379,288,4568.48
66638,40.013187,-105.263091,475,7852.59
66638,40.013238,-105.263053,476,7859.13
66638,40.013258,-105.283413,287,4556.65
66638,40.013265,-105.263033,477,7862.58
66638,40.013364,-105.283447,286,4544.5
66638,40.013424,-105.283463,285,4537.68
66638,40.01345,-105.283468,284,4534.76
66638,40.013532,-105.283478,283,4525.59
66638,40.013562,-105.263037,478,7895.65
66638,40.013601,-105.283483,282,4517.9
66638,40.013674,-105.283486,281,4509.77
66638,40.01373,-105.283485,280,4503.53
66638,40.013945,-105.283449,279,4479.4
66638,40.01401,-105.263032,479,7945.52
66638,40.014201,-105.263035,480,7966.78
66638,40.014307,-105.263036,481,7978.58
66638,40.01438,-105.283355,278,4430.32
66638,40.014467,-105.283339,277,4420.54
66638,40.014482,-105.26304,482,7998.07
66638,40.014509,-105.26304,483,8001.07
66638,40.014626,-105.263041,484,8014.1
66638,40.014629,-105.283289,276,4402.01
66638,40.014776,-105.263045,485,8030.8
66638,40.014777,-105.283256,275,4385.29
66638,40.014783,-105.283255,274,4384.62
66638,40.014876,-105.263044,486,8041.93
66638,40.014887,-105.263044,487,8043.15
66638,40.014904,-105.283232,273,4371.01
66638,40.014933,-105.283229,272,4367.77
66638,40.015003,-105.283225,271,4359.97
66638,40.015101,-105.283239,270,4349
66638,40.015183,-105.283268,269,4339.54
66638,40.01521,-105.283277,268,4336.44
66638,40.01544,-105.283362,267,4309.83
66638,40.015462,-105.263028,488,8107.18
66638,40.015514,-105.283389,266,4301.28
66638,40.015755,-105.283475,265,4273.46
66638,40.015943,-105.263013,489,8160.74
66638,40.01599,-105.283552,264,4246.49
66638,40.016073,-105.283579,263,4236.97
66638,40.016153,-105.283604,262,4227.81
66638,40.016172,-105.263005,490,8186.24
66638,40.016338,-105.262999,491,8204.73
66638,40.016395,-105.283683,261,4200.04
66638,40.016537,-105.262997,492,8226.88
66638,40.016563,-105.262997,493,8229.77
66638,40.016586,-105.283748,260,4178.07
66638,40.016655,-105.283771,259,4170.15
66638,40.016773,-105.283797,258,4156.82
66638,40.01682,-105.262998,494,8258.38
66638,40.016856,-105.283803,257,4147.57
66638,40.016858,-105.283803,256,4147.35
66638,40.017006,-105.283814,255,4130.85
66638,40.017009,-105.256066,526,8918.94
66638,40.017043,-105.25617,525,8909.3
66638,40.017092,-105.256305,524,8896.57
66638,40.017098,-105.283818,254,4120.6
66638,40.0171,-105.28381,253,4119.88
66638,40.017109,-105.256351,523,8892.21
66638,40.01711,-105.256024,527,8930.74
66638,40.017121,-105.283698,252,4110.05
66638,40.017201,-105.256612,522,8867.72
66638,40.017224,-105.262998,495,8303.36
66638,40.017225,-105.255978,528,8944.13
66638,40.017249,-105.262998,496,8306.14
66638,40.017316,-105.282727,251,4024.47
66638,40.01733,-105.257439,517,8791.34
66638,40.017332,-105.25792,516,8750.34
66638,40.017334,-105.257023,521,8829.68
66638,40.017338,-105.258161,515,8729.78
66638,40.017338,-105.258273,514,8720.23
66638,40.017339,-105.282615,250,4014.58
66638,40.017342,-105.258474,513,8703.09
66638,40.017345,-105.258589,512,8693.28
66638,40.017347,-105.258615,511,8691.05
66638,40.017347,-105.262999,497,8317.05
66638,40.017352,-105.282556,249,4009.35
66638,40.017356,-105.257116,520,8821.38
66638,40.017357,-105.258798,510,8675.41
66638,40.017357,-105.262881,498,8327.17
66638,40.017363,-105.282502,248,4004.59
66638,40.017365,-105.255933,529,8960.18
66638,40.017368,-105.257178,519,8815.93
66638,40.017371,-105.259449,509,8619.89
66638,40.017372,-105.260013,508,8571.8
66638,40.017372,-105.260177,507,8557.82
66638,40.017373,-105.260377,506,8540.77
66638,40.017373,-105.260469,505,8532.93
66638,40.017373,-105.262644,499,8347.45
66638,40.017373,-105.282457,247,4000.59
66638,40.017376,-105.260626,504,8519.54
66638,40.017379,-105.262029,500,8399.89
66638,40.017385,-105.260796,503,8505.01
66638,40.017386,-105.260923,502,8494.18
66638,40.017386,-105.260977,501,8489.58
66638,40.017393,-105.257305,518,8804.75
66638,40.017414,-105.255919,530,8965.77
66638,40.017466,-105.282021,246,3962.01
66638,40.017487,-105.255906,531,8973.97
66638,40.017524,-105.255903,532,8978.09
66638,40.017594,-105.281426,245,3909.32
66638,40.01762,-105.281302,244,3898.36
66638,40.017733,-105.255903,533,9001.36
66638,40.017869,-105.281389,243,3869.66
66638,40.018083,-105.255904,534,9040.32
66638,40.018118,-105.281476,242,3840.97
66638,40.018219,-105.255902,535,9055.46
66638,40.018238,-105.28152,241,3827.09
66638,40.018384,-105.28157,240,3810.29
66638,40.018445,-105.281581,239,3803.44
66638,40.018484,-105.281581,238,3799.1
66638,40.01853,-105.281573,237,3793.93
66638,40.018551,-105.2559,536,9092.42
66638,40.018576,-105.281547,236,3788.35
66638,40.018602,-105.281521,235,3784.7
66638,40.018629,-105.281487,234,3780.53
66638,40.01866,-105.28144,233,3775.24
66638,40.018698,-105.281379,232,3768.54
66638,40.018704,-105.276052,203,3223.35
66638,40.018744,-105.281184,231,3751.14
66638,40.018765,-105.281093,230,3743.04
66638,40.018767,-105.275752,202,3196.83
66638,40.018785,-105.255899,537,9118.47
66638,40.018794,-105.28095,229,3730.43
66638,40.0188,-105.275596,201,3183.03
66638,40.018808,-105.280877,228,3724.01
66638,40.018831,-105.276096,204,3237.98
66638,40.018833,-105.255908,538,9123.87
66638,40.018834,-105.255908,1,0
66638,40.018858,-105.280631,227,3702.31
66638,40.018891,-105.255919,2,6.41
66638,40.018891,-105.275137,200,3142.61
66638,40.018919,-105.280333,226,3676.02
66638,40.01897,-105.274743,199,3107.89
66638,40.018984,-105.28001,225,3647.55
66638,40.01899,-105.255954,3,17.83
66638,40.019035,-105.279761,224,3625.57
66638,40.019046,-105.279704,223,3620.56
66638,40.019058,-105.274299,198,3068.79
66638,40.019076,-105.27618,205,3266.17
66638,40.019078,-105.276181,206,3266.41
66638,40.019083,-105.25605,4,31.03
66638,40.019084,-105.274171,197,3057.5
66638,40.019118,-105.274004,196,3042.77
66638,40.019145,-105.273867,195,3030.71
66638,40.019146,-105.273862,194,3030.27
66638,40.019171,-105.256143,5,43.63
66638,40.019194,-105.279034,222,3561.11
66638,40.019214,-105.276227,207,3282.05
66638,40.01923,-105.273444,193,2993.43
66638,40.019231,-105.27344,192,2993.07
66638,40.019241,-105.256206,6,53.1
66638,40.019309,-105.27626,208,3293
66638,40.019311,-105.256245,7,61.57
66638,40.019324,-105.272983,191,2952.76
66638,40.019324,-105.278393,221,3504.58
66638,40.019346,-105.276273,209,3297.26
66638,40.01935,-105.272853,190,2941.3
66638,40.019397,-105.272621,189,2920.85
66638,40.019416,-105.256276,8,73.55
66638,40.019457,-105.277729,220,3446.07
66638,40.019502,-105.272105,188,2875.33
66638,40.019524,-105.27634,210,3317.88
66638,40.01953,-105.256277,9,86.24
66638,40.019557,-105.276368,211,3322.26
66638,40.019558,-105.271846,187,2852.39
66638,40.019579,-105.271751,186,2843.96
66638,40.019588,-105.277094,219,3390.01
66638,40.019601,-105.277038,218,3385.02
66638,40.019605,-105.27642,212,3329.21
66638,40.019627,-105.276444,213,3332.4
66638,40.019647,-105.27649,214,3336.91
66638,40.01966,-105.276546,215,3341.9
66638,40.019669,-105.256277,10,101.71
66638,40.019669,-105.276606,216,3347.11
66638,40.019673,-105.276692,217,3354.45
66638,40.019713,-105.271122,185,2788.3
66638,40.019782,-105.270794,184,2759.3
66638,40.019836,-105.270532,183,2736.17
66638,40.019838,-105.256277,11,120.53
66638,40.01987,-105.270366,182,2721.52
66638,40.019942,-105.270014,181,2690.46
66638,40.019954,-105.269954,180,2685.17
66638,40.020014,-105.269662,179,2659.4
66638,40.020027,-105.256276,12,141.57
66638,40.020073,-105.253746,55,491.61
66638,40.020074,-105.269361,178,2632.88
66638,40.020075,-105.253843,54,483.34
66638,40.020075,-105.254092,53,462.11
66638,40.020081,-105.254334,52,441.47
66638,40.020087,-105.25288,58,565.57
66638,40.020089,-105.251998,60,640.77
66638,40.020089,-105.252694,59,581.43
66638,40.02009,-105.251412,62,690.72
66638,40.02009,-105.251448,61,687.65
66638,40.02009,-105.253459,57,516.21
66638,40.02009,-105.253588,56,505.21
66638,40.020096,-105.269253,177,2623.36
66638,40.020115,-105.25449,51,427.64
66638,40.020125,-105.254576,50,420.23
66638,40.020133,-105.254624,49,416.04
66638,40.020145,-105.269013,175,2602.18
66638,40.020145,-105.269014,176,2602.26
66638,40.020149,-105.254688,48,410.3
66638,40.020162,-105.268928,174,2594.69
66638,40.020167,-105.251412,63,699.29
66638,40.02017,-105.268886,173,2591
66638,40.020177,-105.254766,47,402.96
66638,40.020178,-105.268845,172,2587.39
66638,40.020201,-105.256275,13,160.94
66638,40.020206,-105.254837,46,396.1
66638,40.020235,-105.254885,45,390.89
66638,40.020249,-105.268494,171,2556.44
66638,40.020276,-105.254937,44,384.52
66638,40.020312,-105.268181,170,2528.85
66638,40.020319,-105.254981,43,378.44
66638,40.020335,-105.254995,42,376.3
66638,40.020339,-105.256273,14,176.3
66638,40.020359,-105.255017,41,373.03
66638,40.020373,-105.25503,40,371.12
66638,40.020399,-105.267712,169,2487.72
66638,40.020403,-105.255053,39,367.25
66638,40.020432,-105.267533,168,2472.02
66638,40.020435,-105.256296,15,187.17
66638,40.020454,-105.267413,167,2461.5
66638,40.020497,-105.267191,166,2441.98
66638,40.02057,-105.266841,165,2411.05
66638,40.020577,-105.266807,164,2408.05
66638,40.020585,-105.255182,38,344.2
66638,40.020613,-105.266627,163,2392.19
66638,40.02063,-105.266543,162,2384.79
66638,40.020631,-105.255216,37,338.31
66638,40.020637,-105.266508,161,2381.7
66638,40.020646,-105.256379,16,211.7
66638,40.020662,-105.255239,36,334.34
66638,40.020682,-105.255254,35,331.78
66638,40.020703,-105.256402,17,218.34
66638,40.02071,-105.255277,34,328.09
66638,40.020723,-105.255287,33,326.41
66638,40.020736,-105.2553,32,324.59
66638,40.020741,-105.256414,18,222.69
66638,40.020746,-105.255311,31,323.14
66638,40.020763,-105.255334,30,320.41
66638,40.020766,-105.25631,19,231.98
66638,40.02077,-105.255344,29,319.26
66638,40.020777,-105.255354,28,318.1
66638,40.020782,-105.265789,160,2318.32
66638,40.020792,-105.25538,27,315.33
66638,40.02081,-105.255415,26,311.73
66638,40.020815,-105.255427,25,310.57
66638,40.02083,-105.265547,159,2297.01
66638,40.020832,-105.255467,24,306.67
66638,40.020835,-105.256013,20,258.44
66638,40.020865,-105.255557,23,298.16
66638,40.020871,-105.26535,158,2279.6
66638,40.020877,-105.255796,21,277.52
66638,40.020883,-105.265291,157,2274.4
66638,40.020885,-105.255687,22,286.86
66638,40.02091,-105.251417,64,782.01
66638,40.020989,-105.264787,156,2229.84
66638,40.021018,-105.264649,155,2217.64
66638,40.021031,-105.251418,65,795.48
66638,40.021057,-105.264464,154,2201.29
66638,40.021107,-105.251418,66,803.94
66638,40.021113,-105.264199,153,2177.85
66638,40.021176,-105.263911,152,2152.32
66638,40.021187,-105.251419,67,812.84
66638,40.021214,-105.263734,151,2136.65
66638,40.02127,-105.263471,150,2113.38
66638,40.021286,-105.263439,149,2110.12
66638,40.021338,-105.263331,148,2099.24
66638,40.021367,-105.251419,68,832.88
66638,40.021372,-105.263215,147,2088.65
66638,40.021399,-105.263098,146,2078.24
66638,40.021402,-105.263083,145,2076.91
66638,40.02143,-105.262947,144,2064.91
66638,40.021483,-105.262691,143,2042.3
66638,40.021527,-105.251422,69,850.69
66638,40.021527,-105.262483,142,2023.91
66638,40.021564,-105.262303,141,2008.02
66638,40.021617,-105.262049,140,1985.58
66638,40.021622,-105.262021,139,1983.12
66638,40.02167,-105.26177,138,1961.07
66638,40.021694,-105.251426,70,869.29
66638,40.021715,-105.261548,137,1941.49
66638,40.021758,-105.261339,136,1923.04
66638,40.021847,-105.26091,135,1885.15
66638,40.021939,-105.251435,71,896.57
66638,40.021955,-105.26037,134,1837.58
66638,40.021956,-105.260363,133,1836.97
66638,40.022,-105.260142,132,1817.5
66638,40.022017,-105.260075,131,1811.49
66638,40.022066,-105.259876,130,1793.67
66638,40.022111,-105.259712,129,1778.82
66638,40.022121,-105.251448,72,916.86
66638,40.022138,-105.25961,128,1769.62
66638,40.022184,-105.251478,73,924.33
66638,40.022206,-105.259322,127,1743.92
66638,40.022253,-105.251512,74,932.54
66638,40.022305,-105.258839,126,1701.3
66638,40.022331,-105.251566,75,942.36
66638,40.022358,-105.258585,125,1678.86
66638,40.02238,-105.258478,124,1669.41
66638,40.022386,-105.25161,76,949.54
66638,40.022418,-105.258286,123,1652.51
66638,40.022438,-105.258179,122,1643.12
66638,40.022446,-105.251666,77,957.75
66638,40.022449,-105.258129,121,1638.68
66638,40.022458,-105.251676,78,959.34
66638,40.022489,-105.251702,79,963.44
66638,40.022514,-105.251718,80,966.54
66638,40.022515,-105.257772,120,1607.38
66638,40.022579,-105.257474,119,1580.99
66638,40.022594,-105.25177,81,976.49
66638,40.022599,-105.251773,82,977.1
66638,40.022615,-105.251783,83,979.07
66638,40.022636,-105.257212,118,1557.77
66638,40.022679,-105.256993,117,1538.5
66638,40.022687,-105.251821,84,987.72
66638,40.02273,-105.256753,116,1517.27
66638,40.022761,-105.256604,115,1504.11
66638,40.022816,-105.256342,114,1480.95
66638,40.022853,-105.251904,85,1007.51
66638,40.022885,-105.251918,86,1011.26
66638,40.022889,-105.255992,113,1450.02
66638,40.022907,-105.251928,87,1013.86
66638,40.022963,-105.251948,88,1020.32
66638,40.022988,-105.255526,112,1408.8
66638,40.023024,-105.251967,89,1027.3
66638,40.023029,-105.255334,111,1391.81
66638,40.0231,-105.251983,90,1035.87
66638,40.02318,-105.251994,91,1044.82
66638,40.023205,-105.254494,110,1317.57
66638,40.023322,-105.253936,109,1268.25
66638,40.023341,-105.253858,108,1261.27
66638,40.023371,-105.253735,107,1250.27
66638,40.023391,-105.252018,92,1068.4
66638,40.023408,-105.253592,106,1237.4
66638,40.023432,-105.253482,105,1227.65
66638,40.023443,-105.253434,104,1223.38
66638,40.023496,-105.253164,103,1199.62
66638,40.0235,-105.252029,93,1080.57
66638,40.023543,-105.252926,102,1178.66
66638,40.023559,-105.252844,101,1171.45
66638,40.023573,-105.252779,100,1165.7
66638,40.023594,-105.252652,99,1154.62
66638,40.023605,-105.252041,94,1092.3
66638,40.023652,-105.252307,98,1124.51
66638,40.023658,-105.252271,97,1121.37
66638,40.023668,-105.252209,96,1115.97
66638,40.023693,-105.25205,95,1102.13
72696,39.996611,-105.261097,467,8170.5
72696,39.996676,-105.261032,466,8161.39
72696,39.996712,-105.261168,468,8183.27
72696,39.996749,-105.261194,469,8187.95
72696,39.996833,-105.260876,465,8139.42
72696,39.996996,-105.261356,470,8218.72
72696,39.997082,-105.260628,464,8104.56
72696,39.997205,-105.260518,463,8087.96
72696,39.997292,-105.26044,462,8076.21
72696,39.997424,-105.260337,461,8059.09
72696,39.997568,-105.260259,460,8041.74
72696,39.997605,-105.260244,459,8037.42
72696,39.997726,-105.260191,458,8023.22
72696,39.997788,-105.260173,457,8016.15
72696,39.997877,-105.260148,456,8006.01
72696,39.997912,-105.261996,471,8334.38
72696,39.997991,-105.262049,472,8344.27
72696,39.998022,-105.260131,455,7989.81
72696,39.998704,-105.260136,454,7913.88
72696,39.998877,-105.260137,453,7894.63
72696,39.99888,-105.282485,566,10453.11
72696,39.99888,-105.282515,565,10450.55
72696,39.998882,-105.282546,564,10447.9
72696,39.998884,-105.262692,473,8457.79
72696,39.998885,-105.282449,567,10456.23
72696,39.998887,-105.28259,563,10444.1
72696,39.998889,-105.28241,568,10459.58
72696,39.998892,-105.282377,569,10462.42
72696,39.998892,-105.282644,562,10439.46
72696,39.998895,-105.282324,570,10466.95
72696,39.998895,-105.282684,561,10436.04
72696,39.998896,-105.282727,560,10432.37
72696,39.998941,-105.262734,474,8465.08
72696,39.998965,-105.282728,559,10424.69
72696,39.998987,-105.282338,571,10477.26
72696,39.998988,-105.282728,558,10422.13
72696,39.999021,-105.282728,557,10418.45
72696,39.99906,-105.282731,556,10414.1
72696,39.999085,-105.282734,555,10411.31
72696,39.999121,-105.282741,554,10407.26
72696,39.999137,-105.282362,572,10494.08
72696,39.999144,-105.260138,452,7864.9
72696,39.999151,-105.260138,451,7864.12
72696,39.999161,-105.282366,573,10496.78
72696,39.99921,-105.260174,450,7856.87
72696,39.999215,-105.282762,553,10396.64
72696,39.999247,-105.260193,449,7852.45
72696,39.999247,-105.282768,552,10393.04
72696,39.999275,-105.282771,551,10389.91
72696,39.999279,-105.260203,448,7848.79
72696,39.999306,-105.282772,550,10386.46
72696,39.999308,-105.26021,447,7845.5
72696,39.99933,-105.282771,549,10383.79
72696,39.999344,-105.282769,548,10382.22
72696,39.99935,-105.282395,574,10517.96
72696,39.999353,-105.282396,1,0
72696,39.999366,-105.263029,475,8518.66
72696,39.999375,-105.2824,2,2.47
72696,39.999384,-105.28276,547,10377.7
72696,39.999392,-105.282404,3,4.4
72696,39.999403,-105.282407,4,5.65
72696,39.999415,-105.28275,546,10374.15
72696,39.999419,-105.282414,5,7.53
72696,39.999441,-105.282422,6,10.07
72696,39.999466,-105.26317,476,8535.05
72696,39.999486,-105.282726,545,10365.98
72696,39.999495,-105.28245,7,16.54
72696,39.999515,-105.282714,544,10362.6
72696,39.999533,-105.282473,8,21.2
72696,39.99954,-105.282701,543,10359.6
72696,39.999542,-105.260211,446,7819.45
72696,39.999568,-105.282685,542,10356.2
72696,39.999569,-105.282498,9,25.74
72696,39.999583,-105.282508,10,27.51
72696,39.999593,-105.282667,541,10353.02
72696,39.999595,-105.28252,11,29.2
72696,39.999603,-105.263315,477,8554.68
72696,39.999607,-105.260211,445,7812.22
72696,39.99962,-105.282549,12,32.92
72696,39.99963,-105.282632,540,10347.93
72696,39.999632,-105.282563,13,34.71
72696,39.999654,-105.282598,14,38.57
72696,39.999654,-105.282598,539,10343.99
72696,39.999672,-105.282641,15,42.75
72696,39.999684,-105.282668,16,45.41
72696,39.999684,-105.282668,538,10337.15
72696,39.999766,-105.282897,17,66.97
72696,39.999766,-105.282897,537,10315.6
72696,39.999784,-105.282947,18,71.68
72696,39.999784,-105.282947,536,10310.88
72696,39.999801,-105.282987,19,75.58
72696,39.999801,-105.282987,535,10306.98
72696,39.99981,-105.283008,20,77.63
72696,39.99981,-105.283008,534,10304.93
72696,39.999824,-105.283037,21,80.56
72696,39.999824,-105.283037,533,10302.01
72696,39.999832,-105.28305,22,81.98
72696,39.999832,-105.28305,532,10300.59
72696,39.999844,-105.283066,23,83.89
72696,39.999844,-105.283066,531,10298.68
72696,39.999858,-105.283082,24,85.96
72696,39.999858,-105.283082,530,10296.61
72696,39.999865,-105.283089,25,86.94
72696,39.999865,-105.283089,529,10295.62
72696,39.999877,-105.283097,26,88.44
72696,39.999877,-105.283097,528,10294.12
72696,39.99989,-105.283103,27,89.98
72696,39.99989,-105.283103,527,10292.59
72696,39.999899,-105.283105,28,90.99
72696,39.999899,-105.283105,526,10291.57
72696,39.999912,-105.283105,29,92.44
72696,39.999912,-105.283105,525,10290.13
72696,39.999953,-105.283106,30,97
72696,39.999953,-105.283106,524,10285.56
72696,39.999981,-105.283106,31,100.12
72696,39.999981,-105.283106,523,10282.44
72696,39.999983,-105.263593,478,8603.18
72696,40.000036,-105.26366,479,8611.39
72696,40.000062,-105.283108,522,10273.43
72696,40.000066,-105.263521,426,7466.95
72696,40.000075,-105.260216,444,7760.12
72696,40.000075,-105.281954,36,209.64
72696,40.000075,-105.281954,517,10172.92
72696,40.000076,-105.263399,427,7477.41
72696,40.000077,-105.281535,37,245.38
72696,40.000077,-105.281535,516,10137.19
72696,40.000078,-105.281125,40,280.34
72696,40.000078,-105.281125,513,10102.23
72696,40.000078,-105.281189,39,274.88
72696,40.000078,-105.281189,514,10107.68
72696,40.000078,-105.281243,38,270.28
72696,40.000078,-105.281243,515,10112.29
72696,40.000079,-105.282246,35,184.74
72696,40.000079,-105.282246,518,10197.82
72696,40.00008,-105.276797,501,9733.15
72696,40.00008,-105.276797,52,649.42
72696,40.00008,-105.276865,502,9738.95
72696,40.00008,-105.276865,51,643.62
72696,40.00008,-105.27804,48,543.42
72696,40.00008,-105.27804,505,9839.15
72696,40.00008,-105.280482,41,335.17
72696,40.00008,-105.280482,512,10047.39
72696,40.00008,-105.283016,33,119.07
72696,40.00008,-105.283016,520,10263.49
72696,40.00008,-105.283109,32,111.14
72696,40.00008,-105.283109,521,10271.42
72696,40.000081,-105.280422,42,340.29
72696,40.000081,-105.280422,511,10042.27
72696,40.000082,-105.276189,500,9681.3
72696,40.000082,-105.276189,53,701.26
72696,40.000082,-105.27735,50,602.26
72696,40.000082,-105.27735,503,9780.31
72696,40.000082,-105.277416,49,596.63
72696,40.000082,-105.277416,504,9785.93
72696,40.000082,-105.282522,34,161.2
72696,40.000082,-105.282522,519,10221.36
72696,40.000083,-105.278424,47,510.67
72696,40.000083,-105.278424,506,9871.89
72696,40.000083,-105.278655,46,490.97
72696,40.000083,-105.278655,507,9891.59
72696,40.000083,-105.27967,45,404.42
72696,40.000083,-105.27967,508,9978.15
72696,40.000083,-105.279885,44,386.08
72696,40.000083,-105.279885,509,9996.48
72696,40.000083,-105.280017,43,374.83
72696,40.000083,-105.280017,510,10007.74
72696,40.000084,-105.275578,499,9629.2
72696,40.000084,-105.275578,54,753.37
72696,40.000085,-105.263769,425,7445.69
72696,40.000085,-105.263769,480,8622.17
72696,40.000085,-105.27435,497,9524.48
72696,40.000085,-105.27435,56,858.09
72696,40.000085,-105.27496,498,9576.5
72696,40.000085,-105.27496,55,806.07
72696,40.000086,-105.27373,496,9471.61
72696,40.000086,-105.27373,57,910.96
72696,40.000087,-105.27191,493,9316.4
72696,40.000087,-105.27191,60,1066.16
72696,40.000088,-105.268794,486,9050.68
72696,40.000088,-105.268794,67,1331.88
72696,40.000088,-105.269412,487,9103.38
72696,40.000088,-105.269412,66,1279.18
72696,40.000088,-105.27311,495,9418.73
72696,40.000088,-105.27311,58,963.83
72696,40.000089,-105.270662,489,9209.98
72696,40.000089,-105.270662,64,1172.59
72696,40.00009,-105.267669,482,8954.74
72696,40.00009,-105.267777,483,8963.95
72696,40.00009,-105.267777,70,1418.61
72696,40.00009,-105.267883,484,8972.99
72696,40.00009,-105.267883,69,1409.57
72696,40.00009,-105.270042,488,9157.11
72696,40.00009,-105.270042,65,1225.46
72696,40.00009,-105.271272,491,9262
72696,40.00009,-105.271272,62,1120.57
72696,40.00009,-105.27137,492,9270.35
72696,40.00009,-105.27137,61,1112.21
72696,40.00009,-105.272512,494,9367.74
72696,40.00009,-105.272512,59,1014.82
72696,40.000091,-105.263217,428,7493.02
72696,40.000091,-105.271171,490,9253.38
72696,40.000091,-105.271171,63,1129.18
72696,40.000092,-105.268288,485,9007.53
72696,40.000092,-105.268288,68,1375.04
72696,40.000093,-105.266949,481,8893.34
72696,40.000112,-105.260255,443,7754.82
72696,40.000113,-105.26295,429,7515.92
72696,40.000153,-105.260297,442,7749.02
72696,40.000154,-105.262559,430,7549.57
72696,40.00017,-105.267778,71,1427.52
72696,40.000182,-105.260332,441,7744.63
72696,40.000192,-105.262149,431,7584.79
72696,40.0002,-105.262072,432,7591.42
72696,40.000204,-105.260358,440,7741.32
72696,40.000229,-105.263863,424,7427.77
72696,40.000257,-105.261485,433,7641.87
72696,40.000258,-105.260444,439,7731.84
72696,40.000279,-105.261233,434,7663.5
72696,40.000284,-105.26053,438,7723.96
72696,40.000284,-105.261154,435,7670.26
72696,40.000304,-105.260827,436,7698.24
72696,40.00031,-105.260658,437,7712.66
72696,40.000776,-105.264239,423,7358.95
72696,40.000803,-105.267774,72,1497.98
72696,40.000876,-105.264308,422,7346.36
72696,40.001009,-105.264399,421,7329.65
72696,40.001641,-105.264841,420,7249.83
72696,40.00178,-105.26778,73,1606.74
72696,40.00185,-105.267785,74,1614.55
72696,40.001958,-105.267784,75,1626.57
72696,40.002113,-105.265163,419,7190.55
72696,40.00224,-105.267776,76,1657.97
72696,40.002283,-105.265305,418,7168.08
72696,40.002391,-105.265411,417,7153.04
72696,40.002541,-105.265589,416,7130.47
72696,40.002678,-105.265782,415,7108.04
72696,40.00273,-105.267784,77,1712.52
72696,40.00279,-105.265978,414,7087.18
72696,40.002885,-105.266187,413,7066.46
72696,40.002956,-105.266385,412,7047.82
72696,40.003021,-105.266569,411,7030.54
72696,40.00318,-105.267076,410,6983.82
72696,40.003192,-105.267114,409,6980.32
72696,40.003193,-105.267791,78,1764.07
72696,40.003217,-105.267198,408,6972.64
72696,40.003265,-105.267359,407,6957.9
72696,40.00327,-105.267787,79,1772.64
72696,40.003328,-105.267561,406,6939.31
72696,40.00334,-105.267776,80,1780.49
72696,40.003347,-105.267623,405,6933.61
72696,40.003347,-105.267771,81,1781.38
72696,40.003355,-105.267647,404,6931.38
72696,40.003394,-105.267749,403,6921.66
72696,40.003394,-105.267749,82,1786.94
72696,40.003443,-105.26786,402,6910.73
72696,40.003481,-105.2677,83,1797.49
72696,40.003491,-105.267971,401,6899.86
72696,40.003541,-105.267821,84,1809.78
72696,40.003659,-105.268292,400,6866.71
72696,40.003676,-105.268094,85,1837.49
72696,40.003686,-105.268341,399,6861.57
72696,40.00378,-105.268511,398,6843.69
72696,40.003866,-105.268456,86,1874.91
72696,40.003895,-105.268512,87,1880.67
72696,40.004038,-105.268786,88,1908.94
72696,40.004057,-105.268823,89,1912.74
72696,40.004326,-105.269312,90,1964.08
72696,40.004363,-105.269567,397,6732.69
72696,40.004406,-105.269458,91,1979.38
72696,40.004475,-105.269768,396,6711.5
72696,40.004526,-105.269862,395,6701.68
72696,40.004541,-105.269709,92,2005.53
72696,40.004601,-105.269813,93,2016.64
72696,40.004618,-105.270033,394,6683.86
72696,40.004649,-105.269896,94,2025.5
72696,40.004915,-105.270557,393,6628.27
72696,40.004943,-105.270611,392,6622.71
72696,40.00499,-105.270513,95,2090.38
72696,40.00517,-105.271019,391,6579.71
72696,40.005281,-105.271037,96,2145.57
72696,40.005356,-105.27116,97,2158.97
72696,40.00543,-105.271514,390,6528.54
72696,40.005483,-105.271614,389,6518.17
72696,40.005487,-105.271621,388,6517.42
72696,40.005568,-105.271765,387,6502.19
72696,40.005587,-105.271799,386,6498.6
72696,40.005594,-105.271556,98,2201.89
72696,40.005594,-105.271811,385,6497.31
72696,40.005604,-105.271572,99,2203.65
72696,40.005616,-105.271851,384,6493.12
72696,40.005645,-105.271639,100,2210.97
72696,40.005721,-105.271764,101,2224.57
72696,40.00573,-105.272038,383,6472.74
72696,40.005773,-105.272108,382,6465.09
72696,40.005821,-105.271938,102,2243.12
72696,40.005833,-105.271959,103,2245.36
72696,40.005853,-105.272255,381,6449.71
72696,40.005856,-105.272,104,2249.69
72696,40.0059,-105.272338,380,6440.91
72696,40.005929,-105.272129,105,2263.37
72696,40.005931,-105.272133,106,2263.77
72696,40.00598,-105.272481,379,6425.81
72696,40.006078,-105.272394,107,2291.4
72696,40.006173,-105.272564,108,2309.34
72696,40.006232,-105.272674,109,2320.79
72696,40.006296,-105.272798,110,2333.54
72696,40.006354,-105.273138,378,6356.01
72696,40.006356,-105.272915,111,2345.55
72696,40.006421,-105.273036,112,2358.15
72696,40.006438,-105.273068,113,2361.47
72696,40.006609,-105.273385,114,2394.53
72696,40.00667,-105.273692,377,6297.11
72696,40.006682,-105.273517,115,2408.41
72696,40.006696,-105.273542,116,2411.05
72696,40.006734,-105.273607,117,2418.02
72696,40.006911,-105.273924,118,2451.47
72696,40.006924,-105.273947,119,2453.91
72696,40.006932,-105.274172,376,6246.86
72696,40.006943,-105.27398,120,2457.43
72696,40.006955,-105.274001,121,2459.66
72696,40.007047,-105.274164,122,2476.93
72696,40.007125,-105.274502,375,6211.45
72696,40.007171,-105.274381,123,2500.01
72696,40.007191,-105.274609,374,6199.74
72696,40.007216,-105.274641,373,6195.84
72696,40.007223,-105.274468,124,2509.42
72696,40.007228,-105.274475,125,2510.24
72696,40.007247,-105.2745,126,2513.24
72696,40.007256,-105.274692,372,6189.62
72696,40.00726,-105.274517,127,2515.29
72696,40.007261,-105.274699,371,6188.8
72696,40.007278,-105.274541,128,2518.15
72696,40.007306,-105.274753,370,6182
72696,40.007328,-105.274608,129,2526.13
72696,40.007365,-105.274822,369,6173.18
72696,40.007389,-105.274679,130,2535.23
72696,40.007423,-105.274876,368,6165.25
72696,40.007468,-105.274761,131,2546.46
72696,40.007481,-105.274925,367,6157.56
72696,40.007504,-105.274792,132,2551.26
72696,40.007545,-105.274824,133,2556.58
72696,40.007567,-105.274992,366,6146.41
72696,40.00765,-105.274899,134,2569.9
72696,40.007673,-105.275071,365,6132.83
72696,40.007776,-105.27514,364,6119.94
72696,40.007854,-105.275049,135,2595.97
72696,40.008637,-105.275739,363,6011.33
72696,40.008652,-105.275603,136,2696.58
72696,40.008733,-105.275802,362,5999.37
72696,40.00887,-105.275746,137,2723.74
72696,40.00899,-105.275978,361,5967.07
72696,40.009166,-105.275948,138,2760.92
72696,40.009217,-105.275982,139,2767.29
72696,40.009277,-105.276175,360,5930.97
72696,40.009359,-105.276078,140,2785.09
72696,40.009405,-105.276109,141,2790.86
72696,40.009466,-105.276303,359,5907.27
72696,40.009504,-105.276175,142,2803.23
72696,40.00957,-105.276374,358,5894.21
72696,40.009575,-105.276223,143,2812.13
72696,40.009707,-105.276315,144,2828.79
72696,40.009847,-105.276571,357,5859.09
72696,40.009997,-105.276517,145,2865.38
72696,40.01001,-105.276526,146,2867.01
72696,40.010065,-105.27671,356,5832.08
72696,40.010188,-105.276644,147,2889.24
72696,40.01039,-105.276918,355,5791.79
72696,40.010402,-105.276786,148,2915.96
72696,40.010508,-105.276993,354,5777.18
72696,40.010509,-105.276858,149,2929.36
72696,40.010611,-105.277052,353,5764.66
72696,40.010615,-105.276918,150,2942.22
72696,40.011035,-105.277157,151,2993.22
72696,40.011166,-105.277362,352,5697.46
72696,40.011205,-105.277384,351,5692.73
72696,40.011327,-105.277313,152,3028.34
72696,40.011334,-105.277317,153,3029.2
72696,40.011458,-105.277392,154,3044.41
72696,40.011465,-105.277527,350,5661.33
72696,40.011551,-105.277574,349,5650.95
72696,40.011554,-105.27745,155,3056.18
72696,40.011661,-105.277633,348,5637.71
72696,40.011704,-105.277656,347,5632.54
72696,40.011746,-105.277679,346,5627.47
72696,40.011823,-105.27772,345,5618.21
72696,40.011947,-105.277788,344,5603.24
72696,40.011969,-105.277801,343,5600.55
72696,40.012173,-105.277785,156,3130.78
72696,40.012188,-105.277794,157,3132.61
72696,40.012335,-105.277881,158,3150.58
72696,40.012339,-105.278007,342,5555.77
72696,40.012368,-105.277901,159,3154.63
72696,40.01254,-105.278003,160,3175.66
72696,40.012598,-105.278037,161,3182.74
72696,40.012633,-105.278058,162,3187.02
72696,40.012686,-105.278203,341,5513.69
72696,40.012701,-105.278097,163,3195.29
72696,40.01281,-105.278152,164,3208.3
72696,40.012878,-105.278302,340,5490.71
72696,40.012902,-105.278194,165,3219.15
72696,40.01303,-105.278252,166,3234.23
72696,40.01303,-105.278367,339,5472.9
72696,40.013068,-105.278383,338,5468.46
72696,40.013135,-105.278295,167,3246.48
72696,40.013178,-105.278423,337,5455.75
72696,40.013275,-105.278458,336,5444.54
72696,40.01333,-105.278475,335,5438.25
72696,40.013345,-105.278374,168,3270.81
72696,40.013373,-105.27848,334,5433.45
72696,40.013386,-105.278393,169,3275.65
72696,40.01342,-105.278475,333,5428.2
72696,40.013429,-105.278427,170,3281.25
72696,40.013467,-105.278464,171,3286.53
72696,40.013467,-105.278464,332,5422.88
72696,40.013576,-105.278503,172,3299.11
72696,40.013576,-105.278503,331,5410.3
72696,40.014011,-105.278655,173,3349.24
72696,40.014011,-105.278655,330,5360.17
72696,40.014096,-105.278685,174,3359.04
72696,40.014096,-105.278685,329,5350.37
72696,40.014181,-105.278712,175,3368.78
72696,40.014181,-105.278712,328,5340.63
72696,40.014271,-105.278741,176,3379.1
72696,40.014271,-105.278741,327,5330.31
72696,40.014408,-105.278786,177,3394.82
72696,40.014408,-105.278786,326,5314.59
72696,40.014479,-105.278808,178,3402.94
72696,40.014479,-105.278808,325,5306.46
72696,40.014643,-105.278859,179,3421.71
72696,40.014643,-105.278859,324,5287.7
72696,40.015165,-105.279041,180,3481.86
72696,40.015165,-105.279041,323,5227.55
72696,40.015179,-105.279046,181,3483.47
72696,40.015179,-105.279046,322,5225.94
72696,40.015228,-105.279062,321,5220.31
72696,40.015326,-105.279095,182,3500.36
72696,40.01572,-105.279225,183,3545.6
72696,40.01572,-105.279225,320,5163.81
72696,40.015739,-105.279232,184,3547.8
72696,40.015739,-105.279232,319,5161.61
72696,40.015761,-105.279238,185,3550.3
72696,40.015761,-105.279238,318,5159.11
72696,40.015818,-105.279257,186,3556.85
72696,40.015818,-105.279257,317,5152.56
72696,40.015929,-105.279293,187,3569.58
72696,40.015929,-105.279293,316,5139.83
72696,40.016002,-105.27932,188,3578.03
72696,40.016002,-105.27932,315,5131.38
72696,40.016047,-105.279337,189,3583.24
72696,40.016047,-105.279337,314,5126.17
72696,40.01623,-105.279404,190,3604.4
72696,40.01623,-105.279404,313,5105.01
72696,40.016387,-105.279462,191,3622.56
72696,40.016387,-105.279462,312,5086.85
72696,40.016635,-105.280823,301,4927.4
72696,40.016643,-105.280725,302,4935.8
72696,40.016643,-105.280864,300,4923.79
72696,40.016653,-105.27956,192,3653.33
72696,40.016653,-105.27956,311,5056.08
72696,40.016653,-105.280894,299,4921
72696,40.016666,-105.279565,193,3654.84
72696,40.016666,-105.279565,310,5054.57
72696,40.016672,-105.280928,298,4917.42
72696,40.016695,-105.280959,297,4913.74
72696,40.016715,-105.28098,296,4910.88
72696,40.016724,-105.280318,303,4971.65
72696,40.016738,-105.281005,295,4907.55
72696,40.016751,-105.280184,304,4983.47
72696,40.01676,-105.280139,305,4987.43
72696,40.016791,-105.27961,194,3669.27
72696,40.016791,-105.27961,309,5040.14
72696,40.016806,-105.279615,195,3670.99
72696,40.016806,-105.279615,308,5038.41
72696,40.016835,-105.279775,306,5019.57
72696,40.016863,-105.279636,196,3677.59
72696,40.016863,-105.279636,307,5031.82
72696,40.016877,-105.281051,294,4891.58
72696,40.016885,-105.279532,197,3686.79
72696,40.016913,-105.279399,198,3698.55
72696,40.01699,-105.279036,199,3730.66
72696,40.017009,-105.281094,293,4876.44
72696,40.017024,-105.278876,200,3744.81
72696,40.017112,-105.278484,201,3779.64
72696,40.017113,-105.281128,292,4864.51
72696,40.017119,-105.27845,202,3782.64
72696,40.017132,-105.278383,203,3788.53
72696,40.017143,-105.278327,204,3793.46
72696,40.017165,-105.278228,205,3802.25
72696,40.01717,-105.278209,206,3803.96
72696,40.017173,-105.278193,207,3805.37
72696,40.017233,-105.277906,208,3830.73
72696,40.017419,-105.277018,209,3909.22
72696,40.017446,-105.276906,210,3919.23
72696,40.01745,-105.276886,211,3920.99
72696,40.017479,-105.276745,212,3933.44
72696,40.017505,-105.276611,213,3945.22
72696,40.01753,-105.28127,291,4816.53
72696,40.017534,-105.276459,214,3958.58
72696,40.017542,-105.276418,215,3962.18
72696,40.017549,-105.276379,216,3965.6
72696,40.01762,-105.281302,290,4806.15
72696,40.017624,-105.276001,217,3998.89
72696,40.017681,-105.275887,218,4010.49
72696,40.017686,-105.275877,219,4011.51
72696,40.017694,-105.275861,220,4013.14
72696,40.017702,-105.275847,221,4014.63
72696,40.017707,-105.281332,289,4796.13
72696,40.017713,-105.275831,222,4016.46
72696,40.017736,-105.275812,223,4019.49
72696,40.01776,-105.275795,224,4022.53
72696,40.017767,-105.275791,225,4023.38
72696,40.017783,-105.275782,226,4025.32
72696,40.017797,-105.275778,227,4026.92
72696,40.017831,-105.275768,228,4030.8
72696,40.017869,-105.281389,288,4777.46
72696,40.017877,-105.275765,229,4035.93
72696,40.017892,-105.275764,230,4037.6
72696,40.017944,-105.275783,231,4043.61
72696,40.018118,-105.281476,287,4748.76
72696,40.018192,-105.275872,232,4072.24
72696,40.018238,-105.28152,286,4734.89
72696,40.018339,-105.275923,233,4089.17
72696,40.018384,-105.28157,285,4718.08
72696,40.018445,-105.281581,284,4711.23
72696,40.018484,-105.281581,283,4706.89
72696,40.018509,-105.275985,234,4108.82
72696,40.01853,-105.281573,282,4701.72
72696,40.01857,-105.276006,235,4115.84
72696,40.018576,-105.281547,281,4696.14
72696,40.018586,-105.276011,236,4117.67
72696,40.018602,-105.281521,280,4692.5
72696,40.018603,-105.276017,237,4119.63
72696,40.018629,-105.281487,279,4688.32
72696,40.01866,-105.28144,278,4683.03
72696,40.018698,-105.281379,277,4676.33
72696,40.018704,-105.276052,238,4131.27
72696,40.018744,-105.281184,276,4658.93
72696,40.018765,-105.281093,275,4650.83
72696,40.018794,-105.28095,274,4638.22
72696,40.018806,-105.276087,239,4143.01
72696,40.018808,-105.280877,273,4631.81
72696,40.018819,-105.276092,240,4144.51
72696,40.018831,-105.276096,241,4145.89
72696,40.018858,-105.280631,272,4610.11
72696,40.018919,-105.280333,271,4583.81
72696,40.018984,-105.28001,270,4555.34
72696,40.019035,-105.279761,269,4533.37
72696,40.019046,-105.279704,268,4528.35
72696,40.019076,-105.27618,242,4174.09
72696,40.019078,-105.276181,243,4174.33
72696,40.019168,-105.279154,267,4479.54
72696,40.019194,-105.279034,266,4468.91
72696,40.019214,-105.276227,244,4189.97
72696,40.019217,-105.278922,265,4459.02
72696,40.019309,-105.27626,245,4200.91
72696,40.019324,-105.278393,264,4412.38
72696,40.019346,-105.276273,246,4205.18
72696,40.019432,-105.277852,263,4364.71
72696,40.019457,-105.277729,262,4353.87
72696,40.01948,-105.277616,261,4343.9
72696,40.019524,-105.27634,247,4225.8
72696,40.019557,-105.276368,248,4230.18
72696,40.019588,-105.277094,260,4297.8
72696,40.019601,-105.277038,259,4292.81
72696,40.019605,-105.27642,249,4237.12
72696,40.019627,-105.276444,250,4240.31
72696,40.019647,-105.27649,251,4244.82
72696,40.019648,-105.276811,258,4272.77
72696,40.019658,-105.276532,252,4248.61
72696,40.019664,-105.276735,257,4266.05
72696,40.019666,-105.27669,256,4262.2
72696,40.019667,-105.276663,255,4259.9
72696,40.019668,-105.276629,254,4257
72696,40.019669,-105.276606,253,4255.03
72696.498,39.996749,-105.261194,1263509,3612.77
72696.498,39.996833,-105.260876,1263508,3584.08
72696.498,39.996996,-105.261356,1263510,3643.54
72696.498,39.997082,-105.260628,1263507,3549.22
72696.498,39.997205,-105.260518,1263506,3532.62
72696.498,39.997292,-105.26044,1263505,3520.87
72696.498,39.997424,-105.260337,1263504,3503.75
72696.498,39.997568,-105.260259,1263503,3486.4
72696.498,39.997605,-105.260244,1263502,3482.08
72696.498,39.997726,-105.260191,1263501,3467.88
72696.498,39.997788,-105.260173,1263500,3460.81
72696.498,39.997877,-105.260148,1263499,3450.67
72696.498,39.997912,-105.261996,1263511,3759.2
72696.498,39.997991,-105.262049,1263512,3769.09
72696.498,39.998022,-105.260131,1263498,3434.47
72696.498,39.998704,-105.260136,1263497,3358.55
72696.498,39.998877,-105.260137,1263496,3339.29
72696.498,39.99888,-105.282485,1263617,5877.91
72696.498,39.99888,-105.282515,1263616,5875.35
72696.498,39.998882,-105.282546,1263615,5872.7
72696.498,39.998884,-105.262692,1263513,3882.61
72696.498,39.998885,-105.282449,1263618,5881.03
72696.498,39.998887,-105.28259,1263614,5868.91
72696.498,39.998889,-105.28241,1263619,5884.39
72696.498,39.998892,-105.282377,1263620,5887.22
72696.498,39.998892,-105.282644,1263613,5864.27
72696.498,39.998895,-105.282324,1263621,5891.75
72696.498,39.998895,-105.282684,1263612,5860.84
72696.498,39.998896,-105.282727,1263611,5857.17
72696.498,39.998941,-105.262734,1263514,3889.9
72696.498,39.998965,-105.282728,1263610,5849.49
72696.498,39.998987,-105.282338,1263622,5902.06
72696.498,39.998988,-105.282728,1263609,5846.93
72696.498,39.999021,-105.282728,1263608,5843.26
72696.498,39.99906,-105.282731,1263607,5838.91
72696.498,39.999085,-105.282734,1263606,5836.11
72696.498,39.999121,-105.282741,1263605,5832.06
72696.498,39.999137,-105.282362,1263623,5918.89
72696.498,39.999144,-105.260138,1263495,3309.56
72696.498,39.999151,-105.260138,1263494,3308.79
72696.498,39.999171,-105.282367,1263624,5922.7
72696.498,39.99921,-105.260174,1263493,3301.54
72696.498,39.999215,-105.282762,1263604,5821.45
72696.498,39.999247,-105.260193,1263492,3297.11
72696.498,39.999247,-105.282768,1263603,5817.85
72696.498,39.999275,-105.282771,1263602,5814.72
72696.498,39.999279,-105.260203,1263491,3293.45
72696.498,39.999306,-105.282772,1263601,5811.27
72696.498,39.999308,-105.26021,1263490,3290.16
72696.498,39.99933,-105.282771,1263600,5808.6
72696.498,39.999344,-105.282769,1263599,5807.03
72696.498,39.999366,-105.263029,1263515,3943.48
72696.498,39.999384,-105.28276,1263598,5802.51
72696.498,39.999419,-105.282749,1263597,5798.5
72696.498,39.999466,-105.26317,1263516,3959.87
72696.498,39.999486,-105.282726,1263596,5790.79
72696.498,39.999515,-105.282714,1263595,5787.4
72696.498,39.99954,-105.282701,1263594,5784.41
72696.498,39.999542,-105.260211,1263489,3264.11
72696.498,39.999568,-105.282685,1263593,5781.01
72696.498,39.999593,-105.282667,1263592,5777.83
72696.498,39.999603,-105.263315,1263517,3979.5
72696.498,39.999607,-105.260211,1263488,3256.88
72696.498,39.99963,-105.282632,1263591,5772.74
72696.498,39.999654,-105.282598,1263590,5768.8
72696.498,39.999669,-105.282633,1263589,5765.38
72696.498,39.999679,-105.260212,1263487,3248.86
72696.498,39.999684,-105.282668,1263588,5761.96
72696.498,39.999766,-105.282897,1263587,5740.4
72696.498,39.999784,-105.282947,1263586,5735.69
72696.498,39.999801,-105.282987,1263585,5731.79
72696.498,39.99981,-105.283008,1263584,5729.74
72696.498,39.999824,-105.283037,1263583,5726.81
72696.498,39.999832,-105.28305,1263582,5725.39
72696.498,39.999844,-105.283066,1263581,5723.48
72696.498,39.999858,-105.283082,1263580,5721.41
72696.498,39.999865,-105.283089,1263579,5720.43
72696.498,39.999877,-105.283097,1263578,5718.93
72696.498,39.999906,-105.283105,1263577,5715.63
72696.498,39.999953,-105.283106,1263576,5710.4
72696.498,39.999981,-105.283106,1263575,5707.28
72696.498,39.999983,-105.260215,1263486,3215.02
72696.498,39.999983,-105.263593,1263518,4028
72696.498,40.000036,-105.26366,1263519,4036.21
72696.498,40.000066,-105.263521,1263468,2911.61
72696.498,40.000075,-105.260216,1263485,3204.78
72696.498,40.000075,-105.281954,1263570,5597.76
72696.498,40.000076,-105.263399,1263469,2922.07
72696.498,40.000077,-105.281535,1263569,5562.03
72696.498,40.000078,-105.281125,1263566,5527.06
72696.498,40.000078,-105.281189,1263567,5532.52
72696.498,40.000078,-105.281243,1263568,5537.13
72696.498,40.000079,-105.282246,1263571,5622.66
72696.498,40.00008,-105.276797,1263554,5157.98
72696.498,40.00008,-105.276865,1263555,5163.78
72696.498,40.00008,-105.27804,1263558,5263.98
72696.498,40.00008,-105.280482,1263565,5472.23
72696.498,40.00008,-105.283016,1263573,5688.33
72696.498,40.00008,-105.283109,1263574,5696.26
72696.498,40.000081,-105.280422,1263564,5467.11
72696.498,40.000082,-105.276189,1263553,5106.14
72696.498,40.000082,-105.27735,1263556,5205.14
72696.498,40.000082,-105.277416,1263557,5210.77
72696.498,40.000082,-105.282522,1263572,5646.2
72696.498,40.000083,-105.278424,1263559,5296.73
72696.498,40.000083,-105.278655,1263560,5316.43
72696.498,40.000083,-105.27967,1263561,5402.98
72696.498,40.000083,-105.279885,1263562,5421.32
72696.498,40.000083,-105.280017,1263563,5432.57
72696.498,40.000084,-105.275578,1263552,5054.03
72696.498,40.000085,-105.263769,1263467,2890.35
72696.498,40.000085,-105.263769,1263520,4046.99
72696.498,40.000085,-105.263908,1263521,4058.84
72696.498,40.000085,-105.27435,1263550,4949.31
72696.498,40.000085,-105.27496,1263551,5001.33
72696.498,40.000086,-105.264009,1263522,4067.45
72696.498,40.000086,-105.27373,1263549,4896.44
72696.498,40.000087,-105.27191,1263546,4741.24
72696.498,40.000088,-105.26413,1263523,4077.77
72696.498,40.000088,-105.268794,1263539,4475.52
72696.498,40.000088,-105.269412,1263540,4528.22
72696.498,40.000088,-105.27311,1263548,4843.57
72696.498,40.000089,-105.270662,1263542,4634.81
72696.498,40.00009,-105.264281,1263524,4090.65
72696.498,40.00009,-105.26569,1263532,4210.82
72696.498,40.00009,-105.267669,1263535,4379.58
72696.498,40.00009,-105.267777,1263536,4388.79
72696.498,40.00009,-105.267883,1263537,4397.83
72696.498,40.00009,-105.270042,1263541,4581.94
72696.498,40.00009,-105.271272,1263544,4686.83
72696.498,40.00009,-105.27137,1263545,4695.19
72696.498,40.00009,-105.272512,1263547,4792.58
72696.498,40.000091,-105.264321,1263525,4094.06
72696.498,40.000091,-105.271171,1263543,4678.22
72696.498,40.000092,-105.268288,1263538,4432.37
72696.498,40.000093,-105.264474,1263526,4107.11
72696.498,40.000093,-105.264505,1263527,4109.76
72696.498,40.000093,-105.266949,1263534,4318.18
72696.498,40.000095,-105.26652,1263533,4281.6
72696.498,40.000096,-105.264946,1263528,4147.37
72696.498,40.000096,-105.265054,1263529,4156.57
72696.498,40.000096,-105.265075,1263530,4158.37
72696.498,40.000096,-105.265236,1263531,4172.1
72696.498,40.000112,-105.260255,1263484,3199.49
72696.498,40.000113,-105.26295,1263470,2960.58
72696.498,40.000153,-105.260297,1263483,3193.68
72696.498,40.000154,-105.262559,1263471,2994.23
72696.498,40.000182,-105.260332,1263482,3189.29
72696.498,40.000192,-105.262149,1263472,3029.45
72696.498,40.0002,-105.262072,1263473,3036.08
72696.498,40.000204,-105.260358,1263481,3185.98
72696.498,40.000229,-105.263863,1263466,2872.43
72696.498,40.000257,-105.261485,1263474,3086.54
72696.498,40.000258,-105.260444,1263480,3176.5
72696.498,40.000279,-105.261233,1263475,3108.16
72696.498,40.000284,-105.26053,1263479,3168.62
72696.498,40.000284,-105.261154,1263476,3114.92
72696.498,40.000304,-105.260827,1263477,3142.9
72696.498,40.00031,-105.260658,1263478,3157.32
72696.498,40.000776,-105.264239,1263465,2803.61
72696.498,40.000876,-105.264308,1263464,2791.02
72696.498,40.001009,-105.264399,1263463,2774.31
72696.498,40.001641,-105.264841,1263462,2694.49
72696.498,40.002113,-105.265163,1263461,2635.21
72696.498,40.002283,-105.265305,1263460,2612.74
72696.498,40.002391,-105.265411,1263459,2597.7
72696.498,40.002541,-105.265589,1263458,2575.13
72696.498,40.002678,-105.265782,1263457,2552.7
72696.498,40.00279,-105.265978,1263456,2531.85
72696.498,40.002885,-105.266187,1263455,2511.12
72696.498,40.002956,-105.266385,1263454,2492.48
72696.498,40.003021,-105.266569,1263453,2475.2
72696.498,40.00318,-105.267076,1263452,2428.49
72696.498,40.003206,-105.26716,1263451,2420.76
72696.498,40.003217,-105.267198,1263450,2417.3
72696.498,40.003265,-105.267359,1263449,2402.56
72696.498,40.003328,-105.267561,1263448,2383.97
72696.498,40.003347,-105.267623,1263447,2378.27
72696.498,40.003355,-105.267647,1263446,2376.04
72696.498,40.003394,-105.267749,1263445,2366.32
72696.498,40.003443,-105.26786,1263444,2355.4
72696.498,40.003491,-105.267971,1263443,2344.53
72696.498,40.003659,-105.268292,1263442,2311.37
72696.498,40.003686,-105.268341,1263441,2306.23
72696.498,40.00378,-105.268511,1263440,2288.35
72696.498,40.004363,-105.269567,1263439,2177.35
72696.498,40.004475,-105.269768,1263438,2156.16
72696.498,40.004526,-105.269862,1263437,2146.34
72696.498,40.004618,-105.270033,1263436,2128.52
72696.498,40.004915,-105.270557,1263435,2072.93
72696.498,40.004943,-105.270611,1263434,2067.37
72696.498,40.00517,-105.271019,1263433,2024.38
72696.498,40.00543,-105.271514,1263432,1973.2
72696.498,40.005483,-105.271614,1263431,1962.83
72696.498,40.005487,-105.271621,1263430,1962.08
72696.498,40.005568,-105.271765,1263429,1946.85
72696.498,40.005587,-105.271799,1263428,1943.26
72696.498,40.005594,-105.271811,1263427,1941.98
72696.498,40.005616,-105.271851,1263426,1937.78
72696.498,40.005727,-105.272032,1263425,1918.01
72696.498,40.005773,-105.272108,1263424,1909.75
72696.498,40.005853,-105.272255,1263423,1894.37
72696.498,40.0059,-105.272338,1263422,1885.57
72696.498,40.00598,-105.272481,1263421,1870.47
72696.498,40.006354,-105.273138,1263420,1800.67
72696.498,40.00667,-105.273692,1263419,1741.78
72696.498,40.006932,-105.274172,1263418,1691.52
72696.498,40.007125,-105.274502,1263417,1656.12
72696.498,40.007191,-105.274609,1263416,1644.4
72696.498,40.007216,-105.274641,1263415,1640.5
72696.498,40.007256,-105.274692,1263414,1634.28
72696.498,40.007261,-105.274699,1263413,1633.46
72696.498,40.007306,-105.274753,1263412,1626.66
72696.498,40.007365,-105.274822,1263411,1617.84
72696.498,40.007423,-105.274876,1263410,1609.91
72696.498,40.007481,-105.274925,1263409,1602.22
72696.498,40.007567,-105.274992,1263408,1591.07
72696.498,40.007673,-105.275071,1263407,1577.49
72696.498,40.007776,-105.27514,1263406,1564.6
72696.498,40.008637,-105.275739,1263405,1455.99
72696.498,40.008733,-105.275802,1263404,1444.03
72696.498,40.00899,-105.275978,1263403,1411.73
72696.498,40.009277,-105.276175,1263402,1375.63
72696.498,40.009466,-105.276303,1263401,1351.93
72696.498,40.00957,-105.276374,1263400,1338.87
72696.498,40.009721,-105.276481,1263399,1319.74
72696.498,40.00985,-105.276573,1263398,1303.38
72696.498,40.010065,-105.27671,1263397,1276.75
72696.498,40.01039,-105.276918,1263396,1236.45
72696.498,40.010508,-105.276993,1263395,1221.84
72696.498,40.010611,-105.277052,1263394,1209.32
72696.498,40.011166,-105.277362,1263393,1142.12
72696.498,40.011205,-105.277384,1263392,1137.4
72696.498,40.011465,-105.277527,1263391,1105.99
72696.498,40.011551,-105.277574,1263390,1095.61
72696.498,40.011661,-105.277633,1263389,1082.37
72696.498,40.011704,-105.277656,1263388,1077.2
72696.498,40.011746,-105.277679,1263387,1072.13
72696.498,40.011823,-105.27772,1263386,1062.87
72696.498,40.011947,-105.277788,1263385,1047.9
72696.498,40.011969,-105.277801,1263384,1045.21
72696.498,40.012339,-105.278007,1263383,1000.44
72696.498,40.012686,-105.278203,1263382,958.35
72696.498,40.012878,-105.278302,1263381,935.37
72696.498,40.01303,-105.278367,1263380,917.56
72696.498,40.013068,-105.278383,1263379,913.12
72696.498,40.013178,-105.278423,1263378,900.41
72696.498,40.013275,-105.278458,1263377,889.21
72696.498,40.01333,-105.278475,1263376,882.91
72696.498,40.013373,-105.27848,1263375,878.11
72696.498,40.01342,-105.278475,1263374,872.86
72696.498,40.013467,-105.278464,1263373,867.54
72696.498,40.013576,-105.278503,1263372,854.96
72696.498,40.014011,-105.278655,1263371,804.83
72696.498,40.014096,-105.278685,1263370,795.03
72696.498,40.014181,-105.278712,1263369,785.29
72696.498,40.014271,-105.278741,1263368,774.97
72696.498,40.014408,-105.278786,1263367,759.25
72696.498,40.014479,-105.278808,1263366,751.13
72696.498,40.014643,-105.278859,1263365,732.36
72696.498,40.015165,-105.279041,1263364,672.21
72696.498,40.015179,-105.279046,1263363,670.6
72696.498,40.015233,-105.279064,1263362,664.39
72696.498,40.01572,-105.279225,1263361,608.47
72696.498,40.015739,-105.279232,1263360,606.27
72696.498,40.015761,-105.279238,1263359,603.77
72696.498,40.015818,-105.279257,1263358,597.22
72696.498,40.015929,-105.279293,1263357,584.49
72696.498,40.016002,-105.27932,1263356,576.04
72696.498,40.016047,-105.279337,1263355,570.83
72696.498,40.01623,-105.279404,1263354,549.67
72696.498,40.016387,-105.279462,1263353,531.51
72696.498,40.016635,-105.280823,1263342,372.06
72696.498,40.016643,-105.280725,1263343,380.46
72696.498,40.016643,-105.280864,1263341,368.45
72696.498,40.016653,-105.27956,1263352,500.74
72696.498,40.016653,-105.280894,1263340,365.66
72696.498,40.016666,-105.279565,1263351,499.23
72696.498,40.016672,-105.280928,1263339,362.08
72696.498,40.016695,-105.280959,1263338,358.4
72696.498,40.016715,-105.28098,1263337,355.54
72696.498,40.016724,-105.280318,1263344,416.31
72696.498,40.016738,-105.281005,1263336,352.21
72696.498,40.016751,-105.280184,1263345,428.13
72696.498,40.01676,-105.280139,1263346,432.09
72696.498,40.016791,-105.27961,1263350,484.8
72696.498,40.016806,-105.279615,1263349,483.08
72696.498,40.016835,-105.279775,1263347,464.23
72696.498,40.016863,-105.279636,1263348,476.48
72696.498,40.016877,-105.281051,1263335,336.25
72696.498,40.017009,-105.281094,1263334,321.1
72696.498,40.017113,-105.281128,1263333,309.17
72696.498,40.01753,-105.28127,1263332,261.19
72696.498,40.01762,-105.281302,1263331,250.81
72696.498,40.017866,-105.281388,1263330,222.46
72696.498,40.018118,-105.281476,1263329,193.42
72696.498,40.018238,-105.28152,1263328,179.55
72696.498,40.018384,-105.28157,1263327,162.75
72696.498,40.018445,-105.281581,1263326,155.89
72696.498,40.018484,-105.281581,1263325,151.55
72696.498,40.01853,-105.281573,1263324,146.38
72696.498,40.018576,-105.281547,1263323,140.8
72696.498,40.018602,-105.281521,1263322,137.16
72696.498,40.018629,-105.281487,1263321,132.98
72696.498,40.01866,-105.28144,1263320,127.69
72696.498,40.018698,-105.281379,1263319,120.99
72696.498,40.018744,-105.281184,1263318,103.6
72696.498,40.018765,-105.281093,1263317,95.49
72696.498,40.018794,-105.28095,1263316,82.88
72696.498,40.018808,-105.280877,1263315,76.47
72696.498,40.018858,-105.280631,1263314,54.77
72696.498,40.018919,-105.280333,1263313,28.47
72696.498,40.018984,-105.28001,1263312,0
72925,39.929304,-105.289256,794,23296.83
72925,39.929304,-105.289256,885,24514.11
72925,39.929311,-105.289409,795,23309.91
72925,39.929311,-105.289409,884,24501.02
72925,39.929323,-105.289049,793,23279.03
72925,39.929323,-105.289049,886,24531.9
72925,39.929348,-105.2896,796,23326.73
72925,39.929348,-105.2896,883,24484.21
72925,39.929358,-105.288899,792,23265.65
72925,39.929358,-105.288899,887,24545.29
72925,39.929408,-105.289782,797,23343.64
72925,39.929408,-105.289782,882,24467.3
72925,39.92946,-105.288638,791,23240.64
72925,39.92946,-105.288638,888,24570.3
72925,39.929504,-105.289967,798,23362.71
72925,39.929504,-105.289967,881,24448.23
72925,39.929547,-105.28845,790,23221.9
72925,39.929547,-105.28845,889,24589.04
72925,39.929591,-105.290099,799,23377.57
72925,39.929591,-105.290099,880,24433.37
72925,39.929656,-105.288257,789,23201.44
72925,39.929656,-105.288257,890,24609.5
72925,39.929778,-105.290234,800,23401.36
72925,39.929778,-105.290234,879,24409.58
72925,39.929792,-105.290244,801,23403.14
72925,39.929792,-105.290244,878,24407.8
72925,39.929864,-105.287829,788,23158.18
72925,39.929864,-105.287829,891,24652.76
72925,39.929968,-105.28758,787,23133.98
72925,39.929968,-105.28758,892,24676.96
72925,39.930007,-105.290321,802,23427.96
72925,39.930007,-105.290321,877,24382.98
72925,39.930017,-105.287429,786,23119.98
72925,39.930017,-105.287429,893,24690.96
72925,39.930058,-105.290358,876,24376.48
72925,39.930066,-105.287251,785,23103.84
72925,39.930066,-105.287251,894,24707.1
72925,39.930082,-105.285493,779,22952.61
72925,39.930082,-105.285493,900,24858.33
72925,39.930086,-105.285375,778,22942.52
72925,39.930086,-105.285375,901,24868.41
72925,39.930089,-105.287032,784,23084.97
72925,39.930089,-105.287032,895,24725.97
72925,39.9301,-105.286925,783,23075.75
72925,39.9301,-105.286925,896,24735.18
72925,39.930119,-105.286569,782,23045.29
72925,39.930119,-105.286569,897,24765.65
72925,39.930137,-105.286123,781,23007.17
72925,39.930137,-105.286123,898,24803.77
72925,39.93014,-105.285802,780,22979.76
72925,39.93014,-105.285802,899,24831.18
72925,39.930148,-105.285159,777,22922.84
72925,39.930148,-105.285159,902,24888.1
72925,39.930237,-105.284654,776,22878.6
72925,39.930237,-105.284654,903,24932.33
72925,39.930243,-105.290493,803,23458.05
72925,39.930243,-105.290493,875,24352.88
72925,39.930255,-105.294684,839,23910.84
72925,39.930256,-105.294723,838,23907.5
72925,39.930269,-105.294587,840,23919.26
72925,39.930292,-105.294431,841,23932.82
72925,39.9303,-105.294792,837,23899.84
72925,39.930327,-105.294341,842,23941.44
72925,39.930348,-105.294792,836,23894.5
72925,39.930358,-105.290591,804,23473.35
72925,39.930358,-105.290591,874,24337.59
72925,39.930362,-105.294308,843,23946.24
72925,39.930363,-105.284046,775,22824.84
72925,39.930363,-105.284046,904,24986.1
72925,39.930369,-105.294755,835,23890.57
72925,39.930397,-105.294297,844,23950.25
72925,39.930405,-105.2946,834,23876.75
72925,39.930419,-105.283894,774,22810.45
72925,39.930419,-105.283894,905,25000.49
72925,39.930469,-105.294326,833,23852.3
72925,39.930469,-105.294326,845,23958.64
72925,39.930491,-105.29067,805,23489.61
72925,39.930491,-105.29067,873,24321.32
72925,39.930534,-105.294305,832,23844.84
72925,39.930534,-105.294305,846,23966.09
72925,39.930544,-105.283638,773,22784.54
72925,39.930544,-105.283638,906,25026.4
72925,39.930583,-105.292397,821,23665.51
72925,39.930583,-105.292397,857,24145.42
72925,39.930592,-105.29291,822,23709.32
72925,39.930592,-105.29291,856,24101.62
72925,39.930613,-105.292959,823,23714.11
72925,39.930613,-105.292959,855,24096.83
72925,39.930629,-105.292189,820,23647.04
72925,39.930629,-105.292189,858,24163.9
72925,39.930633,-105.294257,831,23833.08
72925,39.930633,-105.294257,847,23977.85
72925,39.930636,-105.283478,772,22767.47
72925,39.930636,-105.283478,907,25043.47
72925,39.930645,-105.293032,824,23721.29
72925,39.930645,-105.293032,854,24089.65
72925,39.930682,-105.29205,819,23633.78
72925,39.930682,-105.29205,859,24177.15
72925,39.930684,-105.290802,806,23513.87
72925,39.930684,-105.290802,872,24297.06
72925,39.930686,-105.293124,825,23730.37
72925,39.930686,-105.293124,853,24080.57
72925,39.930694,-105.294166,830,23822.77
72925,39.930694,-105.294166,848,23988.17
72925,39.930698,-105.283371,771,22756.02
72925,39.930698,-105.283371,908,25054.92
72925,39.930728,-105.293973,829,23805.86
72925,39.930728,-105.293973,849,24005.07
72925,39.930743,-105.283295,770,22747.82
72925,39.930743,-105.283295,909,25063.11
72925,39.930744,-105.29086,807,23522.19
72925,39.930744,-105.29086,871,24288.75
72925,39.930751,-105.29329,826,23746.28
72925,39.930751,-105.29329,852,24064.66
72925,39.930762,-105.291822,818,23612.38
72925,39.930762,-105.291822,860,24198.56
72925,39.930784,-105.293439,827,23759.52
72925,39.930784,-105.293439,851,24051.42
72925,39.930788,-105.293631,828,23775.91
72925,39.930788,-105.293631,850,24035.02
72925,39.930798,-105.290925,808,23530.37
72925,39.930798,-105.290925,870,24280.57
72925,39.930803,-105.291371,813,23569.24
72925,39.930803,-105.291371,865,24241.7
72925,39.930805,-105.291307,812,23563.77
72925,39.930805,-105.291307,866,24247.17
72925,39.930817,-105.291253,811,23558.97
72925,39.930817,-105.291253,867,24251.96
72925,39.930823,-105.291145,810,23549.73
72925,39.930823,-105.291145,868,24261.21
72925,39.930829,-105.291048,809,23541.42
72925,39.930829,-105.291048,869,24269.52
72925,39.930833,-105.291481,814,23579.2
72925,39.930833,-105.291481,864,24231.73
72925,39.930838,-105.29153,815,23583.42
72925,39.930838,-105.29153,863,24227.51
72925,39.930849,-105.291628,816,23591.88
72925,39.930849,-105.291628,862,24219.06
72925,39.930857,-105.291674,817,23595.91
72925,39.930857,-105.291674,861,24215.03
72925,39.930971,-105.282836,769,22701.14
72925,39.930971,-105.282836,910,25109.8
72925,39.931107,-105.282456,768,22665.34
72925,39.931107,-105.282456,911,25145.59
72925,39.931254,-105.281958,767,22619.79
72925,39.931254,-105.281958,912,25191.14
72925,39.931277,-105.281835,766,22608.99
72925,39.931277,-105.281835,913,25201.95
72925,39.931322,-105.281418,765,22573.04
72925,39.931322,-105.281418,914,25237.9
72925,39.931327,-105.281389,764,22570.5
72925,39.931344,-105.281302,763,22562.84
72925,39.931344,-105.281302,915,25248.1
72925,39.931413,-105.281096,762,22543.65
72925,39.931413,-105.281096,916,25267.29
72925,39.931439,-105.280971,917,25278.34
72925,39.93147,-105.281052,761,22536.28
72925,39.931511,-105.280878,918,25289.62
72925,39.931579,-105.280808,919,25299.27
72925,39.93161,-105.280775,920,25303.72
72925,39.93166,-105.280866,760,22509.83
72925,39.931762,-105.278449,742,22242.02
72925,39.931762,-105.278449,938,25570.79
72925,39.931782,-105.27821,741,22221.49
72925,39.931782,-105.27821,939,25591.32
72925,39.931791,-105.280659,921,25326.17
72925,39.93183,-105.280753,759,22488.59
72925,39.931838,-105.277939,740,22197.54
72925,39.931838,-105.277939,940,25615.27
72925,39.931871,-105.278775,743,22272.37
72925,39.931871,-105.278775,937,25540.44
72925,39.931991,-105.279249,744,22314.98
72925,39.931991,-105.279249,936,25497.83
72925,39.931997,-105.280631,922,25349.23
72925,39.93202,-105.279367,745,22325.56
72925,39.93202,-105.279367,935,25487.25
72925,39.932045,-105.279423,746,22331.09
72925,39.932045,-105.279423,934,25481.72
72925,39.932061,-105.280711,758,22462.62
72925,39.932063,-105.279463,747,22335.05
72925,39.932063,-105.279463,933,25477.76
72925,39.932067,-105.280591,923,25357.74
72925,39.932106,-105.279557,748,22344.39
72925,39.932106,-105.279557,932,25468.42
72925,39.932126,-105.280491,924,25368.51
72925,39.932133,-105.280646,757,22452.88
72925,39.932142,-105.277285,739,22132.25
72925,39.932142,-105.277285,941,25680.56
72925,39.932189,-105.279682,749,22358.51
72925,39.932189,-105.279682,931,25454.3
72925,39.932195,-105.280502,756,22438.78
72925,39.932242,-105.28042,755,22430.04
72925,39.932242,-105.28042,925,25382.77
72925,39.932256,-105.276946,738,22100.66
72925,39.932256,-105.276946,942,25712.15
72925,39.932266,-105.27987,750,22376.7
72925,39.932266,-105.27987,930,25436.11
72925,39.932312,-105.280276,754,22415.49
72925,39.932312,-105.280276,926,25397.33
72925,39.932332,-105.276816,737,22086.7
72925,39.932332,-105.276816,943,25726.11
72925,39.932342,-105.280214,753,22409.23
72925,39.932342,-105.280214,927,25403.58
72925,39.93236,-105.280163,752,22404.44
72925,39.93236,-105.280163,928,25408.38
72925,39.932363,-105.280106,751,22399.56
72925,39.932363,-105.280106,929,25413.25
72925,39.93249,-105.276555,736,22058.32
72925,39.93249,-105.276555,944,25754.49
72925,39.932617,-105.276346,735,22035.56
72925,39.932617,-105.276346,945,25777.26
72925,39.932693,-105.276081,734,22011.4
72925,39.932693,-105.276081,946,25801.41
72925,39.932778,-105.275702,733,21977.7
72925,39.932778,-105.275702,947,25835.11
72925,39.932802,-105.275389,732,21950.85
72925,39.932802,-105.275389,948,25861.96
72925,39.932813,-105.275088,731,21925.12
72925,39.932813,-105.275088,949,25887.69
72925,39.93282,-105.274528,729,21877.25
72925,39.93282,-105.274528,951,25935.56
72925,39.932827,-105.274844,730,21904.24
72925,39.932827,-105.274844,950,25908.57
72925,39.932841,-105.27435,728,21861.88
72925,39.932841,-105.27435,952,25950.93
72925,39.932866,-105.274261,727,21853.79
72925,39.932866,-105.274261,953,25959.02
72925,39.932892,-105.274185,726,21846.69
72925,39.932892,-105.274185,954,25966.12
72925,39.932926,-105.274107,725,21839.03
72925,39.932926,-105.274107,955,25973.78
72925,39.932998,-105.273978,724,21825.41
72925,39.932998,-105.273978,956,25987.4
72925,39.933248,-105.273585,723,21781.82
72925,39.933248,-105.273585,957,26030.99
72925,39.933271,-105.273549,722,21777.82
72925,39.933271,-105.273549,958,26034.99
72925,39.933546,-105.273144,721,21731.65
72925,39.933546,-105.273144,959,26081.17
72925,39.934021,-105.272483,720,21654.32
72925,39.934021,-105.272483,960,26158.49
72925,39.934306,-105.27209,719,21608.15
72925,39.934306,-105.27209,961,26204.66
72925,39.934533,-105.271767,718,21570.75
72925,39.934533,-105.271767,962,26242.06
72925,39.934933,-105.271218,717,21506.11
72925,39.934933,-105.271218,963,26306.71
72925,39.935145,-105.27092,716,21471.41
72925,39.935145,-105.27092,964,26341.4
72925,39.93527,-105.270669,715,21445.86
72925,39.93527,-105.270669,965,26366.95
72925,39.935321,-105.270541,714,21433.55
72925,39.935321,-105.270541,966,26379.26
72925,39.935371,-105.27039,713,21419.51
72925,39.935371,-105.27039,967,26393.3
72925,39.93541,-105.270244,712,21406.31
72925,39.93541,-105.270244,968,26406.5
72925,39.935447,-105.270093,711,21392.78
72925,39.935447,-105.270093,969,26420.03
72925,39.935479,-105.26992,710,21377.59
72925,39.935479,-105.26992,970,26435.22
72925,39.935505,-105.269684,709,21357.24
72925,39.935505,-105.269684,971,26455.57
72925,39.935524,-105.269478,708,21339.53
72925,39.935524,-105.269478,972,26473.28
72925,39.935552,-105.269169,707,21312.97
72925,39.935552,-105.269169,973,26499.84
72925,39.935585,-105.268836,706,21284.31
72925,39.935585,-105.268836,974,26528.5
72925,39.935604,-105.26868,705,21270.83
72925,39.935604,-105.26868,975,26541.98
72925,39.935626,-105.26849,976,26558.38
72925,39.935709,-105.267787,704,21193.71
72925,39.935709,-105.267787,977,26619.1
72925,39.935767,-105.267316,703,21153
72925,39.935828,-105.266826,702,21110.63
72925,39.935828,-105.266826,978,26702.19
72925,39.935874,-105.266465,701,21079.39
72925,39.935874,-105.266465,979,26733.42
72925,39.935933,-105.266062,700,21044.37
72925,39.935933,-105.266062,980,26768.44
72925,39.936006,-105.265693,699,21011.84
72925,39.936006,-105.265693,981,26800.97
72925,39.936085,-105.265367,698,20982.66
72925,39.936085,-105.265367,982,26830.15
72925,39.936181,-105.265076,697,20955.62
72925,39.936181,-105.265076,983,26857.19
72925,39.936293,-105.264748,696,20924.97
72925,39.936293,-105.264748,984,26887.84
72925,39.936734,-105.263153,695,20780.25
72925,39.936734,-105.263153,985,27032.56
72925,39.93687,-105.262685,694,20737.53
72925,39.93687,-105.262685,986,27075.28
72925,39.937863,-105.259432,693,20438.68
72925,39.937863,-105.259432,987,27374.13
72925,39.938006,-105.256571,676,20118
72925,39.938006,-105.256571,999,27672.46
72925,39.938009,-105.256588,998,27670.97
72925,39.938021,-105.256645,1001,27678.99
72925,39.938021,-105.256645,675,20111.46
72925,39.938021,-105.256645,997,27665.92
72925,39.938055,-105.256462,677,20128.78
72925,39.938071,-105.256719,1002,27687.41
72925,39.938071,-105.256719,674,20103.05
72925,39.938071,-105.256719,996,27657.5
72925,39.938089,-105.256488,678,20133.17
72925,39.938207,-105.256575,679,20148.26
72925,39.938227,-105.256857,1003,27708.39
72925,39.938227,-105.256857,673,20082.06
72925,39.938227,-105.256857,995,27636.52
72925,39.938259,-105.25802,692,20310.35
72925,39.938259,-105.25802,988,27502.46
72925,39.938304,-105.256655,680,20161.03
72925,39.938362,-105.257718,691,20282.14
72925,39.938369,-105.256975,1004,27727.13
72925,39.938369,-105.256975,672,20063.32
72925,39.938369,-105.256975,994,27617.78
72925,39.938403,-105.2576,690,20271.08
72925,39.938403,-105.2576,989,27541.73
72925,39.938437,-105.256767,681,20178.66
72925,39.938459,-105.257046,1005,27738.84
72925,39.938459,-105.257046,671,20051.61
72925,39.938459,-105.257046,686,20206.74
72925,39.938459,-105.257046,993,27606.07
72925,39.938478,-105.25681,682,20184.51
72925,39.938487,-105.256831,683,20186.57
72925,39.938497,-105.257392,689,20250.48
72925,39.938497,-105.257392,990,27562.34
72925,39.938501,-105.256866,684,20189.94
72925,39.938504,-105.256952,685,20197.29
72925,39.938595,-105.257212,688,20231.63
72925,39.938595,-105.257212,991,27581.18
72925,39.938618,-105.257176,1006,27759.73
72925,39.938618,-105.257176,670,20030.72
72925,39.938618,-105.257176,687,20227.63
72925,39.938618,-105.257176,992,27585.18
72925,39.938675,-105.257097,1007,27768.99
72925,39.938877,-105.256817,1008,27801.81
72925,39.938877,-105.256817,669,19988.65
72925,39.939311,-105.256407,1009,27861.46
72925,39.939311,-105.256407,668,19928.99
72925,39.939365,-105.256356,1010,27868.88
72925,39.939365,-105.256356,667,19921.57
72925,39.939565,-105.256166,1011,27896.43
72925,39.939565,-105.256166,666,19894.03
72925,39.939908,-105.25584,1012,27943.67
72925,39.939908,-105.25584,665,19846.78
72925,39.940757,-105.255041,1013,28060.22
72925,39.940757,-105.255041,664,19730.24
72925,39.940895,-105.254895,1014,28080
72925,39.940895,-105.254895,663,19710.45
72925,39.940987,-105.254775,1015,28094.48
72925,39.940987,-105.254775,662,19695.97
72925,39.941096,-105.254609,1016,28113.14
72925,39.941096,-105.254609,661,19677.32
72925,39.941178,-105.254475,1017,28127.77
72925,39.941178,-105.254475,660,19662.68
72925,39.941264,-105.254295,1018,28145.87
72925,39.941264,-105.254295,659,19644.58
72925,39.941448,-105.253865,1019,28187.9
72925,39.941448,-105.253865,658,19602.55
72925,39.941896,-105.252688,1020,28300.05
72925,39.941896,-105.252688,657,19490.4
72925,39.94198,-105.252462,1021,28321.49
72925,39.94198,-105.252462,656,19468.96
72925,39.942004,-105.252403,1022,28327.19
72925,39.942004,-105.252403,655,19463.26
72925,39.942192,-105.251934,1023,28372.36
72925,39.942192,-105.251934,654,19418.1
72925,39.942535,-105.251033,1024,28458.21
72925,39.942535,-105.251033,653,19332.24
72925,39.942731,-105.250551,1025,28504.78
72925,39.942731,-105.250551,652,19285.67
72925,39.942815,-105.250341,1026,28525
72925,39.942815,-105.250341,651,19265.46
72925,39.942899,-105.250132,1027,28545.13
72925,39.942899,-105.250132,650,19245.32
72925,39.942909,-105.250106,1028,28547.62
72925,39.942909,-105.250106,649,19242.84
72925,39.943222,-105.249298,1029,28624.88
72925,39.943222,-105.249298,648,19165.57
72925,39.943238,-105.249256,1030,28628.88
72925,39.943238,-105.249256,647,19161.57
72925,39.943361,-105.248917,1031,28660.89
72925,39.943361,-105.248917,646,19129.56
72925,39.943633,-105.248261,1032,28724.54
72925,39.943633,-105.248261,645,19065.91
72925,39.943791,-105.247935,1033,28757.46
72925,39.943791,-105.247935,644,19033
72925,39.943942,-105.24766,1034,28786.33
72925,39.943942,-105.24766,643,19004.13
72925,39.9441,-105.247428,1035,28812.81
72925,39.9441,-105.247428,642,18977.64
72925,39.94427,-105.247189,1036,28840.64
72925,39.94427,-105.247189,641,18949.82
72925,39.944513,-105.246862,1037,28879.5
72925,39.944513,-105.246862,640,18910.95
72925,39.944864,-105.246422,1038,28933.69
72925,39.944864,-105.246422,639,18856.76
72925,39.945237,-105.245934,1039,28992.5
72925,39.945237,-105.245934,638,18797.95
72925,39.945646,-105.245403,1040,29056.74
72925,39.945646,-105.245403,637,18733.71
72925,39.945915,-105.245045,1041,29099.52
72925,39.945915,-105.245045,636,18690.93
72925,39.946577,-105.244183,1042,29203.65
72925,39.946577,-105.244183,635,18586.8
72925,39.946639,-105.244093,1043,29213.98
72925,39.946639,-105.244093,634,18576.48
72925,39.946814,-105.243875,1044,29240.92
72925,39.946814,-105.243875,633,18549.54
72925,39.947276,-105.243292,1045,29312.47
72925,39.947276,-105.243292,632,18477.98
72925,39.947493,-105.242995,1046,29347.49
72925,39.947493,-105.242995,631,18442.97
72925,39.947783,-105.242605,1047,29393.85
72925,39.947783,-105.242605,630,18396.6
72925,39.948096,-105.242198,1048,29443.05
72925,39.948096,-105.242198,629,18347.4
72925,39.948114,-105.242175,1049,29445.86
72925,39.948114,-105.242175,628,18344.6
72925,39.948443,-105.241729,1050,29498.68
72925,39.948443,-105.241729,627,18291.78
72925,39.948568,-105.241545,1051,29519.66
72925,39.948568,-105.241545,626,18270.79
72925,39.9487,-105.241351,1052,29541.79
72925,39.9487,-105.241351,625,18248.66
72925,39.948818,-105.241152,624,18227.19
72925,39.948857,-105.241085,1053,29570.44
72925,39.948857,-105.241085,623,18220.01
72925,39.949039,-105.240716,1054,29607.89
72925,39.949039,-105.240716,622,18182.56
72925,39.949371,-105.239961,1055,29682.17
72925,39.949371,-105.239961,621,18108.29
72925,39.949666,-105.239256,1056,29750.71
72925,39.949666,-105.239256,620,18039.74
72925,39.949873,-105.238767,1057,29798.38
72925,39.949873,-105.238767,619,17992.07
72925,39.950029,-105.238399,1058,29834.27
72925,39.950029,-105.238399,618,17956.19
72925,39.950356,-105.237644,1059,29908.27
72925,39.950356,-105.237644,617,17882.19
72925,39.950684,-105.236887,1060,29982.47
72925,39.950684,-105.236887,616,17807.98
72925,39.951062,-105.235996,1061,30069.37
72925,39.951062,-105.235996,615,17721.08
72925,39.951283,-105.235543,1062,30115.2
72925,39.951283,-105.235543,614,17675.26
72925,39.951284,-105.23554,1063,30115.48
72925,39.951284,-105.23554,613,17674.98
72925,39.951671,-105.234644,1064,30203.24
72925,39.951671,-105.234644,612,17587.21
72925,39.951983,-105.233947,1065,30272.12
72925,39.951983,-105.233947,611,17518.34
72925,39.952177,-105.233577,1066,30310.37
72925,39.952177,-105.233577,610,17480.08
72925,39.95233,-105.233348,1067,30336.29
72925,39.95233,-105.233348,609,17454.16
72925,39.952485,-105.233157,1068,30360.03
72925,39.952485,-105.233157,608,17430.43
72925,39.952634,-105.233011,1069,30380.77
72925,39.952634,-105.233011,607,17409.68
72925,39.952779,-105.232895,1070,30399.71
72925,39.952779,-105.232895,606,17390.75
72925,39.95294,-105.232789,1071,30419.78
72925,39.95294,-105.232789,605,17370.67
72925,39.953065,-105.23272,1072,30434.89
72925,39.953065,-105.23272,604,17355.56
72925,39.953125,-105.232687,1073,30442.14
72925,39.953125,-105.232687,603,17348.31
72925,39.953343,-105.232582,1074,30468.01
72925,39.953343,-105.232582,602,17322.44
72925,39.953486,-105.232524,1075,30484.68
72925,39.953486,-105.232524,601,17305.77
72925,39.953543,-105.231394,1097,30594.59
72925,39.953543,-105.231394,579,17195.86
72925,39.953544,-105.231317,1098,30601.17
72925,39.953544,-105.231317,578,17189.29
72925,39.953548,-105.231501,1096,30585.45
72925,39.953548,-105.231501,580,17205.01
72925,39.95355,-105.231548,1095,30581.43
72925,39.95355,-105.231548,581,17209.02
72925,39.953553,-105.23249,1076,30492.68
72925,39.953553,-105.23249,600,17297.77
72925,39.953563,-105.231239,1099,30608.15
72925,39.953563,-105.231239,577,17182.3
72925,39.953572,-105.231701,1094,30568.15
72925,39.953572,-105.231701,582,17222.31
72925,39.953581,-105.23173,1093,30565.48
72925,39.953581,-105.23173,583,17224.98
72925,39.953581,-105.232471,1077,30496.2
72925,39.953581,-105.232471,599,17294.26
72925,39.953585,-105.231745,1092,30564.12
72925,39.953585,-105.231745,584,17226.33
72925,39.953589,-105.231762,1091,30562.6
72925,39.953589,-105.231762,585,17227.85
72925,39.953605,-105.232449,1078,30499.46
72925,39.953605,-105.232449,598,17290.99
72925,39.953621,-105.231116,1100,30620.47
72925,39.953621,-105.231116,576,17169.98
72925,39.953623,-105.23243,1079,30502.04
72925,39.953623,-105.23243,597,17288.42
72925,39.953636,-105.23194,1090,30546.54
72925,39.953636,-105.23194,586,17243.92
72925,39.953639,-105.232407,1080,30504.69
72925,39.953639,-105.232407,596,17285.76
72925,39.953644,-105.231971,1089,30543.75
72925,39.953644,-105.231971,587,17246.71
72925,39.953653,-105.232381,1081,30507.4
72925,39.953653,-105.232381,595,17283.05
72925,39.953667,-105.232056,1088,30536.05
72925,39.953667,-105.232056,588,17254.4
72925,39.953671,-105.23234,1082,30511.43
72925,39.953671,-105.23234,594,17279.02
72925,39.95368,-105.232302,1083,30514.83
72925,39.95368,-105.232302,593,17275.63
72925,39.953685,-105.232183,1087,30525.03
72925,39.953685,-105.232183,589,17265.42
72925,39.953685,-105.232264,1084,30518.12
72925,39.953685,-105.232264,592,17272.34
72925,39.953686,-105.2322,1086,30523.58
72925,39.953686,-105.2322,590,17266.87
72925,39.953686,-105.232216,1085,30522.21
72925,39.953686,-105.232216,591,17268.24
72925,39.953691,-105.231022,1101,30631.66
72925,39.953691,-105.231022,575,17158.8
72925,39.953777,-105.230946,1102,30643.22
72925,39.953777,-105.230946,574,17147.23
72925,39.953874,-105.230893,1103,30654.93
72925,39.953875,-105.230893,573,17135.42
72925,39.953968,-105.230859,1104,30665.78
72925,39.953968,-105.230859,572,17124.67
72925,39.954056,-105.23083,1105,30675.89
72925,39.954056,-105.23083,571,17114.57
72925,39.9541,-105.230816,1106,30680.93
72925,39.954106,-105.230814,1107,30681.62
72925,39.954106,-105.230814,570,17108.84
72925,39.954227,-105.230776,1108,30695.47
72925,39.954227,-105.230776,569,17094.98
72925,39.954317,-105.230747,1109,30705.79
72925,39.954317,-105.230747,568,17084.66
72925,39.954455,-105.230688,1110,30721.96
72925,39.954455,-105.230688,567,17068.5
72925,39.954593,-105.23061,1111,30738.7
72925,39.954593,-105.23061,566,17051.76
72925,39.954721,-105.230514,1112,30755.14
72925,39.954721,-105.230514,565,17035.32
72925,39.954726,-105.222818,1147,31505.8
72925,39.954726,-105.222818,534,16267.86
72925,39.954731,-105.222568,1148,31527.14
72925,39.954731,-105.222568,533,16246.52
72925,39.954738,-105.223173,1146,31475.48
72925,39.954738,-105.223173,535,16298.19
72925,39.954739,-105.222432,1149,31538.78
72925,39.954739,-105.222432,532,16234.88
72925,39.95477,-105.222169,1150,31561.49
72925,39.95477,-105.222169,531,16212.18
72925,39.954772,-105.223548,1145,31443.26
72925,39.954772,-105.223548,536,16330.41
72925,39.954778,-105.223633,1144,31435.98
72925,39.954778,-105.223633,537,16337.69
72925,39.954786,-105.223743,1143,31426.55
72925,39.954786,-105.223743,538,16347.12
72925,39.954789,-105.222063,1151,31570.78
72925,39.954789,-105.222063,530,16202.89
72925,39.954826,-105.224113,1142,31394.66
72925,39.954826,-105.224113,539,16379.01
72925,39.954839,-105.230407,1113,30771.13
72925,39.954839,-105.230407,564,17019.32
72925,39.954852,-105.224348,1141,31374.4
72925,39.954852,-105.224348,540,16399.27
72925,39.954876,-105.221656,1152,31606.83
72925,39.954876,-105.221656,529,16166.83
72925,39.954892,-105.224716,1140,31342.68
72925,39.954892,-105.224716,541,16430.98
72925,39.954951,-105.225319,1139,31290.81
72925,39.954951,-105.225319,542,16482.86
72925,39.954953,-105.22132,1153,31636.76
72925,39.954953,-105.22132,528,16136.91
72925,39.954989,-105.230255,1114,30792.28
72925,39.954989,-105.230255,563,16998.18
72925,39.954993,-105.23025,1115,30792.9
72925,39.954993,-105.23025,562,16997.56
72925,39.955007,-105.22579,1138,31250.14
72925,39.955007,-105.22579,543,16523.53
72925,39.955046,-105.226107,1137,31222.74
72925,39.955046,-105.226107,544,16550.93
72925,39.955108,-105.220702,1154,31692.25
72925,39.955108,-105.220702,527,16081.42
72925,39.955116,-105.22651,1136,31187.48
72925,39.955116,-105.22651,545,16586.19
72925,39.955188,-105.226784,1135,31162.77
72925,39.955188,-105.226784,546,16610.9
72925,39.955203,-105.220366,1155,31722.81
72925,39.955203,-105.220366,526,16050.86
72925,39.955219,-105.16809,1379,37313.57
72925,39.955221,-105.167834,1380,37335.42
72925,39.955221,-105.168459,1378,37282.08
72925,39.955222,-105.167631,1382,37352.74
72925,39.955222,-105.167699,1381,37346.94
72925,39.955223,-105.16754,1383,37360.51
72925,39.955226,-105.166911,1384,37414.18
72925,39.955226,-105.16862,1377,37268.33
72925,39.955227,-105.166781,1385,37425.27
72925,39.955232,-105.165613,1392,37524.94
72925,39.955232,-105.165927,1389,37498.15
72925,39.955232,-105.165945,1388,37496.61
72925,39.955232,-105.165964,1387,37494.99
72925,39.955232,-105.165999,1386,37492.01
72925,39.955233,-105.165772,1391,37511.38
72925,39.955233,-105.165791,1390,37509.75
72925,39.955241,-105.168762,1376,37256.1
72925,39.955259,-105.229962,1116,30831.38
72925,39.955259,-105.229962,561,16959.08
72925,39.95526,-105.227008,1134,31142.04
72925,39.95526,-105.227008,547,16631.63
72925,39.955261,-105.229959,1117,30831.72
72925,39.955261,-105.229959,560,16958.74
72925,39.955265,-105.168885,1375,37245.27
72925,39.955274,-105.220148,1156,31743.02
72925,39.955274,-105.220148,525,16030.65
72925,39.955292,-105.169001,1374,37234.93
72925,39.95532,-105.229895,1118,30840.26
72925,39.95532,-105.229895,559,16950.2
72925,39.955331,-105.169126,1373,37223.41
72925,39.955356,-105.227235,1133,31119.92
72925,39.955356,-105.227235,548,16653.75
72925,39.955359,-105.168446,310,10556.46
72925,39.955362,-105.168131,309,10529.58
72925,39.955363,-105.165622,1393,37539.55
72925,39.955363,-105.167863,307,10506.71
72925,39.955363,-105.168037,308,10521.55
72925,39.955365,-105.166526,306,10392.62
72925,39.955371,-105.168659,311,10574.68
72925,39.955383,-105.169253,1372,37211.12
72925,39.95539,-105.168787,312,10585.81
72925,39.955393,-105.219826,1157,31773.52
72925,39.955393,-105.219826,524,16000.15
72925,39.955404,-105.166261,305,10369.59
72925,39.955419,-105.168917,313,10597.36
72925,39.955432,-105.16615,304,10359.62
72925,39.955436,-105.169379,1371,37198.86
72925,39.955438,-105.166133,303,10358.02
72925,39.955453,-105.169033,314,10607.96
72925,39.955454,-105.165629,1394,37549.7
72925,39.955461,-105.166067,302,10351.84
72925,39.955469,-105.16563,1395,37551.37
72925,39.955484,-105.165631,1396,37553.04
72925,39.95549,-105.169475,1370,37188.7
72925,39.955495,-105.169138,315,10618.06
72925,39.955496,-105.166018,301,10346.12
72925,39.955509,-105.166008,300,10344.44
72925,39.955543,-105.169237,316,10628.06
72925,39.95555,-105.169571,1369,37178.13
72925,39.955553,-105.165975,299,10338.79
72925,39.95556,-105.169581,1368,37176.73
72925,39.955564,-105.21941,1158,31813.8
72925,39.955564,-105.21941,523,15959.87
72925,39.95557,-105.169593,1367,37175.21
72925,39.955594,-105.169333,317,10638.03
72925,39.955622,-105.169676,1366,37166.07
72925,39.955636,-105.165936,298,10328.97
72925,39.955641,-105.169403,318,10645.97
72925,39.955642,-105.229559,1119,30886.16
72925,39.955642,-105.229559,558,16904.3
72925,39.955651,-105.165933,297,10327.28
72925,39.955658,-105.169427,319,10648.76
72925,39.955667,-105.169439,320,10650.19
72925,39.955673,-105.227905,1132,31052.73
72925,39.955673,-105.227905,549,16720.94
72925,39.955677,-105.169453,321,10651.82
72925,39.955694,-105.169756,1365,37155.54
72925,39.955712,-105.218991,1159,31853.17
72925,39.955712,-105.218991,522,15920.5
72925,39.955726,-105.169516,322,10659.48
72925,39.955735,-105.165649,1397,37581.02
72925,39.955748,-105.16981,1364,37147.96
72925,39.95576,-105.169821,1363,37146.33
72925,39.955768,-105.228114,1131,31032
72925,39.955773,-105.169834,1362,37144.51
72925,39.955784,-105.169844,1361,37143.02
72925,39.9558,-105.169606,323,10670.74
72925,39.955801,-105.228186,1130,31024.84
72925,39.955801,-105.228186,550,16748.83
72925,39.955809,-105.218668,1160,31882.77
72925,39.955809,-105.218668,521,15890.9
72925,39.955827,-105.165653,1398,37591.27
72925,39.955837,-105.218563,1161,31892.26
72925,39.955837,-105.218563,520,15881.41
72925,39.955841,-105.16965,324,10676.65
72925,39.955853,-105.169905,1360,37133.74
72925,39.955858,-105.169665,325,10678.94
72925,39.955869,-105.169677,326,10680.53
72925,39.955881,-105.169686,327,10682.07
72925,39.955884,-105.229331,1120,30919.39
72925,39.955884,-105.229331,557,16871.07
72925,39.955893,-105.218354,1162,31911.15
72925,39.955893,-105.218354,519,15862.52
72925,39.955896,-105.169701,328,10684.18
72925,39.9559,-105.228437,1129,31000.75
72925,39.9559,-105.228437,551,16772.92
72925,39.955903,-105.228445,1128,30999.99
72925,39.955903,-105.228445,552,16773.68
72925,39.955911,-105.229271,1121,30925.32
72925,39.955923,-105.165891,296,10296.79
72925,39.955923,-105.169957,1359,37124.77
72925,39.955926,-105.22929,556,16865.23
72925,39.955957,-105.229171,1122,30935.28
72925,39.955963,-105.218043,1163,31938.81
72925,39.955963,-105.218043,518,15834.86
72925,39.955963,-105.228604,1127,30984.87
72925,39.955963,-105.228604,553,16788.8
72925,39.955964,-105.169758,329,10693.17
72925,39.955984,-105.229076,1123,30943.92
72925,39.955988,-105.228712,1126,30975.24
72925,39.955998,-105.228971,1124,30953.02
72925,39.956002,-105.228832,1125,30964.89
72925,39.956005,-105.170011,1358,37114.55
72925,39.956017,-105.229202,555,16852.62
72925,39.956045,-105.169808,330,10703.15
72925,39.956054,-105.170038,1357,37108.62
72925,39.956065,-105.217549,1164,31982.46
72925,39.956065,-105.217549,517,15791.21
72925,39.956079,-105.170051,1356,37105.63
72925,39.956106,-105.165668,1399,37622.35
72925,39.95611,-105.165915,295,10275.87
72925,39.956117,-105.165916,294,10275.09
72925,39.956123,-105.169851,331,10712.58
72925,39.956149,-105.229088,554,16835
72925,39.956165,-105.170091,1355,37095.46
72925,39.956197,-105.165928,293,10266.13
72925,39.956209,-105.16989,332,10722.71
72925,39.956238,-105.16571,1400,37637.48
72925,39.956259,-105.21661,1165,32065.45
72925,39.956259,-105.21661,516,15708.22
72925,39.956261,-105.16594,292,10258.93
72925,39.956266,-105.170125,1354,37083.85
72925,39.956284,-105.169915,333,10731.33
72925,39.956319,-105.165953,291,10252.38
72925,39.956357,-105.165961,290,10248.09
72925,39.956369,-105.169939,334,10741.01
72925,39.956369,-105.170144,1353,37072.27
72925,39.956382,-105.165727,1401,37653.57
72925,39.956392,-105.165966,289,10244.17
72925,39.956399,-105.215934,1166,32125.2
72925,39.956399,-105.215934,515,15648.47
72925,39.956408,-105.169945,335,10745.38
72925,39.956423,-105.165967,288,10240.72
72925,39.956444,-105.165737,1402,37660.53
72925,39.956452,-105.165966,287,10237.49
72925,39.956454,-105.21571,1167,32145.27
72925,39.956454,-105.21571,514,15628.4
72925,39.956457,-105.169952,336,10750.87
72925,39.956474,-105.170157,1352,37060.53
72925,39.956486,-105.165963,286,10233.7
72925,39.956495,-105.165746,1403,37666.26
72925,39.95653,-105.165969,285,10228.77
72925,39.956545,-105.165758,1404,37671.92
72925,39.956554,-105.16996,337,10761.69
72925,39.956554,-105.215374,1168,32176.02
72925,39.956554,-105.215374,513,15597.64
72925,39.956562,-105.165978,284,10225.13
72925,39.956598,-105.165991,283,10220.97
72925,39.956603,-105.165774,1405,37678.52
72925,39.956643,-105.166012,282,10215.65
72925,39.956654,-105.169965,338,10772.83
72925,39.95667,-105.215049,1169,32206.62
72925,39.95667,-105.215049,512,15567.05
72925,39.956673,-105.170164,1351,37038.37
72925,39.956679,-105.165798,1406,37687.22
72925,39.956683,-105.166031,281,10210.91
72925,39.956706,-105.166043,280,10208.15
72925,39.956723,-105.166053,279,10206.08
72925,39.956738,-105.166063,278,10204.2
72925,39.956764,-105.166084,277,10200.8
72925,39.956765,-105.214841,1170,32227.28
72925,39.956765,-105.214841,511,15546.39
72925,39.956775,-105.165829,1407,37698.23
72925,39.95681,-105.166124,276,10194.65
72925,39.956846,-105.16616,275,10189.6
72925,39.956859,-105.165856,1408,37707.86
72925,39.956864,-105.214641,1171,32247.59
72925,39.956864,-105.214641,510,15526.08
72925,39.956877,-105.166196,274,10184.98
72925,39.956912,-105.166244,273,10179.32
72925,39.956935,-105.16588,1409,37716.57
72925,39.956943,-105.166297,272,10173.63
72925,39.956975,-105.166356,271,10167.47
72925,39.95698,-105.170164,1350,37004.2
72925,39.956998,-105.165895,1410,37723.69
72925,39.957001,-105.169958,339,10811.46
72925,39.957023,-105.166453,270,10157.62
72925,39.95703,-105.165902,1411,37727.31
72925,39.957045,-105.165906,1412,37729.01
72925,39.957057,-105.166522,269,10150.62
72925,39.957061,-105.165906,1413,37730.79
72925,39.9571,-105.169957,340,10822.48
72925,39.957101,-105.165908,1414,37735.25
72925,39.957105,-105.166608,268,10141.54
72925,39.95712,-105.214167,1172,32297.07
72925,39.95712,-105.214167,509,15476.6
72925,39.957144,-105.166669,267,10134.76
72925,39.957148,-105.165906,1415,37740.48
72925,39.957183,-105.165901,1416,37744.4
72925,39.957183,-105.166722,266,10128.49
72925,39.957218,-105.165894,1417,37748.34
72925,39.957224,-105.213952,1173,32318.76
72925,39.957224,-105.213952,508,15454.91
72925,39.957225,-105.166772,265,10122.16
72925,39.957251,-105.165885,1418,37752.1
72925,39.957258,-105.166806,264,10117.48
72925,39.957272,-105.213843,1174,32329.49
72925,39.957272,-105.213843,507,15444.18
72925,39.957296,-105.165869,1419,37757.29
72925,39.957306,-105.166853,263,10110.8
72925,39.957326,-105.165858,1420,37760.76
72925,39.957334,-105.213694,1175,32343.95
72925,39.957334,-105.213694,506,15429.71
72925,39.957355,-105.170163,1349,36962.45
72925,39.957362,-105.166898,262,10103.48
72925,39.957365,-105.213619,1176,32351.23
72925,39.957365,-105.213619,505,15422.44
72925,39.957371,-105.165839,1421,37766.02
72925,39.957438,-105.16696,261,10093.5
72925,39.957442,-105.165809,1422,37774.33
72925,39.957475,-105.170165,1348,36949.09
72925,39.957496,-105.169953,341,10866.57
72925,39.957497,-105.165788,1423,37780.71
72925,39.957501,-105.167014,260,10085.11
72925,39.957518,-105.169953,342,10869.02
72925,39.957521,-105.167032,259,10082.4
72925,39.957528,-105.170165,1347,36943.19
72925,39.957531,-105.169953,343,10870.46
72925,39.957539,-105.165776,1424,37785.5
72925,39.957546,-105.169953,344,10872.13
72925,39.957577,-105.167081,258,10074.9
72925,39.957585,-105.165766,1425,37790.69
72925,39.957591,-105.170164,1284,36451.18
72925,39.957591,-105.170164,1346,36936.18
72925,39.957603,-105.169952,1285,36469.31
72925,39.957603,-105.169952,345,10878.48
72925,39.957604,-105.167105,257,10071.26
72925,39.957606,-105.1699,1286,36473.76
72925,39.95761,-105.169847,1287,36478.31
72925,39.95761,-105.169847,346,10887.47
72925,39.957612,-105.169827,1288,36480.03
72925,39.957612,-105.169827,347,10889.19
72925,39.957614,-105.169808,1289,36481.67
72925,39.957617,-105.169761,1290,36485.69
72925,39.957617,-105.169761,348,10894.85
72925,39.957618,-105.169113,1295,36540.99
72925,39.957618,-105.169113,351,10950.15
72925,39.957618,-105.169161,1294,36536.89
72925,39.957618,-105.169161,350,10946.05
72925,39.95762,-105.169242,1293,36529.98
72925,39.95762,-105.169257,1292,36528.7
72925,39.95762,-105.169257,349,10937.86
72925,39.95762,-105.169273,1291,36527.33
72925,39.957621,-105.168453,1296,36597.31
72925,39.957621,-105.168454,352,11006.38
72925,39.957623,-105.16712,256,10068.79
72925,39.957625,-105.1684,1297,36601.85
72925,39.957625,-105.1684,353,11011.01
72925,39.957651,-105.168343,1298,36607.51
72925,39.957651,-105.168343,354,11016.67
72925,39.957672,-105.16831,1299,36611.17
72925,39.957672,-105.16831,355,11020.33
72925,39.95768,-105.1683,1300,36612.4
72925,39.95768,-105.1683,356,11021.56
72925,39.957686,-105.169177,1335,36841.11
72925,39.957686,-105.169177,391,11250.26
72925,39.957686,-105.169849,1343,36898.53
72925,39.957686,-105.169954,1344,36907.49
72925,39.957686,-105.169954,397,11316.63
72925,39.957687,-105.168292,1301,36613.44
72925,39.957687,-105.168292,357,11022.6
72925,39.957687,-105.169792,1340,36893.66
72925,39.957687,-105.169792,396,11302.81
72925,39.957687,-105.169807,1341,36894.94
72925,39.957687,-105.169825,1342,36896.48
72925,39.957688,-105.169579,1339,36875.48
72925,39.957688,-105.169579,395,11284.63
72925,39.95769,-105.170161,1283,36440.15
72925,39.95769,-105.170161,1345,36925.15
72925,39.957694,-105.16925,1336,36847.4
72925,39.957694,-105.16925,392,11256.55
72925,39.957694,-105.169268,1337,36848.94
72925,39.957694,-105.169268,393,11258.09
72925,39.957694,-105.169281,1338,36850.05
72925,39.957694,-105.169281,394,11259.2
72925,39.957702,-105.168275,1302,36615.65
72925,39.957702,-105.168275,358,11024.81
72925,39.957721,-105.169176,1334,36837.21
72925,39.957721,-105.169176,390,11246.36
72925,39.957727,-105.212686,1177,32440.46
72925,39.957727,-105.212686,504,15333.21
72925,39.957733,-105.168247,1303,36619.85
72925,39.957733,-105.168247,359,11029.01
72925,39.957734,-105.169178,1333,36835.76
72925,39.957734,-105.169178,389,11244.9
72925,39.957748,-105.169176,1332,36834.19
72925,39.957748,-105.169176,388,11243.34
72925,39.957771,-105.16823,1304,36624.32
72925,39.957771,-105.16823,360,11033.48
72925,39.957784,-105.170161,1282,36429.69
72925,39.957797,-105.170161,1281,36428.24
72925,39.957798,-105.167267,255,10045.62
72925,39.957798,-105.169952,398,11329.1
72925,39.957804,-105.168224,1305,36628.03
72925,39.957804,-105.168224,361,11037.19
72925,39.95781,-105.169169,1331,36827.26
72925,39.95781,-105.169169,387,11236.41
72925,39.957811,-105.169952,399,11330.55
72925,39.957812,-105.170161,1280,36426.57
72925,39.957835,-105.170161,1279,36424.01
72925,39.957837,-105.168223,1306,36631.7
72925,39.957844,-105.168224,362,11041.64
72925,39.95785,-105.169169,386,11231.96
72925,39.957853,-105.212395,1178,32468.97
72925,39.957853,-105.212395,503,15304.7
72925,39.957866,-105.168226,1307,36634.94
72925,39.957866,-105.168226,363,11044.1
72925,39.957892,-105.168239,1308,36638.04
72925,39.957892,-105.168239,364,11047.2
72925,39.957892,-105.169168,1330,36818.13
72925,39.957892,-105.169168,385,11227.28
72925,39.957922,-105.168257,1309,36641.72
72925,39.957922,-105.168257,365,11050.87
72925,39.95797,-105.168298,1310,36648.1
72925,39.95797,-105.168298,366,11057.26
72925,39.957972,-105.169167,1329,36809.23
72925,39.957972,-105.169167,384,11218.37
72925,39.957989,-105.212111,1179,32497.55
72925,39.957989,-105.212111,502,15276.12
72925,39.957999,-105.168321,1311,36651.88
72925,39.957999,-105.168321,367,11061.04
72925,39.958027,-105.167458,254,10015.36
72925,39.958047,-105.168357,1312,36658.05
72925,39.958047,-105.168357,368,11067.2
72925,39.958077,-105.170164,1278,36397.07
72925,39.95808,-105.169957,400,11360.5
72925,39.958086,-105.167507,253,10007.58
72925,39.958113,-105.165653,1426,37850.25
72925,39.958128,-105.167543,252,10001.98
72925,39.958139,-105.168427,1313,36669.9
72925,39.958139,-105.168427,369,11079.06
72925,39.95814,-105.169165,1328,36790.52
72925,39.95814,-105.169165,383,11199.67
72925,39.958168,-105.167579,251,9996.57
72925,39.958192,-105.165664,1427,37859.09
72925,39.958193,-105.167603,250,9993.12
72925,39.958227,-105.167635,249,9988.45
72925,39.958228,-105.169164,1327,36780.73
72925,39.958228,-105.169164,382,11189.87
72925,39.958235,-105.165674,1428,37863.96
72925,39.958263,-105.167672,248,9983.35
72925,39.958271,-105.17016,1277,36375.47
72925,39.958275,-105.165686,1429,37868.53
72925,39.958285,-105.169944,401,11383.34
72925,39.958295,-105.211509,1180,32559.18
72925,39.958295,-105.211509,501,15214.49
72925,39.95831,-105.16853,1314,36690.87
72925,39.95831,-105.16853,370,11100.02
72925,39.958315,-105.169164,1326,36771.04
72925,39.958315,-105.169164,381,11180.19
72925,39.958319,-105.165707,1430,37873.74
72925,39.95832,-105.167734,247,9975.09
72925,39.958324,-105.21145,1181,32565.16
72925,39.958324,-105.21145,500,15208.51
72925,39.958361,-105.165733,1431,37878.92
72925,39.95837,-105.167796,246,9967.41
72925,39.958376,-105.170164,1276,36363.78
72925,39.958389,-105.169946,402,11394.92
72925,39.958392,-105.165759,1432,37883.02
72925,39.958417,-105.16786,245,9959.85
72925,39.958424,-105.169161,1325,36758.91
72925,39.958424,-105.169161,380,11168.05
72925,39.958425,-105.165794,1433,37887.75
72925,39.958442,-105.168609,1315,36707.03
72925,39.958442,-105.168609,371,11116.19
72925,39.958454,-105.165834,1434,37892.45
72925,39.958454,-105.169135,1324,36754.9
72925,39.958454,-105.169135,379,11164.04
72925,39.958461,-105.168631,1316,36709.86
72925,39.958461,-105.168631,372,11119.02
72925,39.958472,-105.169105,1323,36751.65
72925,39.958472,-105.169105,378,11160.79
72925,39.958473,-105.168654,1317,36712.24
72925,39.958473,-105.168654,373,11121.39
72925,39.958479,-105.165875,1435,37896.92
72925,39.95848,-105.167953,244,9949.26
72925,39.958487,-105.168685,1318,36715.31
72925,39.958487,-105.168685,374,11124.46
72925,39.958488,-105.169061,1322,36747.49
72925,39.958488,-105.169061,377,11156.64
72925,39.958492,-105.168718,1319,36718.18
72925,39.958492,-105.168723,375,11127.75
72925,39.958492,-105.169958,403,11406.43
72925,39.958493,-105.168926,1320,36735.93
72925,39.958494,-105.169002,1321,36742.41
72925,39.958494,-105.169002,376,11151.56
72925,39.958501,-105.165918,1436,37901.33
72925,39.958517,-105.168012,243,9942.75
72925,39.958519,-105.165968,1437,37906.05
72925,39.958531,-105.17019,1275,36346.38
72925,39.958532,-105.166019,1438,37910.63
72925,39.958532,-105.211031,1182,32607.76
72925,39.958532,-105.211031,499,15165.91
72925,39.958541,-105.166082,1439,37916.1
72925,39.958561,-105.166305,1440,37935.26
72925,39.958563,-105.16809,242,9934.35
72925,39.95857,-105.166379,1441,37941.65
72925,39.958573,-105.166408,1442,37944.15
72925,39.958581,-105.166465,1443,37949.09
72925,39.958589,-105.166509,1444,37952.95
72925,39.958596,-105.166555,1445,37956.95
72925,39.958605,-105.166598,1446,37960.76
72925,39.958606,-105.168166,241,9926.29
72925,39.958616,-105.16999,404,11420.5
72925,39.958619,-105.166659,1447,37966.19
72925,39.958642,-105.166753,1448,37974.61
72925,39.958647,-105.168244,240,9918.22
72925,39.958647,-105.169998,405,11424.02
72925,39.958681,-105.166892,1449,37987.24
72925,39.958685,-105.17024,1274,36328.72
72925,39.958693,-105.168334,239,9908.99
72925,39.958695,-105.210681,1183,32642.7
72925,39.958695,-105.210681,498,15130.97
72925,39.958737,-105.168423,238,9899.96
72925,39.958741,-105.167104,1450,38006.52
72925,39.958784,-105.170285,1273,36317.05
72925,39.958785,-105.168534,237,9889.08
72925,39.958796,-105.170062,406,11441.48
72925,39.958796,-105.210433,1184,32666.67
72925,39.958796,-105.210433,497,15107
72925,39.958831,-105.167419,1451,38035.21
72925,39.958853,-105.168689,236,9873.84
72925,39.95887,-105.168729,235,9869.94
72925,39.958912,-105.170128,407,11455.57
72925,39.958916,-105.21012,1185,32696.53
72925,39.958916,-105.21012,496,15077.14
72925,39.958927,-105.170372,1272,36299.48
72925,39.958957,-105.168934,234,9849.95
72925,39.958997,-105.168034,1452,38090.84
72925,39.958998,-105.170189,408,11466.47
72925,39.959018,-105.170442,1271,36287.72
72925,39.959062,-105.168273,1453,38112.48
72925,39.959095,-105.170276,409,11479.57
72925,39.959099,-105.170516,1270,36276.71
72925,39.959112,-105.168451,1454,38128.66
72925,39.959139,-105.169364,233,9808.03
72925,39.95914,-105.168549,1455,38137.58
72925,39.959166,-105.170586,1269,36267.16
72925,39.959167,-105.170356,410,11490.1
72925,39.959174,-105.168665,1456,38148.18
72925,39.959206,-105.168768,1457,38157.66
72925,39.959241,-105.170459,411,11502.15
72925,39.959244,-105.170678,1268,36255.45
72925,39.959287,-105.16903,1458,38181.77
72925,39.959296,-105.170557,412,11512.51
72925,39.959304,-105.209007,1186,32800.86
72925,39.959304,-105.209007,495,14972.81
72925,39.959317,-105.170781,1267,36243.48
72925,39.959345,-105.169176,1459,38195.8
72925,39.959349,-105.170674,413,11524.11
72925,39.959394,-105.170905,1266,36229.87
72925,39.959407,-105.170826,414,11538.59
72925,39.959429,-105.170889,415,11544.5
72925,39.959505,-105.169583,1460,38234.83
72925,39.959507,-105.171121,1265,36207.55
72925,39.959507,-105.171121,416,11566.12
72925,39.959541,-105.170415,232,9707.81
72925,39.959594,-105.16981,1461,38256.58
72925,39.959702,-105.207837,1187,32910.08
72925,39.959702,-105.207837,494,14863.59
72925,39.959717,-105.171659,1264,36156.04
72925,39.959717,-105.171659,417,11617.63
72925,39.959754,-105.171757,1263,36146.72
72925,39.959754,-105.171757,418,11626.95
72925,39.95982,-105.170384,1462,38311.64
72925,39.959883,-105.172076,1262,36115.94
72925,39.959883,-105.172076,419,11657.73
72925,39.959987,-105.171569,231,9597.53
72925,39.9601,-105.172635,1261,36062.48
72925,39.9601,-105.172635,420,11711.19
72925,39.960109,-105.17187,230,9568.48
72925,39.960232,-105.172981,1260,36029.5
72925,39.960232,-105.172981,421,11744.17
72925,39.960283,-105.1723,229,9526.99
72925,39.960407,-105.173439,1259,35985.83
72925,39.960407,-105.173439,422,11787.84
72925,39.960438,-105.20563,1188,33115.44
72925,39.960438,-105.20563,493,14658.23
72925,39.960503,-105.172854,228,9473.76
72925,39.960512,-105.205383,1189,33138.07
72925,39.960512,-105.205383,492,14635.6
72925,39.960596,-105.20505,1190,33167.98
72925,39.960596,-105.20505,491,14605.69
72925,39.960647,-105.174067,1258,35925.96
72925,39.960647,-105.174067,423,11847.71
72925,39.960656,-105.204713,1191,33197.5
72925,39.960656,-105.204713,490,14576.17
72925,39.960663,-105.173263,227,9434.58
72925,39.960707,-105.20436,1192,33228.15
72925,39.960707,-105.20436,489,14545.52
72925,39.960752,-105.204007,1193,33258.69
72925,39.960752,-105.204007,488,14514.98
72925,39.960777,-105.172854,1463,38547.79
72925,39.960845,-105.174573,1257,35877.48
72925,39.960845,-105.174573,424,11896.19
72925,39.960953,-105.174848,1256,35851.12
72925,39.960953,-105.174848,425,11922.55
72925,39.960992,-105.202209,1194,33414.41
72925,39.960992,-105.202209,487,14359.26
72925,39.961001,-105.173476,1464,38606.43
72925,39.961038,-105.175066,1255,35830.25
72925,39.961038,-105.175066,426,11943.42
72925,39.961043,-105.201826,1195,33447.58
72925,39.961097,-105.175214,1254,35816.01
72925,39.961097,-105.175214,427,11957.65
72925,39.961154,-105.175349,1253,35802.86
72925,39.961154,-105.175349,428,11970.81
72925,39.961219,-105.200514,1196,33561.22
72925,39.961219,-105.200514,486,14212.44
72925,39.961264,-105.200175,1197,33590.58
72925,39.961264,-105.200175,485,14183.09
72925,39.961379,-105.174446,1465,38699.28
72925,39.961664,-105.176627,1252,35679.93
72925,39.961664,-105.176627,429,12093.74
72925,39.961668,-105.176638,1251,35678.89
72925,39.961668,-105.176638,430,12094.78
72925,39.961777,-105.19628,1198,33927.79
72925,39.961777,-105.19628,484,13845.88
72925,39.961875,-105.177168,1250,35628.13
72925,39.961875,-105.177168,431,12145.54
72925,39.961888,-105.175761,1466,38824.97
72925,39.962035,-105.194294,1199,34099.66
72925,39.962035,-105.194294,483,13674.01
72925,39.962067,-105.176867,226,9089.63
72925,39.962121,-105.193614,482,13615.21
72925,39.962133,-105.177839,1249,35564.08
72925,39.962133,-105.177839,432,12209.59
72925,39.962167,-105.193255,1200,34189.52
72925,39.962167,-105.193255,481,13584.15
72925,39.962209,-105.192886,1201,34221.34
72925,39.962209,-105.192886,480,13552.32
72925,39.962236,-105.192673,1202,34239.77
72925,39.962236,-105.192673,479,13533.9
72925,39.962237,-105.17811,1248,35538.22
72925,39.962237,-105.17811,433,12235.45
72925,39.962268,-105.176737,1467,38918.38
72925,39.962362,-105.191681,1203,34325.56
72925,39.962362,-105.191681,478,13448.11
72925,39.962377,-105.191561,1204,34335.93
72925,39.962377,-105.191561,477,13437.73
72925,39.962393,-105.191438,1205,34346.58
72925,39.962393,-105.191438,476,13427.09
72925,39.962494,-105.190643,1206,34415.34
72925,39.962494,-105.190643,475,13358.33
72925,39.962621,-105.189643,1207,34501.82
72925,39.962621,-105.189643,474,13271.85
72925,39.962662,-105.189374,1208,34525.22
72925,39.962662,-105.189374,473,13248.45
72925,39.962681,-105.179254,1247,35428.81
72925,39.962681,-105.179254,434,12344.86
72925,39.96274,-105.188749,1209,34579.25
72925,39.96274,-105.188749,472,13194.42
72925,39.962834,-105.188012,1210,34643
72925,39.962834,-105.188012,471,13130.67
72925,39.962946,-105.18728,1211,34706.69
72925,39.962946,-105.18728,470,13066.98
72925,39.963058,-105.186622,1212,34764.2
72925,39.963058,-105.186622,469,13009.47
72925,39.963157,-105.179026,1468,39137.32
72925,39.96316,-105.180477,1246,35311.63
72925,39.96316,-105.180477,435,12462.04
72925,39.963173,-105.186012,1213,34817.79
72925,39.963173,-105.186012,468,12955.88
72925,39.963243,-105.180702,1245,35290.32
72925,39.963243,-105.180702,436,12483.34
72925,39.963254,-105.185637,1214,34851.04
72925,39.963254,-105.185637,467,12922.63
72925,39.963379,-105.185077,1215,34900.8
72925,39.963379,-105.185077,466,12872.87
72925,39.963452,-105.181242,1244,35238.71
72925,39.963452,-105.181242,437,12534.96
72925,39.963476,-105.184625,1216,34940.85
72925,39.963476,-105.184625,465,12832.82
72925,39.963502,-105.181381,1243,35225.61
72925,39.963502,-105.181381,438,12548.06
72925,39.963507,-105.184495,1217,34952.46
72925,39.963507,-105.184495,464,12821.2
72925,39.96352,-105.184441,1218,34957.29
72925,39.96352,-105.184441,463,12816.37
72925,39.963548,-105.181518,1242,35212.85
72925,39.963548,-105.181518,439,12560.82
72925,39.963597,-105.181688,1241,35197.35
72925,39.963597,-105.181688,440,12576.32
72925,39.963611,-105.180192,1469,39248.91
72925,39.963614,-105.181748,1240,35191.89
72925,39.963614,-105.181748,441,12581.78
72925,39.963637,-105.183904,1219,35004.93
72925,39.963637,-105.183904,462,12768.74
72925,39.963643,-105.181864,1239,35181.48
72925,39.963643,-105.181864,442,12592.19
72925,39.96366,-105.181943,1238,35174.48
72925,39.96366,-105.181943,443,12599.19
72925,39.963666,-105.183754,1220,35018.13
72925,39.963666,-105.183754,461,12755.54
72925,39.963681,-105.183674,1221,35025.15
72925,39.963681,-105.183674,460,12748.52
72925,39.963685,-105.18207,1237,35163.29
72925,39.963685,-105.18207,444,12610.37
72925,39.963703,-105.183541,1222,35036.76
72925,39.963703,-105.183541,459,12736.91
72925,39.963709,-105.182204,1236,35151.55
72925,39.963709,-105.182204,445,12622.12
72925,39.963713,-105.183464,1223,35043.43
72925,39.963713,-105.183464,458,12730.24
72925,39.963721,-105.183391,1224,35049.72
72925,39.963721,-105.183391,457,12723.95
72925,39.963722,-105.182318,1235,35141.72
72925,39.963722,-105.182318,446,12631.95
72925,39.963733,-105.182402,1234,35134.45
72925,39.963733,-105.182402,447,12639.22
72925,39.963736,-105.183255,1225,35061.44
72925,39.963736,-105.183255,456,12712.23
72925,39.96374,-105.183192,1226,35066.83
72925,39.96374,-105.183192,455,12706.83
72925,39.963742,-105.182487,1233,35127.13
72925,39.963742,-105.182487,448,12646.54
72925,39.963748,-105.183086,1227,35075.92
72925,39.963748,-105.183086,454,12697.75
72925,39.963751,-105.182596,1232,35117.77
72925,39.963751,-105.182596,449,12655.89
72925,39.963755,-105.182685,1231,35110.17
72925,39.963755,-105.182685,450,12663.5
72925,39.963755,-105.182938,1228,35088.57
72925,39.963755,-105.182938,453,12685.1
72925,39.963757,-105.182759,1230,35103.85
72925,39.963757,-105.182759,451,12669.82
72925,39.963757,-105.182867,1229,35094.63
72925,39.963757,-105.182867,452,12679.03
72925,39.963776,-105.181232,225,8671.42
72925,39.964138,-105.181583,1470,39381.3
72925,39.964255,-105.182447,224,8554.85
72925,39.964369,-105.18274,223,8526.81
72925,39.964546,-105.182646,1471,39482.73
72925,39.964676,-105.183529,222,8451.32
72925,39.964731,-105.18313,1472,39528.87
72925,39.964889,-105.183527,1473,39567.04
72925,39.965154,-105.184205,1474,39631.97
72925,39.965521,-105.185153,1475,39722.59
72925,39.965577,-105.185841,221,8230.02
72925,39.9661,-105.186644,1476,39865.19
72925,39.966213,-105.186936,1477,39893.1
72925,39.966373,-105.187896,220,8033.57
72925,39.966632,-105.188005,1478,39995.54
72925,39.966837,-105.189125,219,7916.69
72925,39.966982,-105.189501,218,7880.78
72925,39.967074,-105.189738,217,7858.11
72925,39.967139,-105.189309,1479,40120.29
72925,39.967161,-105.189366,1480,40125.74
72925,39.967584,-105.190441,1481,40228.83
72925,39.967778,-105.191551,216,7684.71
72925,39.967936,-105.19196,215,7645.64
72925,39.968062,-105.19163,1482,40343.38
72925,39.968246,-105.19276,214,7569.16
72925,39.969085,-105.194253,1483,40594.47
72925,39.969368,-105.195646,213,7293.07
72925,39.969442,-105.195185,1484,40683.37
72925,39.969752,-105.196635,212,7198.48
72925,39.970257,-105.197934,211,7074.22
72925,39.970372,-105.197583,1485,40912.65
72925,39.970577,-105.19876,210,6995.26
72925,39.97084,-105.19878,1486,41027.29
72925,39.971573,-105.201322,209,6750.18
72925,39.971765,-105.201161,1487,41255.03
72925,39.972415,-105.203495,208,6542.45
72925,39.972662,-105.203474,1488,41476.18
72925,39.973407,-105.205388,1489,41659.31
72925,39.97341,-105.206054,207,6297.65
72925,39.973791,-105.207032,206,6204.06
72925,39.97382,-105.207102,205,6197.27
72925,39.973864,-105.206568,1490,41772.1
72925,39.973987,-105.20752,204,6157.05
72925,39.974088,-105.207773,203,6132.72
72925,39.974159,-105.207945,202,6116.05
72925,39.974215,-105.207451,1491,41856.96
72925,39.974246,-105.208155,201,6095.69
72925,39.974296,-105.207649,1492,41876.11
72925,39.974324,-105.20834,200,6077.67
72925,39.974388,-105.207872,1493,41897.71
72925,39.974436,-105.208605,199,6051.86
72925,39.974471,-105.208073,1494,41917.19
72925,39.974513,-105.208783,198,6034.42
72925,39.974541,-105.208239,1495,41933.35
72925,39.974583,-105.208941,197,6018.85
72925,39.974623,-105.209031,196,6009.97
72925,39.974665,-105.208531,1496,41961.83
72925,39.97471,-105.209221,195,5991.09
72925,39.974746,-105.20872,1497,41980.3
72925,39.974781,-105.209371,194,5976.05
72925,39.974849,-105.209516,193,5961.55
72925,39.974907,-105.209085,1498,42016.23
72925,39.974933,-105.209696,192,5943.57
72925,39.975051,-105.209954,191,5917.94
72925,39.975125,-105.209577,1499,42064.71
72925,39.975167,-105.210211,190,5892.5
72925,39.975307,-105.210513,189,5862.39
72925,39.975349,-105.210075,1500,42113.97
72925,39.975404,-105.210721,188,5841.62
72925,39.975571,-105.211084,187,5805.5
72925,39.975581,-105.210581,1501,42164.27
72925,39.97574,-105.211452,186,5768.9
72925,39.9758,-105.211052,1502,42211.27
72925,39.975911,-105.211821,185,5732.11
72925,39.976037,-105.211567,1503,42262.52
72925,39.976254,-105.212044,1504,42309.84
72925,39.976387,-105.212337,1505,42338.89
72925,39.976536,-105.212666,1506,42371.49
72925,39.976716,-105.213064,1507,42410.91
72925,39.976819,-105.213786,184,5536.37
72925,39.976953,-105.213591,1508,42463.04
72925,39.977239,-105.214226,1509,42525.87
72925,39.977249,-105.214701,183,5444.81
72925,39.977411,-105.21461,1510,42563.81
72925,39.978033,-105.215958,1511,42698.04
72925,39.978226,-105.21678,182,5236.77
72925,39.97831,-105.216559,1512,42757.86
72925,39.978858,-105.218135,181,5101.46
72925,39.9791,-105.218658,180,5049.34
72925,39.979115,-105.218299,1513,42931.24
72925,39.979608,-105.219361,1514,43037.16
72925,39.979748,-105.22006,179,4909.68
72925,39.98023,-105.221081,178,4807.39
72925,39.980384,-105.221044,1515,43204.71
72925,39.98041,-105.221476,177,4768.19
72925,39.980564,-105.221436,1516,43243.69
72925,39.981519,-105.223898,176,4527.52
72925,39.981647,-105.223776,1517,43476.87
72925,39.981653,-105.224192,175,4498.34
72925,39.981794,-105.224501,174,4467.66
72925,39.981926,-105.224794,173,4438.67
72925,39.982123,-105.225236,172,4395.05
72925,39.982212,-105.225436,171,4375.32
72925,39.982266,-105.225552,170,4363.75
72925,39.982354,-105.225744,169,4344.66
72925,39.9825,-105.225625,1518,43660.97
72925,39.982655,-105.226381,168,4280.83
72925,39.982874,-105.226432,1519,43741.41
72925,39.98296,-105.227025,167,4216.25
72925,39.98315,-105.227002,1520,43798.93
72925,39.98317,-105.227459,166,4172.47
72925,39.983211,-105.227127,1521,43811.57
72925,39.983221,-105.227565,165,4161.79
72925,39.983256,-105.227216,1522,43820.66
72925,39.983332,-105.227361,1523,43835.65
72925,39.983393,-105.227474,1524,43847.44
72925,39.983436,-105.228014,164,4116.63
72925,39.983465,-105.227601,1525,43860.91
72925,39.983549,-105.227743,1526,43876.21
72925,39.983623,-105.227863,1527,43889.35
72925,39.983646,-105.228469,163,4071.32
72925,39.983742,-105.228046,1528,43909.83
72925,39.983765,-105.228725,162,4045.78
72925,39.983883,-105.228265,1529,43934.22
72925,39.984141,-105.229547,161,3964.13
72925,39.984184,-105.228679,1530,43982.9
72925,39.984465,-105.23024,160,3894.88
72925,39.98479,-105.230941,159,3825
72925,39.984885,-105.231144,158,3804.71
72925,39.98492,-105.229688,1531,44101.73
72925,39.985027,-105.229797,1532,44116.84
72925,39.985141,-105.229895,1533,44132.04
72925,39.985248,-105.231926,157,3726.72
72925,39.985313,-105.229982,1534,44152.57
72925,39.985431,-105.230013,1535,44165.97
72925,39.985442,-105.232346,156,3684.89
72925,39.985483,-105.249936,87,2162.64
72925,39.985489,-105.232446,155,3674.89
72925,39.985494,-105.249916,88,2164.74
72925,39.98551,-105.230022,1536,44174.8
72925,39.985541,-105.232558,154,3663.72
72925,39.985551,-105.249808,89,2175.92
72925,39.985557,-105.249796,90,2177.14
72925,39.98558,-105.250005,86,2150.34
72925,39.985582,-105.250007,85,2150.06
72925,39.985601,-105.249711,91,2185.89
72925,39.985611,-105.23271,153,3648.59
72925,39.985672,-105.250072,84,2138.61
72925,39.985676,-105.249549,92,2202.04
72925,39.985698,-105.250095,83,2135.11
72925,39.98572,-105.249427,93,2213.54
72925,39.985762,-105.239367,123,3073.15
72925,39.985762,-105.23945,122,3066.07
72925,39.985762,-105.249256,94,2228.85
72925,39.985763,-105.239594,121,3053.78
72925,39.985765,-105.2397,120,3044.74
72925,39.985765,-105.239714,119,3043.55
72925,39.985766,-105.239759,118,3039.71
72925,39.985769,-105.249188,95,2234.71
72925,39.985774,-105.233188,152,3603.96
72925,39.985775,-105.237183,129,3259.44
72925,39.985775,-105.237563,128,3227.03
72925,39.985775,-105.237673,127,3217.65
72925,39.985775,-105.237826,126,3204.6
72925,39.985775,-105.237879,125,3200.07
72925,39.985775,-105.240084,117,3011.97
72925,39.985776,-105.238242,124,3169.11
72925,39.98578,-105.236971,130,3277.53
72925,39.985781,-105.249071,96,2244.78
72925,39.985784,-105.236918,131,3282.07
72925,39.985804,-105.249519,1629,46083.67
72925,39.985806,-105.236633,132,3306.5
72925,39.985807,-105.249558,1630,46087.02
72925,39.985813,-105.249654,1631,46095.23
72925,39.985814,-105.248852,1623,46026.08
72925,39.985814,-105.248852,97,2263.81
72925,39.985816,-105.247766,101,2356.44
72925,39.985816,-105.247766,1619,45933.45
72925,39.985817,-105.247584,104,2371.97
72925,39.985817,-105.247584,1617,45917.93
72925,39.985817,-105.24762,103,2368.9
72925,39.985817,-105.247747,102,2358.07
72925,39.985817,-105.247747,1618,45931.83
72925,39.985817,-105.247906,100,2344.5
72925,39.985817,-105.247906,1620,45945.4
72925,39.985817,-105.248269,1621,45976.36
72925,39.985817,-105.248269,99,2313.54
72925,39.985817,-105.248313,1622,45980.11
72925,39.985817,-105.248313,98,2309.79
72925,39.985818,-105.247351,105,2391.84
72925,39.985818,-105.247351,1616,45898.05
72925,39.985821,-105.236531,133,3315.36
72925,39.985821,-105.246422,106,2471.08
72925,39.985821,-105.246422,1615,45818.81
72925,39.985822,-105.248946,1624,46034.15
72925,39.985823,-105.233303,151,3592.74
72925,39.985823,-105.246165,107,2493
72925,39.985823,-105.246165,1614,45796.89
72925,39.985823,-105.24944,1628,46076.61
72925,39.985825,-105.242197,113,2831.46
72925,39.985825,-105.242197,1608,45458.44
72925,39.985826,-105.249766,1632,46104.89
72925,39.985827,-105.242694,112,2789.07
72925,39.985827,-105.242694,1609,45500.83
72925,39.985829,-105.245018,109,2590.84
72925,39.985829,-105.245018,1612,45699.06
72925,39.985829,-105.245488,108,2550.75
72925,39.985829,-105.245488,1613,45739.15
72925,39.98583,-105.241172,115,2918.89
72925,39.98583,-105.241172,1606,45371.01
72925,39.98583,-105.241703,114,2873.6
72925,39.98583,-105.241703,1607,45416.3
72925,39.98583,-105.244557,110,2630.16
72925,39.98583,-105.244557,1611,45659.74
72925,39.985833,-105.240968,116,2936.29
72925,39.985833,-105.240968,1605,45353.6
72925,39.985835,-105.243625,111,2709.65
72925,39.985835,-105.243625,1610,45580.24
72925,39.985838,-105.249338,1627,46067.75
72925,39.985844,-105.24921,1625,46056.8
72925,39.985844,-105.249262,1626,46061.24
72925,39.985846,-105.23636,134,3330.21
72925,39.985851,-105.249932,1633,46119.32
72925,39.985853,-105.230024,1537,44212.98
72925,39.985854,-105.233398,150,3583.93
72925,39.985854,-105.239331,1599,45213.91
72925,39.985854,-105.239386,1600,45218.61
72925,39.985854,-105.239509,1601,45229.1
72925,39.985856,-105.239696,1602,45245.05
72925,39.985856,-105.240281,1604,45294.95
72925,39.985857,-105.238658,1598,45156.51
72925,39.985858,-105.238537,1597,45146.19
72925,39.98586,-105.239998,1603,45270.81
72925,39.985862,-105.236245,135,3340.18
72925,39.985865,-105.23783,1596,45085.88
72925,39.985867,-105.237672,1595,45072.4
72925,39.985868,-105.237562,1594,45063.02
72925,39.985869,-105.236204,136,3343.76
72925,39.985869,-105.237508,1593,45058.41
72925,39.985873,-105.237123,1592,45025.57
72925,39.985875,-105.250026,1634,46127.77
72925,39.98588,-105.233535,149,3571.9
72925,39.985888,-105.236107,137,3352.3
72925,39.985892,-105.236808,1591,44998.62
72925,39.985893,-105.23563,140,3393.02
72925,39.985897,-105.235721,139,3385.25
72925,39.985898,-105.234663,141,3475.5
72925,39.985898,-105.235754,138,3382.43
72925,39.985899,-105.23457,143,3483.44
72925,39.985899,-105.234573,142,3483.18
72925,39.9859,-105.233698,148,3557.82
72925,39.985901,-105.233775,147,3551.25
72925,39.985902,-105.233821,146,3547.32
72925,39.985902,-105.234009,145,3531.29
72925,39.985902,-105.234132,144,3520.8
72925,39.985904,-105.2501,1635,46134.86
72925,39.985912,-105.23665,1590,44984.96
72925,39.985913,-105.250122,1636,46136.99
72925,39.985923,-105.250294,82,2104.86
72925,39.985926,-105.236539,1589,44975.37
72925,39.985959,-105.236368,1588,44960.33
72925,39.985966,-105.230026,1538,44225.56
72925,39.98598,-105.23625,1587,44950
72925,39.985983,-105.250341,81,2097.07
72925,39.985997,-105.236158,1586,44941.92
72925,39.986,-105.230027,1539,44229.35
72925,39.986006,-105.250204,1637,46149.49
72925,39.986048,-105.235962,1585,44924.27
72925,39.986057,-105.235928,1584,44921.2
72925,39.986066,-105.250257,1638,46157.55
72925,39.986106,-105.230029,1540,44241.15
72925,39.98612,-105.250466,80,2078.46
72925,39.986142,-105.230039,1541,44245.24
72925,39.986143,-105.23566,1583,44896.42
72925,39.986199,-105.250371,1639,46175.26
72925,39.986209,-105.235492,1582,44880.31
72925,39.986211,-105.230058,1542,44253.09
72925,39.986268,-105.235346,1581,44866.24
72925,39.986314,-105.235243,1580,44856.07
72925,39.986331,-105.230364,1543,44282.41
72925,39.986343,-105.250502,1640,46194.8
72925,39.986363,-105.250706,79,2044.53
72925,39.986383,-105.235087,1579,44840.7
72925,39.986415,-105.23058,1544,44303.07
72925,39.986417,-105.23501,1578,44833.12
72925,39.98646,-105.23492,1577,44824.08
72925,39.986482,-105.250637,1641,46214.09
72925,39.986541,-105.250887,78,2019.42
72925,39.986614,-105.250778,1642,46233.08
72925,39.986692,-105.234389,1576,44771.94
72925,39.98672438,-105.232548344,1556,44515.64
72925,39.986724652,-105.232547574,1558,44558.33
72925,39.986732,-105.25111,77,1990.89
72925,39.986737,-105.231407,1545,44382.2
72925,39.986751,-105.250936,1643,46253.43
72925,39.986757,-105.234228,1575,44756.42
72925,39.986768371,-105.232791565,1557,44536.96
72925,39.986844,-105.234041,1574,44737.76
72925,39.986854,-105.231706,1546,44410.83
72925,39.986864,-105.232497,1555,44499.5
72925,39.986864,-105.232497,1559,44574.43
72925,39.986884,-105.233945,1573,44728.44
72925,39.986888,-105.231802,1547,44419.85
72925,39.98689,-105.251332,76,1965.04
72925,39.986904,-105.25113,1644,46277.18
72925,39.986911,-105.231867,1548,44425.96
72925,39.986914,-105.233863,1572,44720.69
72925,39.986927,-105.231911,1549,44430.11
72925,39.986927,-105.233829,1571,44717.45
72925,39.986944,-105.232475,1554,44490.39
72925,39.986944,-105.232475,1560,44583.53
72925,39.98695,-105.251197,1645,46284.85
72925,39.98698,-105.232075,1550,44445.29
72925,39.986985,-105.233639,1570,44700
72925,39.987014,-105.232215,1551,44457.82
72925,39.987021,-105.233471,1569,44685.12
72925,39.987032,-105.232306,1552,44465.84
72925,39.987044,-105.251579,75,1937.88
72925,39.987056,-105.23244,1553,44477.57
72925,39.987056,-105.23244,1561,44596.35
72925,39.987058,-105.233281,1568,44668.4
72925,39.987065,-105.232539,1562,44604.86
72925,39.987068,-105.232573,1563,44607.77
72925,39.987079,-105.232691,1564,44617.91
72925,39.987079,-105.233048,1567,44648.39
72925,39.987082,-105.232763,1565,44624.06
72925,39.987085,-105.232824,1566,44629.28
72925,39.98709,-105.251398,1646,46308.02
72925,39.987243,-105.251929,74,1900.71
72925,39.987263,-105.251686,1647,46339.23
72925,39.987404,-105.251947,1648,46366.47
72925,39.987462,-105.252371,73,1855.81
72925,39.987725,-105.252681,1649,46438.55
72925,39.98806,-105.253376,1650,46508.59
72925,39.988395,-105.254088,1651,46579.85
72925,39.988428,-105.254406,72,1651.64
72925,39.988555,-105.254669,71,1625.12
72925,39.988644,-105.254598,1652,46631.43
72925,39.988658,-105.254878,70,1603.93
72925,39.988755,-105.255054,69,1585.44
72925,39.988764,-105.254843,1653,46656.23
72925,39.988799,-105.255133,68,1577.1
72925,39.988882,-105.255049,1654,46678.17
72925,39.988882,-105.255281,67,1561.46
72925,39.989004,-105.255248,1655,46699.9
72925,39.989013,-105.255487,66,1538.63
72925,39.989076,-105.255577,65,1528.23
72925,39.989152,-105.255685,64,1515.72
72925,39.989175,-105.255499,1656,46728.55
72925,39.989216,-105.25556,1657,46735.47
72925,39.989225,-105.255779,63,1504.31
72925,39.989277,-105.255645,1658,46745.4
72925,39.989281,-105.25585,62,1495.62
72925,39.989302,-105.25568,1659,46749.49
72925,39.989343,-105.25592,61,1486.49
72925,39.989361,-105.255758,1660,46758.83
72925,39.989377,-105.255959,60,1481.45
72925,39.989415,-105.255819,1661,46766.78
72925,39.989467,-105.256062,59,1468.13
72925,39.98949,-105.255905,1662,46777.9
72925,39.98961,-105.256033,1663,46795.15
72925,39.989618,-105.256225,58,1446.32
72925,39.98978,-105.256214,1664,46819.57
72925,39.989797,-105.256404,57,1421.21
72925,39.989974,-105.256569,56,1397
72925,39.990039,-105.256474,1665,46855.94
72925,39.990171,-105.256732,55,1371.04
72925,39.990309,-105.256697,1666,46891.51
72925,39.990414,-105.256912,54,1339.93
72925,39.990657,-105.257075,53,1309.52
72925,39.99217,-105.257993,1667,47126.32
72925,39.992521,-105.258402,52,1073.16
72925,39.992563,-105.258286,1668,47176.7
72925,39.992678,-105.258517,51,1053.12
72925,39.992724,-105.258405,1669,47197.3
72925,39.992973,-105.258726,50,1015.76
72925,39.993084,-105.258805,49,1001.68
72925,39.993207,-105.258724,1670,47257.56
72925,39.993396,-105.259026,48,962.17
72925,39.993423,-105.258875,1671,47284.83
72925,39.99354,-105.258956,1672,47299.58
72925,39.993715,-105.259264,47,921.26
72925,39.993763,-105.259301,46,915.06
72925,39.993773,-105.259118,1673,47328.96
72925,39.99382,-105.259151,1674,47334.91
72925,39.994081,-105.259518,45,875.11
72925,39.994333,-105.259513,1675,47399.82
72925,39.994333,-105.259693,44,843.34
72925,39.994644,-105.259728,1676,47439
72925,39.995219,-105.260309,43,731.59
72925,39.995276,-105.260165,1677,47518.61
72925,39.995621,-105.260591,42,680.79
72925,39.995845,-105.260749,41,652.44
72925,39.995989,-105.260852,40,634.16
72925,39.996326,-105.260898,1678,47651.17
72925,39.996396,-105.261148,39,582.3
72925,39.996512,-105.261227,38,567.73
72925,39.996519,-105.261033,1679,47675.54
72925,39.996611,-105.261097,1680,47687.15
72925,39.996611,-105.261097,37,552.1
72925,39.996676,-105.261032,36,542.99
72925,39.996749,-105.261194,1681,47704.59
72925,39.996833,-105.260876,35,521.02
72925,39.997006,-105.261363,1682,47736.63
72925,39.997082,-105.260628,34,486.16
72925,39.997205,-105.260518,33,469.56
72925,39.997292,-105.26044,32,457.81
72925,39.997424,-105.260337,31,440.69
72925,39.997568,-105.260259,30,423.34
72925,39.997605,-105.260244,29,419.02
72925,39.997726,-105.260191,28,404.82
72925,39.997788,-105.260173,27,397.74
72925,39.997877,-105.260148,26,387.61
72925,39.997912,-105.261996,1683,47851.02
72925,39.997991,-105.262049,1684,47860.91
72925,39.998022,-105.260131,25,371.4
72925,39.998704,-105.260136,24,295.48
72925,39.998877,-105.260137,23,276.22
72925,39.998884,-105.262692,1685,47974.44
72925,39.998941,-105.262734,1686,47981.72
72925,39.999031,-105.260138,22,259.08
72925,39.999151,-105.260138,21,245.72
72925,39.99921,-105.260174,20,238.47
72925,39.999247,-105.260193,19,234.05
72925,39.999279,-105.260203,18,230.38
72925,39.999308,-105.26021,17,227.1
72925,39.999366,-105.263029,1687,48035.31
72925,39.999542,-105.260211,16,201.05
72925,39.999582,-105.263167,1688,48062.08
72925,39.999607,-105.260211,15,193.82
72925,39.999679,-105.260212,14,185.8
72925,39.999679,-105.263247,1689,48074.85
72925,39.999984,-105.263461,1690,48113.4
72925,40.000066,-105.263521,1691,48123.86
72925,40.000075,-105.260216,13,141.72
72925,40.000076,-105.263399,1692,48134.32
72925,40.000112,-105.260255,12,136.42
72925,40.000113,-105.26295,1693,48172.83
72925,40.000153,-105.260297,11,130.62
72925,40.000154,-105.262559,1694,48206.49
72925,40.000182,-105.260332,10,126.23
72925,40.000192,-105.262149,1695,48241.7
72925,40.0002,-105.262072,1696,48248.33
72925,40.000204,-105.260358,9,122.92
72925,40.00023,-105.261758,1,0
72925,40.000231,-105.261758,1697,48275.33
72925,40.000257,-105.261485,2,23.47
72925,40.000258,-105.260444,8,113.44
72925,40.000279,-105.261233,3,45.1
72925,40.000284,-105.26053,7,105.55
72925,40.000284,-105.261154,4,51.86
72925,40.000304,-105.260827,5,79.84
72925,40.00031,-105.260658,6,94.26
