trip_id,arrival_time,departure_time,stop_id,stop_sequence,stop_headsign,pickup_type,drop_off_type,timepoint
671163,07:00:00,07:00:00,161630,1,,,,1
671163,07:02:00,07:02:00,161580,2,,,,1
671163,07:03:11,07:03:11,161659,3,,,,1
671163,07:04:11,07:04:11,161660,4,,,,1
671163,07:04:41,07:04:41,161661,5,,,,1
671163,07:05:22,07:05:22,161662,6,,,,1
671163,07:06:00,07:06:00,161663,7,,,,1
671163,07:06:37,07:06:37,161664,8,,,,1
671163,07:07:00,07:07:00,174698,9,,,,1
671163,07:09:27,07:09:27,161665,10,,,,1
671163,07:13:00,07:13:00,161666,11,,,,1
671163,07:14:34,07:14:34,161667,12,,,,1
671163,07:16:00,07:16:00,161668,13,,,,1
671163,07:18:18,07:18:18,161669,14,,,,1
671163,07:24:00,07:24:00,161670,15,,,,1
671163,07:25:00,07:25:00,169700,16,,,,1
671163,07:31:00,07:31:00,186403,17,,,,1
671163,07:34:00,07:34:00,174699,18,,,,1
671163,07:35:00,07:35:00,161671,19,,,,1
671163,07:36:00,07:36:00,161672,20,,,,1
671163,07:37:00,07:37:00,161639,22,,,,1
671163,07:37:00,07:37:00,161644,21,,,,1
671163,07:38:00,07:38:00,161640,23,,,,1
671163,07:39:00,07:39:00,161641,24,,,,1
671163,07:40:00,07:40:00,161642,25,,,,1
671164,16:30:00,16:30:00,161630,1,,,,1
671164,16:32:00,16:32:00,161580,2,,,,1
671164,16:33:11,16:33:11,161659,3,,,,1
671164,16:34:11,16:34:11,161660,4,,,,1
671164,16:34:41,16:34:41,161661,5,,,,1
671164,16:35:22,16:35:22,161662,6,,,,1
671164,16:36:00,16:36:00,161663,7,,,,1
671164,16:36:37,16:36:37,161664,8,,,,1
671164,16:37:00,16:37:00,174698,9,,,,1
671164,16:39:27,16:39:27,161665,10,,,,1
671164,16:43:00,16:43:00,161666,11,,,,1
671164,16:44:34,16:44:34,161667,12,,,,1
671164,16:46:00,16:46:00,161668,13,,,,1
671164,16:48:18,16:48:18,161669,14,,,,1
671164,16:54:00,16:54:00,161670,15,,,,1
671164,16:55:00,16:55:00,169700,16,,,,1
671164,17:01:00,17:01:00,186403,17,,,,1
671164,17:04:00,17:04:00,174699,18,,,,1
671164,17:05:00,17:05:00,161671,19,,,,1
671164,17:06:00,17:06:00,161672,20,,,,1
671164,17:07:00,17:07:00,161639,22,,,,1
671164,17:07:00,17:07:00,161644,21,,,,1
671164,17:08:00,17:08:00,161640,23,,,,1
671164,17:09:00,17:09:00,161641,24,,,,1
671164,17:10:00,17:10:00,161642,25,,,,1
671165,18:00:00,18:00:00,161630,1,,,,1
671165,18:02:00,18:02:00,161580,2,,,,1
671165,18:03:11,18:03:11,161659,3,,,,1
671165,18:04:11,18:04:11,161660,4,,,,1
671165,18:04:41,18:04:41,161661,5,,,,1
671165,18:05:22,18:05:22,161662,6,,,,1
671165,18:06:00,18:06:00,161663,7,,,,1
671165,18:06:37,18:06:37,161664,8,,,,1
671165,18:07:00,18:07:00,174698,9,,,,1
671165,18:09:27,18:09:27,161665,10,,,,1
671165,18:13:00,18:13:00,161666,11,,,,1
671165,18:14:34,18:14:34,161667,12,,,,1
671165,18:16:00,18:16:00,161668,13,,,,1
671165,18:18:18,18:18:18,161669,14,,,,1
671165,18:24:00,18:24:00,161670,15,,,,1
671165,18:25:00,18:25:00,169700,16,,,,1
671165,18:31:00,18:31:00,186403,17,,,,1
671165,18:34:00,18:34:00,174699,18,,,,1
671165,18:35:00,18:35:00,161671,19,,,,1
671165,18:36:00,18:36:00,161672,20,,,,1
671165,18:37:00,18:37:00,161639,22,,,,1
671165,18:37:00,18:37:00,161644,21,,,,1
671165,18:38:00,18:38:00,161640,23,,,,1
671165,18:39:00,18:39:00,161641,24,,,,1
671165,18:40:00,18:40:00,161642,25,,,,1
671166,06:10:36,06:10:36,161640,1,,,,1
671166,06:11:03,06:11:03,161641,2,,,,1
671166,06:12:00,06:12:00,161642,3,,,,1
671166,06:12:54,06:12:54,161644,4,,,,1
671166,06:14:07,06:14:07,161645,5,,,,1
671166,06:15:00,06:15:00,161646,6,,,,1
671166,06:15:37,06:15:37,161647,7,,,,1
671166,06:18:00,06:18:00,186404,8,,,,1
671166,06:24:08,06:24:08,161648,9,,,,1
671166,06:25:00,06:25:00,161649,10,,,,1
671166,06:30:38,06:30:38,161650,11,,,,1
671166,06:33:00,06:33:00,161651,12,,,,1
671166,06:34:58,06:34:58,161652,13,,,,1
671166,06:37:00,06:37:00,161653,14,,,,1
671166,06:39:25,06:39:25,161654,15,,,,1
671166,06:41:16,06:41:16,161655,16,,,,1
671166,06:41:43,06:41:43,161656,17,,,,1
671166,06:42:00,06:42:00,161577,18,,,,1
671166,06:42:32,06:42:32,161657,19,,,,1
671166,06:43:33,06:43:33,161581,20,,,,1
671166,06:44:07,06:44:07,161579,21,,,,1
671166,06:45:00,06:45:00,161658,22,,,,1
671166,06:47:37,06:47:37,161576,23,,,,1
671166,06:50:00,06:50:00,161630,24,,,,1
671167,07:50:36,07:50:36,161640,1,,,,1
671167,07:51:03,07:51:03,161641,2,,,,1
671167,07:52:00,07:52:00,161642,3,,,,1
671167,07:52:54,07:52:54,161644,4,,,,1
671167,07:54:07,07:54:07,161645,5,,,,1
671167,07:55:00,07:55:00,161646,6,,,,1
671167,07:55:37,07:55:37,161647,7,,,,1
671167,07:58:00,07:58:00,186404,8,,,,1
671167,08:04:08,08:04:08,161648,9,,,,1
671167,08:05:00,08:05:00,161649,10,,,,1
671167,08:10:38,08:10:38,161650,11,,,,1
671167,08:13:00,08:13:00,161651,12,,,,1
671167,08:14:58,08:14:58,161652,13,,,,1
671167,08:17:00,08:17:00,161653,14,,,,1
671167,08:19:25,08:19:25,161654,15,,,,1
671167,08:21:16,08:21:16,161655,16,,,,1
671167,08:21:43,08:21:43,161656,17,,,,1
671167,08:22:00,08:22:00,161577,18,,,,1
671167,08:22:32,08:22:32,161657,19,,,,1
671167,08:23:33,08:23:33,161581,20,,,,1
671167,08:24:07,08:24:07,161579,21,,,,1
671167,08:25:00,08:25:00,161658,22,,,,1
671167,08:27:37,08:27:37,161576,23,,,,1
671167,08:30:00,08:30:00,161630,24,,,,1
671168,17:15:36,17:15:36,161640,1,,,,1
671168,17:16:03,17:16:03,161641,2,,,,1
671168,17:17:00,17:17:00,161642,3,,,,1
671168,17:17:54,17:17:54,161644,4,,,,1
671168,17:19:07,17:19:07,161645,5,,,,1
671168,17:20:00,17:20:00,161646,6,,,,1
671168,17:20:37,17:20:37,161647,7,,,,1
671168,17:23:00,17:23:00,186404,8,,,,1
671168,17:29:08,17:29:08,161648,9,,,,1
671168,17:30:00,17:30:00,161649,10,,,,1
671168,17:35:38,17:35:38,161650,11,,,,1
671168,17:38:00,17:38:00,161651,12,,,,1
671168,17:39:58,17:39:58,161652,13,,,,1
671168,17:42:00,17:42:00,161653,14,,,,1
671168,17:44:25,17:44:25,161654,15,,,,1
671168,17:46:16,17:46:16,161655,16,,,,1
671168,17:46:43,17:46:43,161656,17,,,,1
671168,17:47:00,17:47:00,161577,18,,,,1
671168,17:47:32,17:47:32,161657,19,,,,1
671168,17:48:33,17:48:33,161581,20,,,,1
671168,17:49:07,17:49:07,161579,21,,,,1
671168,17:50:00,17:50:00,161658,22,,,,1
671168,17:52:37,17:52:37,161576,23,,,,1
671168,17:55:00,17:55:00,161630,24,,,,1
671169,08:40:00,08:40:00,161632,1,,,,1
671169,08:48:00,08:48:00,161631,2,,,,1
671169,08:58:00,08:58:00,161633,3,,,,1
671169,09:03:00,09:03:00,161634,4,,,,1
671169,09:08:00,09:08:00,161635,5,,,,1
671169,09:20:00,09:20:00,161636,6,,,,1
671169,09:25:00,09:25:00,161637,7,,,,1
671169,09:30:00,09:30:00,161624,8,,,,1
671170,15:30:00,15:30:00,161632,1,,,,1
671170,15:35:00,15:35:00,161631,2,,,,1
671170,15:50:00,15:50:00,161633,3,,,,1
671170,15:53:00,15:53:00,161634,4,,,,1
671170,15:58:00,15:58:00,161635,5,,,,1
671170,16:06:00,16:06:00,161636,6,,,,1
671171,07:45:00,07:45:00,161637,1,,,,1
671171,07:50:00,07:50:00,161636,2,,,,1
671171,08:00:00,08:00:00,161635,3,,,,1
671171,08:07:00,08:07:00,161634,4,,,,1
671171,08:10:00,08:10:00,161633,5,,,,1
671171,08:25:00,08:25:00,161631,6,,,,1
671171,08:27:00,08:27:00,161632,7,,,,1
671172,14:40:00,14:40:00,161624,1,,,,1
671172,14:45:00,14:45:00,161637,2,,,,1
671172,14:50:00,14:50:00,161636,3,,,,1
671172,15:00:00,15:00:00,161635,4,,,,1
671172,15:04:00,15:04:00,161634,5,,,,1
671172,15:08:00,15:08:00,161633,6,,,,1
671172,15:25:00,15:25:00,161631,7,,,,1
671172,15:30:00,15:30:00,161632,8,,,,1
671675,,,169655,23,,,,0
671675,,,169656,22,,,,0
671675,,,169657,21,,,,0
671675,,,169659,19,,,,0
671675,,,169660,11,,,,0
671675,,,169660,15,,,,0
671675,,,169661,10,,,,0
671675,,,169661,16,,,,0
671675,,,169662,7,,,,0
671675,,,169663,5,,,,0
671675,,,169664,4,,,,0
671675,,,169672,3,,,,0
671675,,,169673,2,,,,0
671675,,,169674,20,,,,0
671675,08:00:00,08:00:00,161776,1,,,,1
671675,08:06:00,08:06:00,161798,6,,,,1
671675,08:20:00,08:20:00,161799,8,,,,1
671675,08:28:00,08:28:00,161800,9,,,,1
671675,08:38:00,08:38:00,161802,12,,,,1
671675,08:45:00,08:45:00,161803,13,,,,1
671675,08:51:00,08:51:00,161801,14,,,,1
671675,09:00:00,09:00:00,161804,17,,,,1
671675,09:10:00,09:10:00,161805,18,,,,1
671675,09:30:00,09:30:00,161776,24,,,,1
672028,,,169655,23,,,,0
672028,,,169656,22,,,,0
672028,,,169657,21,,,,0
672028,,,169659,19,,,,0
672028,,,169660,11,,,,0
672028,,,169660,15,,,,0
672028,,,169661,10,,,,0
672028,,,169661,16,,,,0
672028,,,169662,7,,,,0
672028,,,169663,5,,,,0
672028,,,169664,4,,,,0
672028,,,169672,3,,,,0
672028,,,169673,2,,,,0
672028,,,169674,20,,,,0
672028,09:40:00,09:40:00,161776,1,,,,1
672028,09:46:00,09:46:00,161798,6,,,,1
672028,10:00:00,10:00:00,161799,8,,,,1
672028,10:08:00,10:08:00,161800,9,,,,1
672028,10:18:00,10:18:00,161802,12,,,,1
672028,10:25:00,10:25:00,161803,13,,,,1
672028,10:31:00,10:31:00,161801,14,,,,1
672028,10:40:00,10:40:00,161804,17,,,,1
672028,10:50:00,10:50:00,161805,18,,,,1
672028,11:10:00,11:10:00,161776,24,,,,1
672029,,,169655,23,,,,0
672029,,,169656,22,,,,0
672029,,,169657,21,,,,0
672029,,,169659,19,,,,0
672029,,,169660,11,,,,0
672029,,,169660,15,,,,0
672029,,,169661,10,,,,0
672029,,,169661,16,,,,0
672029,,,169662,7,,,,0
672029,,,169663,5,,,,0
672029,,,169664,4,,,,0
672029,,,169672,3,,,,0
672029,,,169673,2,,,,0
672029,,,169674,20,,,,0
672029,11:20:00,11:20:00,161776,1,,,,1
672029,11:26:00,11:26:00,161798,6,,,,1
672029,11:40:00,11:40:00,161799,8,,,,1
672029,11:48:00,11:48:00,161800,9,,,,1
672029,11:58:00,11:58:00,161802,12,,,,1
672029,12:05:00,12:05:00,161803,13,,,,1
672029,12:11:00,12:11:00,161801,14,,,,1
672029,12:20:00,12:20:00,161804,17,,,,1
672029,12:30:00,12:30:00,161805,18,,,,1
672029,12:50:00,12:50:00,161776,24,,,,1
672030,,,169655,23,,,,0
672030,,,169656,22,,,,0
672030,,,169657,21,,,,0
672030,,,169659,19,,,,0
672030,,,169660,11,,,,0
672030,,,169660,15,,,,0
672030,,,169661,10,,,,0
672030,,,169661,16,,,,0
672030,,,169662,7,,,,0
672030,,,169663,5,,,,0
672030,,,169664,4,,,,0
672030,,,169672,3,,,,0
672030,,,169673,2,,,,0
672030,,,169674,20,,,,0
672030,13:00:00,13:00:00,161776,1,,,,1
672030,13:06:00,13:06:00,161798,6,,,,1
672030,13:20:00,13:20:00,161799,8,,,,1
672030,13:28:00,13:28:00,161800,9,,,,1
672030,13:38:00,13:38:00,161802,12,,,,1
672030,13:45:00,13:45:00,161803,13,,,,1
672030,13:51:00,13:51:00,161801,14,,,,1
672030,14:00:00,14:00:00,161804,17,,,,1
672030,14:10:00,14:10:00,161805,18,,,,1
672030,14:30:00,14:30:00,161776,24,,,,1
672031,,,169655,23,,,,0
672031,,,169656,22,,,,0
672031,,,169657,21,,,,0
672031,,,169659,19,,,,0
672031,,,169660,11,,,,0
672031,,,169660,15,,,,0
672031,,,169661,10,,,,0
672031,,,169661,16,,,,0
672031,,,169662,7,,,,0
672031,,,169663,5,,,,0
672031,,,169664,4,,,,0
672031,,,169672,3,,,,0
672031,,,169673,2,,,,0
672031,,,169674,20,,,,0
672031,14:40:00,14:40:00,161776,1,,,,1
672031,14:46:00,14:46:00,161798,6,,,,1
672031,15:00:00,15:00:00,161799,8,,,,1
672031,15:08:00,15:08:00,161800,9,,,,1
672031,15:18:00,15:18:00,161802,12,,,,1
672031,15:25:00,15:25:00,161803,13,,,,1
672031,15:31:00,15:31:00,161801,14,,,,1
672031,15:40:00,15:40:00,161804,17,,,,1
672031,15:50:00,15:50:00,161805,18,,,,1
672031,16:10:00,16:10:00,161776,24,,,,1
672032,,,169655,23,,,,0
672032,,,169656,22,,,,0
672032,,,169657,21,,,,0
672032,,,169659,19,,,,0
672032,,,169660,11,,,,0
672032,,,169660,15,,,,0
672032,,,169661,10,,,,0
672032,,,169661,16,,,,0
672032,,,169662,7,,,,0
672032,,,169663,5,,,,0
672032,,,169664,4,,,,0
672032,,,169672,3,,,,0
672032,,,169673,2,,,,0
672032,,,169674,20,,,,0
672032,16:20:00,16:20:00,161776,1,,,,1
672032,16:26:00,16:26:00,161798,6,,,,1
672032,16:40:00,16:40:00,161799,8,,,,1
672032,16:48:00,16:48:00,161800,9,,,,1
672032,16:58:00,16:58:00,161802,12,,,,1
672032,17:05:00,17:05:00,161803,13,,,,1
672032,17:11:00,17:11:00,161801,14,,,,1
672032,17:20:00,17:20:00,161804,17,,,,1
672032,17:30:00,17:30:00,161805,18,,,,1
672032,17:50:00,17:50:00,161776,24,,,,1
672416,,,161570,11,,,,0
672416,,,161577,12,,,,0
672416,,,161629,8,,,,0
672416,,,161630,4,,,,0
672416,,,161658,14,,,,0
672416,,,161659,5,,,,0
672416,,,161660,6,,,,0
672416,,,161663,7,,,,0
672416,,,161761,2,,,,0
672416,,,162721,3,,,,0
672416,,,169569,10,,,,0
672416,,,169570,13,,,,0
672416,08:00:00,08:00:00,161776,1,,,,1
672416,08:15:00,08:15:00,161583,9,,,,1
672416,08:30:00,08:30:00,161776,15,,,,1
678071,,,161570,11,,,,0
678071,,,161577,12,,,,0
678071,,,161629,8,,,,0
678071,,,161630,4,,,,0
678071,,,161658,14,,,,0
678071,,,161659,5,,,,0
678071,,,161660,6,,,,0
678071,,,161663,7,,,,0
678071,,,161761,2,,,,0
678071,,,162721,3,,,,0
678071,,,169569,10,,,,0
678071,,,169570,13,,,,0
678071,08:15:00,08:15:00,161776,1,,,,1
678071,08:30:00,08:30:00,161583,9,,,,1
678071,08:45:00,08:45:00,161776,15,,,,1
678072,,,161570,11,,,,0
678072,,,161577,12,,,,0
678072,,,161629,8,,,,0
678072,,,161630,4,,,,0
678072,,,161658,14,,,,0
678072,,,161659,5,,,,0
678072,,,161660,6,,,,0
678072,,,161663,7,,,,0
678072,,,161761,2,,,,0
678072,,,162721,3,,,,0
678072,,,169569,10,,,,0
678072,,,169570,13,,,,0
678072,08:30:00,08:30:00,161776,1,,,,1
678072,08:45:00,08:45:00,161583,9,,,,1
678072,09:00:00,09:00:00,161776,15,,,,1
678073,,,161570,11,,,,0
678073,,,161577,12,,,,0
678073,,,161629,8,,,,0
678073,,,161630,4,,,,0
678073,,,161658,14,,,,0
678073,,,161659,5,,,,0
678073,,,161660,6,,,,0
678073,,,161663,7,,,,0
678073,,,161761,2,,,,0
678073,,,162721,3,,,,0
678073,,,169569,10,,,,0
678073,,,169570,13,,,,0
678073,08:45:00,08:45:00,161776,1,,,,1
678073,09:00:00,09:00:00,161583,9,,,,1
678073,09:15:00,09:15:00,161776,15,,,,1
678074,,,161570,11,,,,0
678074,,,161577,12,,,,0
678074,,,161629,8,,,,0
678074,,,161630,4,,,,0
678074,,,161658,14,,,,0
678074,,,161659,5,,,,0
678074,,,161660,6,,,,0
678074,,,161663,7,,,,0
678074,,,161761,2,,,,0
678074,,,162721,3,,,,0
678074,,,169569,10,,,,0
678074,,,169570,13,,,,0
678074,09:30:00,09:30:00,161776,1,,,,1
678074,09:45:00,09:45:00,161583,9,,,,1
678074,10:00:00,10:00:00,161776,15,,,,1
678075,,,161570,11,,,,0
678075,,,161577,12,,,,0
678075,,,161629,8,,,,0
678075,,,161630,4,,,,0
678075,,,161658,14,,,,0
678075,,,161659,5,,,,0
678075,,,161660,6,,,,0
678075,,,161663,7,,,,0
678075,,,161761,2,,,,0
678075,,,162721,3,,,,0
678075,,,169569,10,,,,0
678075,,,169570,13,,,,0
678075,10:15:00,10:15:00,161776,1,,,,1
678075,10:30:00,10:30:00,161583,9,,,,1
678075,10:45:00,10:45:00,161776,15,,,,1
678076,,,161570,11,,,,0
678076,,,161577,12,,,,0
678076,,,161629,8,,,,0
678076,,,161630,4,,,,0
678076,,,161658,14,,,,0
678076,,,161659,5,,,,0
678076,,,161660,6,,,,0
678076,,,161663,7,,,,0
678076,,,161761,2,,,,0
678076,,,162721,3,,,,0
678076,,,169569,10,,,,0
678076,,,169570,13,,,,0
678076,11:00:00,11:00:00,161776,1,,,,1
678076,11:15:00,11:15:00,161583,9,,,,1
678076,11:30:00,11:30:00,161776,15,,,,1
678077,,,161570,11,,,,0
678077,,,161577,12,,,,0
678077,,,161629,8,,,,0
678077,,,161630,4,,,,0
678077,,,161658,14,,,,0
678077,,,161659,5,,,,0
678077,,,161660,6,,,,0
678077,,,161663,7,,,,0
678077,,,161761,2,,,,0
678077,,,162721,3,,,,0
678077,,,169569,10,,,,0
678077,,,169570,13,,,,0
678077,11:45:00,11:45:00,161776,1,,,,1
678077,12:00:00,12:00:00,161583,9,,,,1
678077,12:15:00,12:15:00,161776,15,,,,1
678078,,,161570,11,,,,0
678078,,,161577,12,,,,0
678078,,,161629,8,,,,0
678078,,,161630,4,,,,0
678078,,,161658,14,,,,0
678078,,,161659,5,,,,0
678078,,,161660,6,,,,0
678078,,,161663,7,,,,0
678078,,,161761,2,,,,0
678078,,,162721,3,,,,0
678078,,,169569,10,,,,0
678078,,,169570,13,,,,0
678078,12:30:00,12:30:00,161776,1,,,,1
678078,12:45:00,12:45:00,161583,9,,,,1
678078,13:00:00,13:00:00,161776,15,,,,1
678079,,,161570,11,,,,0
678079,,,161577,12,,,,0
678079,,,161629,8,,,,0
678079,,,161630,4,,,,0
678079,,,161658,14,,,,0
678079,,,161659,5,,,,0
678079,,,161660,6,,,,0
678079,,,161663,7,,,,0
678079,,,161761,2,,,,0
678079,,,162721,3,,,,0
678079,,,169569,10,,,,0
678079,,,169570,13,,,,0
678079,13:15:00,13:15:00,161776,1,,,,1
678079,13:30:00,13:30:00,161583,9,,,,1
678079,13:45:00,13:45:00,161776,15,,,,1
678080,,,161570,11,,,,0
678080,,,161577,12,,,,0
678080,,,161629,8,,,,0
678080,,,161630,4,,,,0
678080,,,161658,14,,,,0
678080,,,161659,5,,,,0
678080,,,161660,6,,,,0
678080,,,161663,7,,,,0
678080,,,161761,2,,,,0
678080,,,162721,3,,,,0
678080,,,169569,10,,,,0
678080,,,169570,13,,,,0
678080,14:00:00,14:00:00,161776,1,,,,1
678080,14:15:00,14:15:00,161583,9,,,,1
678080,14:30:00,14:30:00,161776,15,,,,1
678081,,,161570,11,,,,0
678081,,,161577,12,,,,0
678081,,,161629,8,,,,0
678081,,,161630,4,,,,0
678081,,,161658,14,,,,0
678081,,,161659,5,,,,0
678081,,,161660,6,,,,0
678081,,,161663,7,,,,0
678081,,,161761,2,,,,0
678081,,,162721,3,,,,0
678081,,,169569,10,,,,0
678081,,,169570,13,,,,0
678081,14:45:00,14:45:00,161776,1,,,,1
678081,15:00:00,15:00:00,161583,9,,,,1
678081,15:15:00,15:15:00,161776,15,,,,1
678082,,,161570,11,,,,0
678082,,,161577,12,,,,0
678082,,,161629,8,,,,0
678082,,,161630,4,,,,0
678082,,,161658,14,,,,0
678082,,,161659,5,,,,0
678082,,,161660,6,,,,0
678082,,,161663,7,,,,0
678082,,,161761,2,,,,0
678082,,,162721,3,,,,0
678082,,,169569,10,,,,0
678082,,,169570,13,,,,0
678082,15:30:00,15:30:00,161776,1,,,,1
678082,15:45:00,15:45:00,161583,9,,,,1
678082,16:00:00,16:00:00,161776,15,,,,1
678083,,,161570,11,,,,0
678083,,,161577,12,,,,0
678083,,,161629,8,,,,0
678083,,,161630,4,,,,0
678083,,,161658,14,,,,0
678083,,,161659,5,,,,0
678083,,,161660,6,,,,0
678083,,,161663,7,,,,0
678083,,,161761,2,,,,0
678083,,,162721,3,,,,0
678083,,,169569,10,,,,0
678083,,,169570,13,,,,0
678083,16:15:00,16:15:00,161776,1,,,,1
678083,16:30:00,16:30:00,161583,9,,,,1
678083,16:45:00,16:45:00,161776,15,,,,1
678084,,,161570,11,,,,0
678084,,,161577,12,,,,0
678084,,,161629,8,,,,0
678084,,,161630,4,,,,0
678084,,,161658,14,,,,0
678084,,,161659,5,,,,0
678084,,,161660,6,,,,0
678084,,,161663,7,,,,0
678084,,,161761,2,,,,0
678084,,,162721,3,,,,0
678084,,,169569,10,,,,0
678084,,,169570,13,,,,0
678084,17:00:00,17:00:00,161776,1,,,,1
678084,17:15:00,17:15:00,161583,9,,,,1
678084,17:30:00,17:30:00,161776,15,,,,1
678085,,,161570,11,,,,0
678085,,,161577,12,,,,0
678085,,,161629,8,,,,0
678085,,,161630,4,,,,0
678085,,,161658,14,,,,0
678085,,,161659,5,,,,0
678085,,,161660,6,,,,0
678085,,,161663,7,,,,0
678085,,,161761,2,,,,0
678085,,,162721,3,,,,0
678085,,,169569,10,,,,0
678085,,,169570,13,,,,0
678085,17:45:00,17:45:00,161776,1,,,,1
678085,18:00:00,18:00:00,161583,9,,,,1
678085,18:15:00,18:15:00,161776,15,,,,1
678086,,,161570,11,,,,0
678086,,,161577,12,,,,0
678086,,,161629,8,,,,0
678086,,,161630,4,,,,0
678086,,,161658,14,,,,0
678086,,,161659,5,,,,0
678086,,,161660,6,,,,0
678086,,,161663,7,,,,0
678086,,,161761,2,,,,0
678086,,,162721,3,,,,0
678086,,,169569,10,,,,0
678086,,,169570,13,,,,0
678086,18:30:00,18:30:00,161776,1,,,,1
678086,18:45:00,18:45:00,161583,9,,,,1
678086,19:00:00,19:00:00,161776,15,,,,1
678087,,,161570,11,,,,0
678087,,,161577,12,,,,0
678087,,,161629,8,,,,0
678087,,,161630,4,,,,0
678087,,,161658,14,,,,0
678087,,,161659,5,,,,0
678087,,,161660,6,,,,0
678087,,,161663,7,,,,0
678087,,,161761,2,,,,0
678087,,,162721,3,,,,0
678087,,,169569,10,,,,0
678087,,,169570,13,,,,0
678087,19:15:00,19:15:00,161776,1,,,,1
678087,19:30:00,19:30:00,161583,9,,,,1
678087,19:45:00,19:45:00,161776,15,,,,1
678088,,,161570,11,,,,0
678088,,,161577,12,,,,0
678088,,,161629,8,,,,0
678088,,,161630,4,,,,0
678088,,,161658,14,,,,0
678088,,,161659,5,,,,0
678088,,,161660,6,,,,0
678088,,,161663,7,,,,0
678088,,,161761,2,,,,0
678088,,,162721,3,,,,0
678088,,,169569,10,,,,0
678088,,,169570,13,,,,0
678088,20:00:00,20:00:00,161776,1,,,,1
678088,20:15:00,20:15:00,161583,9,,,,1
678088,20:30:00,20:30:00,161776,15,,,,1
678089,,,161570,11,,,,0
678089,,,161577,12,,,,0
678089,,,161629,8,,,,0
678089,,,161630,4,,,,0
678089,,,161658,14,,,,0
678089,,,161659,5,,,,0
678089,,,161660,6,,,,0
678089,,,161663,7,,,,0
678089,,,161761,2,,,,0
678089,,,162721,3,,,,0
678089,,,169569,10,,,,0
678089,,,169570,13,,,,0
678089,09:00:00,09:00:00,161776,1,,,,1
678089,09:15:00,09:15:00,161583,9,,,,1
678089,09:30:00,09:30:00,161776,15,,,,1
678090,,,161570,11,,,,0
678090,,,161577,12,,,,0
678090,,,161629,8,,,,0
678090,,,161630,4,,,,0
678090,,,161658,14,,,,0
678090,,,161659,5,,,,0
678090,,,161660,6,,,,0
678090,,,161663,7,,,,0
678090,,,161761,2,,,,0
678090,,,162721,3,,,,0
678090,,,169569,10,,,,0
678090,,,169570,13,,,,0
678090,09:45:00,09:45:00,161776,1,,,,1
678090,10:00:00,10:00:00,161583,9,,,,1
678090,10:15:00,10:15:00,161776,15,,,,1
678091,,,161570,11,,,,0
678091,,,161577,12,,,,0
678091,,,161629,8,,,,0
678091,,,161630,4,,,,0
678091,,,161658,14,,,,0
678091,,,161659,5,,,,0
678091,,,161660,6,,,,0
678091,,,161663,7,,,,0
678091,,,161761,2,,,,0
678091,,,162721,3,,,,0
678091,,,169569,10,,,,0
678091,,,169570,13,,,,0
678091,10:30:00,10:30:00,161776,1,,,,1
678091,10:45:00,10:45:00,161583,9,,,,1
678091,11:00:00,11:00:00,161776,15,,,,1
678092,,,161570,11,,,,0
678092,,,161577,12,,,,0
678092,,,161629,8,,,,0
678092,,,161630,4,,,,0
678092,,,161658,14,,,,0
678092,,,161659,5,,,,0
678092,,,161660,6,,,,0
678092,,,161663,7,,,,0
678092,,,161761,2,,,,0
678092,,,162721,3,,,,0
678092,,,169569,10,,,,0
678092,,,169570,13,,,,0
678092,11:15:00,11:15:00,161776,1,,,,1
678092,11:30:00,11:30:00,161583,9,,,,1
678092,11:45:00,11:45:00,161776,15,,,,1
678093,,,161570,11,,,,0
678093,,,161577,12,,,,0
678093,,,161629,8,,,,0
678093,,,161630,4,,,,0
678093,,,161658,14,,,,0
678093,,,161659,5,,,,0
678093,,,161660,6,,,,0
678093,,,161663,7,,,,0
678093,,,161761,2,,,,0
678093,,,162721,3,,,,0
678093,,,169569,10,,,,0
678093,,,169570,13,,,,0
678093,12:00:00,12:00:00,161776,1,,,,1
678093,12:15:00,12:15:00,161583,9,,,,1
678093,12:30:00,12:30:00,161776,15,,,,1
678094,,,161570,11,,,,0
678094,,,161577,12,,,,0
678094,,,161629,8,,,,0
678094,,,161630,4,,,,0
678094,,,161658,14,,,,0
678094,,,161659,5,,,,0
678094,,,161660,6,,,,0
678094,,,161663,7,,,,0
678094,,,161761,2,,,,0
678094,,,162721,3,,,,0
678094,,,169569,10,,,,0
678094,,,169570,13,,,,0
678094,12:45:00,12:45:00,161776,1,,,,1
678094,13:00:00,13:00:00,161583,9,,,,1
678094,13:15:00,13:15:00,161776,15,,,,1
678095,,,161570,11,,,,0
678095,,,161577,12,,,,0
678095,,,161629,8,,,,0
678095,,,161630,4,,,,0
678095,,,161658,14,,,,0
678095,,,161659,5,,,,0
678095,,,161660,6,,,,0
678095,,,161663,7,,,,0
678095,,,161761,2,,,,0
678095,,,162721,3,,,,0
678095,,,169569,10,,,,0
678095,,,169570,13,,,,0
678095,13:30:00,13:30:00,161776,1,,,,1
678095,13:45:00,13:45:00,161583,9,,,,1
678095,14:00:00,14:00:00,161776,15,,,,1
678096,,,161570,11,,,,0
678096,,,161577,12,,,,0
678096,,,161629,8,,,,0
678096,,,161630,4,,,,0
678096,,,161658,14,,,,0
678096,,,161659,5,,,,0
678096,,,161660,6,,,,0
678096,,,161663,7,,,,0
678096,,,161761,2,,,,0
678096,,,162721,3,,,,0
678096,,,169569,10,,,,0
678096,,,169570,13,,,,0
678096,14:15:00,14:15:00,161776,1,,,,1
678096,14:30:00,14:30:00,161583,9,,,,1
678096,14:45:00,14:45:00,161776,15,,,,1
678097,,,161570,11,,,,0
678097,,,161577,12,,,,0
678097,,,161629,8,,,,0
678097,,,161630,4,,,,0
678097,,,161658,14,,,,0
678097,,,161659,5,,,,0
678097,,,161660,6,,,,0
678097,,,161663,7,,,,0
678097,,,161761,2,,,,0
678097,,,162721,3,,,,0
678097,,,169569,10,,,,0
678097,,,169570,13,,,,0
678097,15:00:00,15:00:00,161776,1,,,,1
678097,15:15:00,15:15:00,161583,9,,,,1
678097,15:30:00,15:30:00,161776,15,,,,1
678098,,,161570,11,,,,0
678098,,,161577,12,,,,0
678098,,,161629,8,,,,0
678098,,,161630,4,,,,0
678098,,,161658,14,,,,0
678098,,,161659,5,,,,0
678098,,,161660,6,,,,0
678098,,,161663,7,,,,0
678098,,,161761,2,,,,0
678098,,,162721,3,,,,0
678098,,,169569,10,,,,0
678098,,,169570,13,,,,0
678098,15:45:00,15:45:00,161776,1,,,,1
678098,16:00:00,16:00:00,161583,9,,,,1
678098,16:15:00,16:15:00,161776,15,,,,1
678099,,,161570,11,,,,0
678099,,,161577,12,,,,0
678099,,,161629,8,,,,0
678099,,,161630,4,,,,0
678099,,,161658,14,,,,0
678099,,,161659,5,,,,0
678099,,,161660,6,,,,0
678099,,,161663,7,,,,0
678099,,,161761,2,,,,0
678099,,,162721,3,,,,0
678099,,,169569,10,,,,0
678099,,,169570,13,,,,0
678099,16:30:00,16:30:00,161776,1,,,,1
678099,16:45:00,16:45:00,161583,9,,,,1
678099,17:00:00,17:00:00,161776,15,,,,1
678100,,,161570,11,,,,0
678100,,,161577,12,,,,0
678100,,,161629,8,,,,0
678100,,,161630,4,,,,0
678100,,,161658,14,,,,0
678100,,,161659,5,,,,0
678100,,,161660,6,,,,0
678100,,,161663,7,,,,0
678100,,,161761,2,,,,0
678100,,,162721,3,,,,0
678100,,,169569,10,,,,0
678100,,,169570,13,,,,0
678100,17:15:00,17:15:00,161776,1,,,,1
678100,17:30:00,17:30:00,161583,9,,,,1
678100,17:45:00,17:45:00,161776,15,,,,1
678101,,,161570,11,,,,0
678101,,,161577,12,,,,0
678101,,,161629,8,,,,0
678101,,,161630,4,,,,0
678101,,,161658,14,,,,0
678101,,,161659,5,,,,0
678101,,,161660,6,,,,0
678101,,,161663,7,,,,0
678101,,,161761,2,,,,0
678101,,,162721,3,,,,0
678101,,,169569,10,,,,0
678101,,,169570,13,,,,0
678101,18:00:00,18:00:00,161776,1,,,,1
678101,18:15:00,18:15:00,161583,9,,,,1
678101,18:30:00,18:30:00,161776,15,,,,1
678102,,,161570,11,,,,0
678102,,,161577,12,,,,0
678102,,,161629,8,,,,0
678102,,,161630,4,,,,0
678102,,,161658,14,,,,0
678102,,,161659,5,,,,0
678102,,,161660,6,,,,0
678102,,,161663,7,,,,0
678102,,,161761,2,,,,0
678102,,,162721,3,,,,0
678102,,,169569,10,,,,0
678102,,,169570,13,,,,0
678102,18:45:00,18:45:00,161776,1,,,,1
678102,19:00:00,19:00:00,161583,9,,,,1
678102,19:15:00,19:15:00,161776,15,,,,1
678103,,,161570,11,,,,0
678103,,,161577,12,,,,0
678103,,,161629,8,,,,0
678103,,,161630,4,,,,0
678103,,,161658,14,,,,0
678103,,,161659,5,,,,0
678103,,,161660,6,,,,0
678103,,,161663,7,,,,0
678103,,,161761,2,,,,0
678103,,,162721,3,,,,0
678103,,,169569,10,,,,0
678103,,,169570,13,,,,0
678103,19:30:00,19:30:00,161776,1,,,,1
678103,19:45:00,19:45:00,161583,9,,,,1
678103,20:00:00,20:00:00,161776,15,,,,1
678105,,,161570,11,,,,0
678105,,,161577,12,,,,0
678105,,,161629,8,,,,0
678105,,,161630,4,,,,0
678105,,,161658,14,,,,0
678105,,,161659,5,,,,0
678105,,,161660,6,,,,0
678105,,,161663,7,,,,0
678105,,,161761,2,,,,0
678105,,,162721,3,,,,0
678105,,,169569,10,,,,0
678105,,,169570,13,,,,0
678105,09:15:00,09:15:00,161776,1,,,,1
678105,09:30:00,09:30:00,161583,9,,,,1
678105,09:45:00,09:45:00,161776,15,,,,1
678106,,,161570,11,,,,0
678106,,,161577,12,,,,0
678106,,,161629,8,,,,0
678106,,,161630,4,,,,0
678106,,,161658,14,,,,0
678106,,,161659,5,,,,0
678106,,,161660,6,,,,0
678106,,,161663,7,,,,0
678106,,,161761,2,,,,0
678106,,,162721,3,,,,0
678106,,,169569,10,,,,0
678106,,,169570,13,,,,0
678106,10:00:00,10:00:00,161776,1,,,,1
678106,10:15:00,10:15:00,161583,9,,,,1
678106,10:30:00,10:30:00,161776,15,,,,1
678107,,,161570,11,,,,0
678107,,,161577,12,,,,0
678107,,,161629,8,,,,0
678107,,,161630,4,,,,0
678107,,,161658,14,,,,0
678107,,,161659,5,,,,0
678107,,,161660,6,,,,0
678107,,,161663,7,,,,0
678107,,,161761,2,,,,0
678107,,,162721,3,,,,0
678107,,,169569,10,,,,0
678107,,,169570,13,,,,0
678107,10:45:00,10:45:00,161776,1,,,,1
678107,11:00:00,11:00:00,161583,9,,,,1
678107,11:15:00,11:15:00,161776,15,,,,1
678108,,,161570,11,,,,0
678108,,,161577,12,,,,0
678108,,,161629,8,,,,0
678108,,,161630,4,,,,0
678108,,,161658,14,,,,0
678108,,,161659,5,,,,0
678108,,,161660,6,,,,0
678108,,,161663,7,,,,0
678108,,,161761,2,,,,0
678108,,,162721,3,,,,0
678108,,,169569,10,,,,0
678108,,,169570,13,,,,0
678108,11:30:00,11:30:00,161776,1,,,,1
678108,11:45:00,11:45:00,161583,9,,,,1
678108,12:00:00,12:00:00,161776,15,,,,1
678109,,,161570,11,,,,0
678109,,,161577,12,,,,0
678109,,,161629,8,,,,0
678109,,,161630,4,,,,0
678109,,,161658,14,,,,0
678109,,,161659,5,,,,0
678109,,,161660,6,,,,0
678109,,,161663,7,,,,0
678109,,,161761,2,,,,0
678109,,,162721,3,,,,0
678109,,,169569,10,,,,0
678109,,,169570,13,,,,0
678109,12:15:00,12:15:00,161776,1,,,,1
678109,12:30:00,12:30:00,161583,9,,,,1
678109,12:45:00,12:45:00,161776,15,,,,1
678110,,,161570,11,,,,0
678110,,,161577,12,,,,0
678110,,,161629,8,,,,0
678110,,,161630,4,,,,0
678110,,,161658,14,,,,0
678110,,,161659,5,,,,0
678110,,,161660,6,,,,0
678110,,,161663,7,,,,0
678110,,,161761,2,,,,0
678110,,,162721,3,,,,0
678110,,,169569,10,,,,0
678110,,,169570,13,,,,0
678110,13:00:00,13:00:00,161776,1,,,,1
678110,13:15:00,13:15:00,161583,9,,,,1
678110,13:30:00,13:30:00,161776,15,,,,1
678111,,,161570,11,,,,0
678111,,,161577,12,,,,0
678111,,,161629,8,,,,0
678111,,,161630,4,,,,0
678111,,,161658,14,,,,0
678111,,,161659,5,,,,0
678111,,,161660,6,,,,0
678111,,,161663,7,,,,0
678111,,,161761,2,,,,0
678111,,,162721,3,,,,0
678111,,,169569,10,,,,0
678111,,,169570,13,,,,0
678111,13:45:00,13:45:00,161776,1,,,,1
678111,14:00:00,14:00:00,161583,9,,,,1
678111,14:15:00,14:15:00,161776,15,,,,1
678112,,,161570,11,,,,0
678112,,,161577,12,,,,0
678112,,,161629,8,,,,0
678112,,,161630,4,,,,0
678112,,,161658,14,,,,0
678112,,,161659,5,,,,0
678112,,,161660,6,,,,0
678112,,,161663,7,,,,0
678112,,,161761,2,,,,0
678112,,,162721,3,,,,0
678112,,,169569,10,,,,0
678112,,,169570,13,,,,0
678112,14:30:00,14:30:00,161776,1,,,,1
678112,14:45:00,14:45:00,161583,9,,,,1
678112,15:00:00,15:00:00,161776,15,,,,1
678113,,,161570,11,,,,0
678113,,,161577,12,,,,0
678113,,,161629,8,,,,0
678113,,,161630,4,,,,0
678113,,,161658,14,,,,0
678113,,,161659,5,,,,0
678113,,,161660,6,,,,0
678113,,,161663,7,,,,0
678113,,,161761,2,,,,0
678113,,,162721,3,,,,0
678113,,,169569,10,,,,0
678113,,,169570,13,,,,0
678113,15:15:00,15:15:00,161776,1,,,,1
678113,15:30:00,15:30:00,161583,9,,,,1
678113,15:45:00,15:45:00,161776,15,,,,1
678114,,,161570,11,,,,0
678114,,,161577,12,,,,0
678114,,,161629,8,,,,0
678114,,,161630,4,,,,0
678114,,,161658,14,,,,0
678114,,,161659,5,,,,0
678114,,,161660,6,,,,0
678114,,,161663,7,,,,0
678114,,,161761,2,,,,0
678114,,,162721,3,,,,0
678114,,,169569,10,,,,0
678114,,,169570,13,,,,0
678114,16:00:00,16:00:00,161776,1,,,,1
678114,16:15:00,16:15:00,161583,9,,,,1
678114,16:30:00,16:30:00,161776,15,,,,1
678115,,,161570,11,,,,0
678115,,,161577,12,,,,0
678115,,,161629,8,,,,0
678115,,,161630,4,,,,0
678115,,,161658,14,,,,0
678115,,,161659,5,,,,0
678115,,,161660,6,,,,0
678115,,,161663,7,,,,0
678115,,,161761,2,,,,0
678115,,,162721,3,,,,0
678115,,,169569,10,,,,0
678115,,,169570,13,,,,0
678115,16:45:00,16:45:00,161776,1,,,,1
678115,17:00:00,17:00:00,161583,9,,,,1
678115,17:15:00,17:15:00,161776,15,,,,1
678116,,,161570,11,,,,0
678116,,,161577,12,,,,0
678116,,,161629,8,,,,0
678116,,,161630,4,,,,0
678116,,,161658,14,,,,0
678116,,,161659,5,,,,0
678116,,,161660,6,,,,0
678116,,,161663,7,,,,0
678116,,,161761,2,,,,0
678116,,,162721,3,,,,0
678116,,,169569,10,,,,0
678116,,,169570,13,,,,0
678116,17:30:00,17:30:00,161776,1,,,,1
678116,17:45:00,17:45:00,161583,9,,,,1
678116,18:00:00,18:00:00,161776,15,,,,1
678117,,,161570,11,,,,0
678117,,,161577,12,,,,0
678117,,,161629,8,,,,0
678117,,,161630,4,,,,0
678117,,,161658,14,,,,0
678117,,,161659,5,,,,0
678117,,,161660,6,,,,0
678117,,,161663,7,,,,0
678117,,,161761,2,,,,0
678117,,,162721,3,,,,0
678117,,,169569,10,,,,0
678117,,,169570,13,,,,0
678117,18:15:00,18:15:00,161776,1,,,,1
678117,18:30:00,18:30:00,161583,9,,,,1
678117,18:45:00,18:45:00,161776,15,,,,1
678118,,,161570,11,,,,0
678118,,,161577,12,,,,0
678118,,,161629,8,,,,0
678118,,,161630,4,,,,0
678118,,,161658,14,,,,0
678118,,,161659,5,,,,0
678118,,,161660,6,,,,0
678118,,,161663,7,,,,0
678118,,,161761,2,,,,0
678118,,,162721,3,,,,0
678118,,,169569,10,,,,0
678118,,,169570,13,,,,0
678118,19:00:00,19:00:00,161776,1,,,,1
678118,19:15:00,19:15:00,161583,9,,,,1
678118,19:30:00,19:30:00,161776,15,,,,1
678119,,,161570,11,,,,0
678119,,,161577,12,,,,0
678119,,,161629,8,,,,0
678119,,,161630,4,,,,0
678119,,,161658,14,,,,0
678119,,,161659,5,,,,0
678119,,,161660,6,,,,0
678119,,,161663,7,,,,0
678119,,,161761,2,,,,0
678119,,,162721,3,,,,0
678119,,,169569,10,,,,0
678119,,,169570,13,,,,0
678119,19:45:00,19:45:00,161776,1,,,,1
678119,20:00:00,20:00:00,161583,9,,,,1
678119,20:15:00,20:15:00,161776,15,,,,1
694768,08:00:00,08:00:00,167504,1,,,,1
694768,08:15:00,08:15:00,161570,2,,,,1
694770,17:00:00,17:00:00,161570,1,,,,1
694770,17:15:00,17:15:00,167504,2,,,,1
700013,10:30:00,10:30:00,161673,1,,,,1
700013,10:35:00,10:35:00,161674,2,,,,1
700013,10:50:00,10:50:00,161675,3,,,,1
700013,10:55:00,10:55:00,161676,4,,,,1
700013,11:00:00,11:00:00,161677,5,,,,1
700013,11:05:00,11:05:00,161679,6,,,,1
700013,11:15:00,11:15:00,161675,7,,,,1
700013,11:25:00,11:25:00,161676,8,,,,1
700013,11:40:00,11:40:00,161678,9,,,,1
700013,11:55:00,11:55:00,161677,10,,,,1
700013,12:00:00,12:00:00,161679,11,,,,1
700013,12:05:00,12:05:00,161676,12,,,,1
700013,12:15:00,12:15:00,161675,13,,,,1
700013,12:45:00,12:45:00,161674,14,,,,1
700013,12:50:00,12:50:00,161673,15,,,,1
700015,13:00:00,13:00:00,161673,1,,,,1
700015,13:05:00,13:05:00,161674,2,,,,1
700015,13:20:00,13:20:00,161675,3,,,,1
700015,13:25:00,13:25:00,161676,4,,,,1
700015,13:30:00,13:30:00,161677,5,,,,1
700015,13:35:00,13:35:00,161679,6,,,,1
700015,13:45:00,13:45:00,161675,7,,,,1
700015,13:55:00,13:55:00,161676,8,,,,1
700015,14:10:00,14:10:00,161678,9,,,,1
700015,14:25:00,14:25:00,161677,10,,,,1
700015,14:30:00,14:30:00,161679,11,,,,1
700015,14:50:00,14:50:00,161676,12,,,,1
700015,15:00:00,15:00:00,161675,13,,,,1
700015,15:20:00,15:20:00,161674,14,,,,1
700015,15:25:00,15:25:00,161673,15,,,,1
701017,,,169655,23,,,,0
701017,,,169656,22,,,,0
701017,,,169657,21,,,,0
701017,,,169659,19,,,,0
701017,,,169660,11,,,,0
701017,,,169660,15,,,,0
701017,,,169661,10,,,,0
701017,,,169661,16,,,,0
701017,,,169662,7,,,,0
701017,,,169663,5,,,,0
701017,,,169664,4,,,,0
701017,,,169672,3,,,,0
701017,,,169673,2,,,,0
701017,,,169674,20,,,,0
701017,08:20:00,08:20:00,161776,1,,,,1
701017,08:26:00,08:26:00,161798,6,,,,1
701017,08:40:00,08:40:00,161799,8,,,,1
701017,08:48:00,08:48:00,161800,9,,,,1
701017,08:58:00,08:58:00,161802,12,,,,1
701017,09:05:00,09:05:00,161803,13,,,,1
701017,09:11:00,09:11:00,161801,14,,,,1
701017,09:20:00,09:20:00,161804,17,,,,1
701017,09:30:00,09:30:00,161805,18,,,,1
701017,09:50:00,09:50:00,161776,24,,,,1
701018,,,169655,23,,,,0
701018,,,169656,22,,,,0
701018,,,169657,21,,,,0
701018,,,169659,19,,,,0
701018,,,169660,11,,,,0
701018,,,169660,15,,,,0
701018,,,169661,10,,,,0
701018,,,169661,16,,,,0
701018,,,169662,7,,,,0
701018,,,169663,5,,,,0
701018,,,169664,4,,,,0
701018,,,169672,3,,,,0
701018,,,169673,2,,,,0
701018,,,169674,20,,,,0
701018,08:40:00,08:40:00,161776,1,,,,1
701018,08:46:00,08:46:00,161798,6,,,,1
701018,09:00:00,09:00:00,161799,8,,,,1
701018,09:08:00,09:08:00,161800,9,,,,1
701018,09:18:00,09:18:00,161802,12,,,,1
701018,09:25:00,09:25:00,161803,13,,,,1
701018,09:31:00,09:31:00,161801,14,,,,1
701018,09:40:00,09:40:00,161804,17,,,,1
701018,09:50:00,09:50:00,161805,18,,,,1
701018,10:10:00,10:10:00,161776,24,,,,1
701019,,,169655,23,,,,0
701019,,,169656,22,,,,0
701019,,,169657,21,,,,0
701019,,,169659,19,,,,0
701019,,,169660,11,,,,0
701019,,,169660,15,,,,0
701019,,,169661,10,,,,0
701019,,,169661,16,,,,0
701019,,,169662,7,,,,0
701019,,,169663,5,,,,0
701019,,,169664,4,,,,0
701019,,,169672,3,,,,0
701019,,,169673,2,,,,0
701019,,,169674,20,,,,0
701019,10:00:00,10:00:00,161776,1,,,,1
701019,10:06:00,10:06:00,161798,6,,,,1
701019,10:20:00,10:20:00,161799,8,,,,1
701019,10:28:00,10:28:00,161800,9,,,,1
701019,10:38:00,10:38:00,161802,12,,,,1
701019,10:45:00,10:45:00,161803,13,,,,1
701019,10:51:00,10:51:00,161801,14,,,,1
701019,11:00:00,11:00:00,161804,17,,,,1
701019,11:10:00,11:10:00,161805,18,,,,1
701019,11:30:00,11:30:00,161776,24,,,,1
701020,,,169655,23,,,,0
701020,,,169656,22,,,,0
701020,,,169657,21,,,,0
701020,,,169659,19,,,,0
701020,,,169660,11,,,,0
701020,,,169660,15,,,,0
701020,,,169661,10,,,,0
701020,,,169661,16,,,,0
701020,,,169662,7,,,,0
701020,,,169663,5,,,,0
701020,,,169664,4,,,,0
701020,,,169672,3,,,,0
701020,,,169673,2,,,,0
701020,,,169674,20,,,,0
701020,11:40:00,11:40:00,161776,1,,,,1
701020,11:46:00,11:46:00,161798,6,,,,1
701020,12:00:00,12:00:00,161799,8,,,,1
701020,12:08:00,12:08:00,161800,9,,,,1
701020,12:18:00,12:18:00,161802,12,,,,1
701020,12:25:00,12:25:00,161803,13,,,,1
701020,12:31:00,12:31:00,161801,14,,,,1
701020,12:40:00,12:40:00,161804,17,,,,1
701020,12:50:00,12:50:00,161805,18,,,,1
701020,13:10:00,13:10:00,161776,24,,,,1
701021,,,169655,23,,,,0
701021,,,169656,22,,,,0
701021,,,169657,21,,,,0
701021,,,169659,19,,,,0
701021,,,169660,11,,,,0
701021,,,169660,15,,,,0
701021,,,169661,10,,,,0
701021,,,169661,16,,,,0
701021,,,169662,7,,,,0
701021,,,169663,5,,,,0
701021,,,169664,4,,,,0
701021,,,169672,3,,,,0
701021,,,169673,2,,,,0
701021,,,169674,20,,,,0
701021,13:20:00,13:20:00,161776,1,,,,1
701021,13:26:00,13:26:00,161798,6,,,,1
701021,13:40:00,13:40:00,161799,8,,,,1
701021,13:48:00,13:48:00,161800,9,,,,1
701021,13:58:00,13:58:00,161802,12,,,,1
701021,14:05:00,14:05:00,161803,13,,,,1
701021,14:11:00,14:11:00,161801,14,,,,1
701021,14:20:00,14:20:00,161804,17,,,,1
701021,14:30:00,14:30:00,161805,18,,,,1
701021,14:50:00,14:50:00,161776,24,,,,1
701022,,,169655,23,,,,0
701022,,,169656,22,,,,0
701022,,,169657,21,,,,0
701022,,,169659,19,,,,0
701022,,,169660,11,,,,0
701022,,,169660,15,,,,0
701022,,,169661,10,,,,0
701022,,,169661,16,,,,0
701022,,,169662,7,,,,0
701022,,,169663,5,,,,0
701022,,,169664,4,,,,0
701022,,,169672,3,,,,0
701022,,,169673,2,,,,0
701022,,,169674,20,,,,0
701022,15:00:00,15:00:00,161776,1,,,,1
701022,15:06:00,15:06:00,161798,6,,,,1
701022,15:20:00,15:20:00,161799,8,,,,1
701022,15:28:00,15:28:00,161800,9,,,,1
701022,15:38:00,15:38:00,161802,12,,,,1
701022,15:45:00,15:45:00,161803,13,,,,1
701022,15:51:00,15:51:00,161801,14,,,,1
701022,16:00:00,16:00:00,161804,17,,,,1
701022,16:10:00,16:10:00,161805,18,,,,1
701022,16:30:00,16:30:00,161776,24,,,,1
701023,,,169655,23,,,,0
701023,,,169656,22,,,,0
701023,,,169657,21,,,,0
701023,,,169659,19,,,,0
701023,,,169660,11,,,,0
701023,,,169660,15,,,,0
701023,,,169661,10,,,,0
701023,,,169661,16,,,,0
701023,,,169662,7,,,,0
701023,,,169663,5,,,,0
701023,,,169664,4,,,,0
701023,,,169672,3,,,,0
701023,,,169673,2,,,,0
701023,,,169674,20,,,,0
701023,16:40:00,16:40:00,161776,1,,,,1
701023,16:46:00,16:46:00,161798,6,,,,1
701023,17:00:00,17:00:00,161799,8,,,,1
701023,17:08:00,17:08:00,161800,9,,,,1
701023,17:18:00,17:18:00,161802,12,,,,1
701023,17:25:00,17:25:00,161803,13,,,,1
701023,17:31:00,17:31:00,161801,14,,,,1
701023,17:40:00,17:40:00,161804,17,,,,1
701023,17:50:00,17:50:00,161805,18,,,,1
701023,18:10:00,18:10:00,161776,24,,,,1
701024,,,169655,23,,,,0
701024,,,169656,22,,,,0
701024,,,169657,21,,,,0
701024,,,169659,19,,,,0
701024,,,169660,11,,,,0
701024,,,169660,15,,,,0
701024,,,169661,10,,,,0
701024,,,169661,16,,,,0
701024,,,169662,7,,,,0
701024,,,169663,5,,,,0
701024,,,169664,4,,,,0
701024,,,169672,3,,,,0
701024,,,169673,2,,,,0
701024,,,169674,20,,,,0
701024,18:20:00,18:20:00,161776,1,,,,1
701024,18:26:00,18:26:00,161798,6,,,,1
701024,18:40:00,18:40:00,161799,8,,,,1
701024,18:48:00,18:48:00,161800,9,,,,1
701024,18:58:00,18:58:00,161802,12,,,,1
701024,19:05:00,19:05:00,161803,13,,,,1
701024,19:11:00,19:11:00,161801,14,,,,1
701024,19:20:00,19:20:00,161804,17,,,,1
701024,19:30:00,19:30:00,161805,18,,,,1
701024,19:50:00,19:50:00,161776,24,,,,1
701045,,,169655,23,,,,0
701045,,,169656,22,,,,0
701045,,,169657,21,,,,0
701045,,,169659,19,,,,0
701045,,,169660,11,,,,0
701045,,,169660,15,,,,0
701045,,,169661,10,,,,0
701045,,,169661,16,,,,0
701045,,,169662,7,,,,0
701045,,,169663,5,,,,0
701045,,,169664,4,,,,0
701045,,,169672,3,,,,0
701045,,,169673,2,,,,0
701045,,,169674,20,,,,0
701045,18:00:00,18:00:00,161776,1,,,,1
701045,18:06:00,18:06:00,161798,6,,,,1
701045,18:20:00,18:20:00,161799,8,,,,1
701045,18:28:00,18:28:00,161800,9,,,,1
701045,18:38:00,18:38:00,161802,12,,,,1
701045,18:45:00,18:45:00,161803,13,,,,1
701045,18:51:00,18:51:00,161801,14,,,,1
701045,19:00:00,19:00:00,161804,17,,,,1
701045,19:10:00,19:10:00,161805,18,,,,1
701045,19:30:00,19:30:00,161776,24,,,,1
701046,,,169655,23,,,,0
701046,,,169656,22,,,,0
701046,,,169657,21,,,,0
701046,,,169659,19,,,,0
701046,,,169660,11,,,,0
701046,,,169660,15,,,,0
701046,,,169661,10,,,,0
701046,,,169661,16,,,,0
701046,,,169662,7,,,,0
701046,,,169663,5,,,,0
701046,,,169664,4,,,,0
701046,,,169672,3,,,,0
701046,,,169673,2,,,,0
701046,,,169674,20,,,,0
701046,10:20:00,10:20:00,161776,1,,,,1
701046,10:26:00,10:26:00,161798,6,,,,1
701046,10:40:00,10:40:00,161799,8,,,,1
701046,10:48:00,10:48:00,161800,9,,,,1
701046,10:58:00,10:58:00,161802,12,,,,1
701046,11:05:00,11:05:00,161803,13,,,,1
701046,11:11:00,11:11:00,161801,14,,,,1
701046,11:20:00,11:20:00,161804,17,,,,1
701046,11:30:00,11:30:00,161805,18,,,,1
701046,11:50:00,11:50:00,161776,24,,,,1
701047,,,169655,23,,,,0
701047,,,169656,22,,,,0
701047,,,169657,21,,,,0
701047,,,169659,19,,,,0
701047,,,169660,11,,,,0
701047,,,169660,15,,,,0
701047,,,169661,10,,,,0
701047,,,169661,16,,,,0
701047,,,169662,7,,,,0
701047,,,169663,5,,,,0
701047,,,169664,4,,,,0
701047,,,169672,3,,,,0
701047,,,169673,2,,,,0
701047,,,169674,20,,,,0
701047,12:00:00,12:00:00,161776,1,,,,1
701047,12:06:00,12:06:00,161798,6,,,,1
701047,12:20:00,12:20:00,161799,8,,,,1
701047,12:28:00,12:28:00,161800,9,,,,1
701047,12:38:00,12:38:00,161802,12,,,,1
701047,12:45:00,12:45:00,161803,13,,,,1
701047,12:51:00,12:51:00,161801,14,,,,1
701047,13:00:00,13:00:00,161804,17,,,,1
701047,13:10:00,13:10:00,161805,18,,,,1
701047,13:30:00,13:30:00,161776,24,,,,1
701048,,,169655,23,,,,0
701048,,,169656,22,,,,0
701048,,,169657,21,,,,0
701048,,,169659,19,,,,0
701048,,,169660,11,,,,0
701048,,,169660,15,,,,0
701048,,,169661,10,,,,0
701048,,,169661,16,,,,0
701048,,,169662,7,,,,0
701048,,,169663,5,,,,0
701048,,,169664,4,,,,0
701048,,,169672,3,,,,0
701048,,,169673,2,,,,0
701048,,,169674,20,,,,0
701048,13:40:00,13:40:00,161776,1,,,,1
701048,13:46:00,13:46:00,161798,6,,,,1
701048,14:00:00,14:00:00,161799,8,,,,1
701048,14:08:00,14:08:00,161800,9,,,,1
701048,14:18:00,14:18:00,161802,12,,,,1
701048,14:25:00,14:25:00,161803,13,,,,1
701048,14:31:00,14:31:00,161801,14,,,,1
701048,14:40:00,14:40:00,161804,17,,,,1
701048,14:50:00,14:50:00,161805,18,,,,1
701048,15:10:00,15:10:00,161776,24,,,,1
701049,,,169655,23,,,,0
701049,,,169656,22,,,,0
701049,,,169657,21,,,,0
701049,,,169659,19,,,,0
701049,,,169660,11,,,,0
701049,,,169660,15,,,,0
701049,,,169661,10,,,,0
701049,,,169661,16,,,,0
701049,,,169662,7,,,,0
701049,,,169663,5,,,,0
701049,,,169664,4,,,,0
701049,,,169672,3,,,,0
701049,,,169673,2,,,,0
701049,,,169674,20,,,,0
701049,15:20:00,15:20:00,161776,1,,,,1
701049,15:26:00,15:26:00,161798,6,,,,1
701049,15:40:00,15:40:00,161799,8,,,,1
701049,15:48:00,15:48:00,161800,9,,,,1
701049,15:58:00,15:58:00,161802,12,,,,1
701049,16:05:00,16:05:00,161803,13,,,,1
701049,16:11:00,16:11:00,161801,14,,,,1
701049,16:20:00,16:20:00,161804,17,,,,1
701049,16:30:00,16:30:00,161805,18,,,,1
701049,16:50:00,16:50:00,161776,24,,,,1
701050,,,169655,23,,,,0
701050,,,169656,22,,,,0
701050,,,169657,21,,,,0
701050,,,169659,19,,,,0
701050,,,169660,11,,,,0
701050,,,169660,15,,,,0
701050,,,169661,10,,,,0
701050,,,169661,16,,,,0
701050,,,169662,7,,,,0
701050,,,169663,5,,,,0
701050,,,169664,4,,,,0
701050,,,169672,3,,,,0
701050,,,169673,2,,,,0
701050,,,169674,20,,,,0
701050,17:00:00,17:00:00,161776,1,,,,1
701050,17:06:00,17:06:00,161798,6,,,,1
701050,17:20:00,17:20:00,161799,8,,,,1
701050,17:28:00,17:28:00,161800,9,,,,1
701050,17:38:00,17:38:00,161802,12,,,,1
701050,17:45:00,17:45:00,161803,13,,,,1
701050,17:51:00,17:51:00,161801,14,,,,1
701050,18:00:00,18:00:00,161804,17,,,,1
701050,18:10:00,18:10:00,161805,18,,,,1
701050,18:30:00,18:30:00,161776,24,,,,1
701052,,,169655,23,,,,0
701052,,,169656,22,,,,0
701052,,,169657,21,,,,0
701052,,,169659,19,,,,0
701052,,,169660,11,,,,0
701052,,,169660,15,,,,0
701052,,,169661,10,,,,0
701052,,,169661,16,,,,0
701052,,,169662,7,,,,0
701052,,,169663,5,,,,0
701052,,,169664,4,,,,0
701052,,,169672,3,,,,0
701052,,,169673,2,,,,0
701052,,,169674,20,,,,0
701052,09:00:00,09:00:00,161776,1,,,,1
701052,09:06:00,09:06:00,161798,6,,,,1
701052,09:20:00,09:20:00,161799,8,,,,1
701052,09:28:00,09:28:00,161800,9,,,,1
701052,09:38:00,09:38:00,161802,12,,,,1
701052,09:45:00,09:45:00,161803,13,,,,1
701052,09:51:00,09:51:00,161801,14,,,,1
701052,10:00:00,10:00:00,161804,17,,,,1
701052,10:10:00,10:10:00,161805,18,,,,1
701052,10:30:00,10:30:00,161776,24,,,,1
701053,,,169655,23,,,,0
701053,,,169656,22,,,,0
701053,,,169657,21,,,,0
701053,,,169659,19,,,,0
701053,,,169660,11,,,,0
701053,,,169660,15,,,,0
701053,,,169661,10,,,,0
701053,,,169661,16,,,,0
701053,,,169662,7,,,,0
701053,,,169663,5,,,,0
701053,,,169664,4,,,,0
701053,,,169672,3,,,,0
701053,,,169673,2,,,,0
701053,,,169674,20,,,,0
701053,09:20:00,09:20:00,161776,1,,,,1
701053,09:26:00,09:26:00,161798,6,,,,1
701053,09:40:00,09:40:00,161799,8,,,,1
701053,09:48:00,09:48:00,161800,9,,,,1
701053,09:58:00,09:58:00,161802,12,,,,1
701053,10:05:00,10:05:00,161803,13,,,,1
701053,10:11:00,10:11:00,161801,14,,,,1
701053,10:20:00,10:20:00,161804,17,,,,1
701053,10:30:00,10:30:00,161805,18,,,,1
701053,10:50:00,10:50:00,161776,24,,,,1
701054,,,169655,23,,,,0
701054,,,169656,22,,,,0
701054,,,169657,21,,,,0
701054,,,169659,19,,,,0
701054,,,169660,11,,,,0
701054,,,169660,15,,,,0
701054,,,169661,10,,,,0
701054,,,169661,16,,,,0
701054,,,169662,7,,,,0
701054,,,169663,5,,,,0
701054,,,169664,4,,,,0
701054,,,169672,3,,,,0
701054,,,169673,2,,,,0
701054,,,169674,20,,,,0
701054,10:40:00,10:40:00,161776,1,,,,1
701054,10:46:00,10:46:00,161798,6,,,,1
701054,11:00:00,11:00:00,161799,8,,,,1
701054,11:08:00,11:08:00,161800,9,,,,1
701054,11:18:00,11:18:00,161802,12,,,,1
701054,11:25:00,11:25:00,161803,13,,,,1
701054,11:31:00,11:31:00,161801,14,,,,1
701054,11:40:00,11:40:00,161804,17,,,,1
701054,11:50:00,11:50:00,161805,18,,,,1
701054,12:10:00,12:10:00,161776,24,,,,1
701055,,,169655,23,,,,0
701055,,,169656,22,,,,0
701055,,,169657,21,,,,0
701055,,,169659,19,,,,0
701055,,,169660,11,,,,0
701055,,,169660,15,,,,0
701055,,,169661,10,,,,0
701055,,,169661,16,,,,0
701055,,,169662,7,,,,0
701055,,,169663,5,,,,0
701055,,,169664,4,,,,0
701055,,,169672,3,,,,0
701055,,,169673,2,,,,0
701055,,,169674,20,,,,0
701055,12:20:00,12:20:00,161776,1,,,,1
701055,12:26:00,12:26:00,161798,6,,,,1
701055,12:40:00,12:40:00,161799,8,,,,1
701055,12:48:00,12:48:00,161800,9,,,,1
701055,12:58:00,12:58:00,161802,12,,,,1
701055,13:05:00,13:05:00,161803,13,,,,1
701055,13:11:00,13:11:00,161801,14,,,,1
701055,13:20:00,13:20:00,161804,17,,,,1
701055,13:30:00,13:30:00,161805,18,,,,1
701055,13:50:00,13:50:00,161776,24,,,,1
701056,,,169655,23,,,,0
701056,,,169656,22,,,,0
701056,,,169657,21,,,,0
701056,,,169659,19,,,,0
701056,,,169660,11,,,,0
701056,,,169660,15,,,,0
701056,,,169661,10,,,,0
701056,,,169661,16,,,,0
701056,,,169662,7,,,,0
701056,,,169663,5,,,,0
701056,,,169664,4,,,,0
701056,,,169672,3,,,,0
701056,,,169673,2,,,,0
701056,,,169674,20,,,,0
701056,14:00:00,14:00:00,161776,1,,,,1
701056,14:06:00,14:06:00,161798,6,,,,1
701056,14:20:00,14:20:00,161799,8,,,,1
701056,14:28:00,14:28:00,161800,9,,,,1
701056,14:38:00,14:38:00,161802,12,,,,1
701056,14:45:00,14:45:00,161803,13,,,,1
701056,14:51:00,14:51:00,161801,14,,,,1
701056,15:00:00,15:00:00,161804,17,,,,1
701056,15:10:00,15:10:00,161805,18,,,,1
701056,15:30:00,15:30:00,161776,24,,,,1
701057,,,169655,23,,,,0
701057,,,169656,22,,,,0
701057,,,169657,21,,,,0
701057,,,169659,19,,,,0
701057,,,169660,11,,,,0
701057,,,169660,15,,,,0
701057,,,169661,10,,,,0
701057,,,169661,16,,,,0
701057,,,169662,7,,,,0
701057,,,169663,5,,,,0
701057,,,169664,4,,,,0
701057,,,169672,3,,,,0
701057,,,169673,2,,,,0
701057,,,169674,20,,,,0
701057,15:40:00,15:40:00,161776,1,,,,1
701057,15:46:00,15:46:00,161798,6,,,,1
701057,16:00:00,16:00:00,161799,8,,,,1
701057,16:08:00,16:08:00,161800,9,,,,1
701057,16:18:00,16:18:00,161802,12,,,,1
701057,16:25:00,16:25:00,161803,13,,,,1
701057,16:31:00,16:31:00,161801,14,,,,1
701057,16:40:00,16:40:00,161804,17,,,,1
701057,16:50:00,16:50:00,161805,18,,,,1
701057,17:10:00,17:10:00,161776,24,,,,1
701058,,,169655,23,,,,0
701058,,,169656,22,,,,0
701058,,,169657,21,,,,0
701058,,,169659,19,,,,0
701058,,,169660,11,,,,0
701058,,,169660,15,,,,0
701058,,,169661,10,,,,0
701058,,,169661,16,,,,0
701058,,,169662,7,,,,0
701058,,,169663,5,,,,0
701058,,,169664,4,,,,0
701058,,,169672,3,,,,0
701058,,,169673,2,,,,0
701058,,,169674,20,,,,0
701058,17:20:00,17:20:00,161776,1,,,,1
701058,17:26:00,17:26:00,161798,6,,,,1
701058,17:40:00,17:40:00,161799,8,,,,1
701058,17:48:00,17:48:00,161800,9,,,,1
701058,17:58:00,17:58:00,161802,12,,,,1
701058,18:05:00,18:05:00,161803,13,,,,1
701058,18:11:00,18:11:00,161801,14,,,,1
701058,18:20:00,18:20:00,161804,17,,,,1
701058,18:30:00,18:30:00,161805,18,,,,1
701058,18:50:00,18:50:00,161776,24,,,,1
701059,,,169655,23,,,,0
701059,,,169656,22,,,,0
701059,,,169657,21,,,,0
701059,,,169659,19,,,,0
701059,,,169660,11,,,,0
701059,,,169660,15,,,,0
701059,,,169661,10,,,,0
701059,,,169661,16,,,,0
701059,,,169662,7,,,,0
701059,,,169663,5,,,,0
701059,,,169664,4,,,,0
701059,,,169672,3,,,,0
701059,,,169673,2,,,,0
701059,,,169674,20,,,,0
701059,11:00:00,11:00:00,161776,1,,,,1
701059,11:06:00,11:06:00,161798,6,,,,1
701059,11:20:00,11:20:00,161799,8,,,,1
701059,11:28:00,11:28:00,161800,9,,,,1
701059,11:38:00,11:38:00,161802,12,,,,1
701059,11:45:00,11:45:00,161803,13,,,,1
701059,11:51:00,11:51:00,161801,14,,,,1
701059,12:00:00,12:00:00,161804,17,,,,1
701059,12:10:00,12:10:00,161805,18,,,,1
701059,12:30:00,12:30:00,161776,24,,,,1
701060,,,169655,23,,,,0
701060,,,169656,22,,,,0
701060,,,169657,21,,,,0
701060,,,169659,19,,,,0
701060,,,169660,11,,,,0
701060,,,169660,15,,,,0
701060,,,169661,10,,,,0
701060,,,169661,16,,,,0
701060,,,169662,7,,,,0
701060,,,169663,5,,,,0
701060,,,169664,4,,,,0
701060,,,169672,3,,,,0
701060,,,169673,2,,,,0
701060,,,169674,20,,,,0
701060,12:40:00,12:40:00,161776,1,,,,1
701060,12:46:00,12:46:00,161798,6,,,,1
701060,13:00:00,13:00:00,161799,8,,,,1
701060,13:08:00,13:08:00,161800,9,,,,1
701060,13:18:00,13:18:00,161802,12,,,,1
701060,13:25:00,13:25:00,161803,13,,,,1
701060,13:31:00,13:31:00,161801,14,,,,1
701060,13:40:00,13:40:00,161804,17,,,,1
701060,13:50:00,13:50:00,161805,18,,,,1
701060,14:10:00,14:10:00,161776,24,,,,1
701061,,,169655,23,,,,0
701061,,,169656,22,,,,0
701061,,,169657,21,,,,0
701061,,,169659,19,,,,0
701061,,,169660,11,,,,0
701061,,,169660,15,,,,0
701061,,,169661,10,,,,0
701061,,,169661,16,,,,0
701061,,,169662,7,,,,0
701061,,,169663,5,,,,0
701061,,,169664,4,,,,0
701061,,,169672,3,,,,0
701061,,,169673,2,,,,0
701061,,,169674,20,,,,0
701061,14:20:00,14:20:00,161776,1,,,,1
701061,14:26:00,14:26:00,161798,6,,,,1
701061,14:40:00,14:40:00,161799,8,,,,1
701061,14:48:00,14:48:00,161800,9,,,,1
701061,14:58:00,14:58:00,161802,12,,,,1
701061,15:05:00,15:05:00,161803,13,,,,1
701061,15:11:00,15:11:00,161801,14,,,,1
701061,15:20:00,15:20:00,161804,17,,,,1
701061,15:30:00,15:30:00,161805,18,,,,1
701061,15:50:00,15:50:00,161776,24,,,,1
701062,,,169655,23,,,,0
701062,,,169656,22,,,,0
701062,,,169657,21,,,,0
701062,,,169659,19,,,,0
701062,,,169660,11,,,,0
701062,,,169660,15,,,,0
701062,,,169661,10,,,,0
701062,,,169661,16,,,,0
701062,,,169662,7,,,,0
701062,,,169663,5,,,,0
701062,,,169664,4,,,,0
701062,,,169672,3,,,,0
701062,,,169673,2,,,,0
701062,,,169674,20,,,,0
701062,16:00:00,16:00:00,161776,1,,,,1
701062,16:06:00,16:06:00,161798,6,,,,1
701062,16:20:00,16:20:00,161799,8,,,,1
701062,16:28:00,16:28:00,161800,9,,,,1
701062,16:38:00,16:38:00,161802,12,,,,1
701062,16:45:00,16:45:00,161803,13,,,,1
701062,16:51:00,16:51:00,161801,14,,,,1
701062,17:00:00,17:00:00,161804,17,,,,1
701062,17:10:00,17:10:00,161805,18,,,,1
701062,17:30:00,17:30:00,161776,24,,,,1
701063,,,169655,23,,,,0
701063,,,169656,22,,,,0
701063,,,169657,21,,,,0
701063,,,169659,19,,,,0
701063,,,169660,11,,,,0
701063,,,169660,15,,,,0
701063,,,169661,10,,,,0
701063,,,169661,16,,,,0
701063,,,169662,7,,,,0
701063,,,169663,5,,,,0
701063,,,169664,4,,,,0
701063,,,169672,3,,,,0
701063,,,169673,2,,,,0
701063,,,169674,20,,,,0
701063,17:40:00,17:40:00,161776,1,,,,1
701063,17:46:00,17:46:00,161798,6,,,,1
701063,18:00:00,18:00:00,161799,8,,,,1
701063,18:08:00,18:08:00,161800,9,,,,1
701063,18:18:00,18:18:00,161802,12,,,,1
701063,18:25:00,18:25:00,161803,13,,,,1
701063,18:31:00,18:31:00,161801,14,,,,1
701063,18:40:00,18:40:00,161804,17,,,,1
701063,18:50:00,18:50:00,161805,18,,,,1
701063,19:10:00,19:10:00,161776,24,,,,1
705528,10:30:00,10:30:00,161570,1,,,,1
705528,10:45:00,10:45:00,167504,2,,,,1
705529,13:30:00,13:30:00,167504,1,,,,1
705529,13:45:00,13:45:00,161570,2,,,,1
758333,12:00:00,12:00:00,161630,1,,,,1
758333,12:02:00,12:02:00,161580,2,,,,1
758333,12:03:00,12:03:00,161659,3,,,,1
758333,12:04:00,12:04:00,161660,4,,,,1
758333,12:04:00,12:04:00,161661,5,,,,1
758333,12:05:00,12:05:00,161662,6,,,,1
758333,12:06:00,12:06:00,161663,7,,,,1
758333,12:06:00,12:06:00,161664,8,,,,1
758333,12:07:00,12:07:00,174698,9,,,,1
758333,12:09:00,12:09:00,161665,10,,,,1
758333,12:13:00,12:13:00,161666,11,,,,1
758333,12:14:00,12:14:00,161667,12,,,,1
758333,12:16:00,12:16:00,161668,13,,,,1
758333,12:18:00,12:18:00,161669,14,,,,1
758333,12:24:00,12:24:00,161670,15,,,,1
758333,12:25:00,12:25:00,169700,16,,,,1
758333,12:31:00,12:31:00,186403,17,,,,1
758333,12:34:00,12:34:00,174699,18,,,,1
758333,12:35:00,12:35:00,161671,19,,,,1
758333,12:36:00,12:36:00,161672,20,,,,1
758333,12:37:00,12:37:00,161639,22,,,,1
758333,12:37:00,12:37:00,161644,21,,,,1
758333,12:38:00,12:38:00,161640,23,,,,1
758333,12:39:00,12:39:00,161641,24,,,,1
758333,12:40:00,12:40:00,161642,25,,,,1
758334,12:50:00,12:50:00,161640,1,,,,1
758334,12:51:00,12:51:00,161641,2,,,,1
758334,12:52:00,12:52:00,161642,3,,,,1
758334,12:52:00,12:52:00,161644,4,,,,1
758334,12:54:00,12:54:00,161645,5,,,,1
758334,12:55:00,12:55:00,161646,6,,,,1
758334,12:55:00,12:55:00,161647,7,,,,1
758334,12:58:00,12:58:00,186404,8,,,,1
758334,13:04:00,13:04:00,161648,9,,,,1
758334,13:05:00,13:05:00,161649,10,,,,1
758334,13:10:00,13:10:00,161650,11,,,,1
758334,13:13:00,13:13:00,161651,12,,,,1
758334,13:14:00,13:14:00,161652,13,,,,1
758334,13:17:00,13:17:00,161653,14,,,,1
758334,13:19:00,13:19:00,161654,15,,,,1
758334,13:21:00,13:21:00,161655,16,,,,1
758334,13:21:00,13:21:00,161656,17,,,,1
758334,13:22:00,13:22:00,161577,18,,,,1
758334,13:22:00,13:22:00,161657,19,,,,1
758334,13:23:00,13:23:00,161581,20,,,,1
758334,13:24:00,13:24:00,161579,21,,,,1
758334,13:25:00,13:25:00,161658,22,,,,1
758334,13:27:00,13:27:00,161576,23,,,,1
758334,13:30:00,13:30:00,161630,24,,,,1
829293,,,161676,4,,,,0
829293,,,186664,2,,,,0
829293,,,186665,3,,,,0
829293,17:15:00,17:15:00,161629,1,,,,1
829293,18:00:00,18:00:00,186666,5,,,,1
829294,,,161676,2,,,,0
829294,,,186664,4,,,,0
829294,,,186665,3,,,,0
829294,18:00:00,18:00:00,186666,1,,,,1
829294,18:40:00,18:40:00,161629,5,,,,1
979030,,,161570,17,,,,0
979030,,,161571,14,,,,0
979030,,,161572,13,,,,0
979030,,,161574,15,,,,0
979030,,,161578,9,,,,0
979030,,,161584,20,,,,0
979030,,,161587,22,,,,0
979030,,,161589,21,,,,0
979030,,,161591,5,,,,0
979030,,,161601,2,,,,0
979030,,,161603,19,,,,0
979030,,,161604,10,,,,0
979030,,,161605,11,,,,0
979030,,,161606,25,,,,0
979030,,,161608,3,,,,0
979030,,,161610,7,,,,0
979030,,,161613,24,,,,0
979030,,,161618,16,,,,0
979030,,,161627,29,,,,0
979030,,,161628,6,,,,0
979030,,,206771,26,,,,0
979030,,,206772,27,,,,0
979030,,,206773,28,,,,0
979030,07:00:00,07:00:00,161624,1,,,,1
979030,07:05:00,07:05:00,161598,4,,,,1
979030,07:10:00,07:10:00,161623,8,,,,1
979030,07:16:00,07:16:00,161600,12,,,,1
979030,07:24:00,07:24:00,161629,18,,,,1
979030,07:29:00,07:29:00,161594,23,,,,1
979030,07:36:00,07:36:00,161624,30,,,,1
979031,,,161570,17,,,,0
979031,,,161571,14,,,,0
979031,,,161572,13,,,,0
979031,,,161574,15,,,,0
979031,,,161578,9,,,,0
979031,,,161584,20,,,,0
979031,,,161587,22,,,,0
979031,,,161589,21,,,,0
979031,,,161591,5,,,,0
979031,,,161601,2,,,,0
979031,,,161603,19,,,,0
979031,,,161604,10,,,,0
979031,,,161605,11,,,,0
979031,,,161606,25,,,,0
979031,,,161608,3,,,,0
979031,,,161610,7,,,,0
979031,,,161613,24,,,,0
979031,,,161618,16,,,,0
979031,,,161627,29,,,,0
979031,,,161628,6,,,,0
979031,,,206771,26,,,,0
979031,,,206772,27,,,,0
979031,,,206773,28,,,,0
979031,07:48:00,07:48:00,161624,1,,,,1
979031,07:53:00,07:53:00,161598,4,,,,1
979031,07:58:00,07:58:00,161623,8,,,,1
979031,08:04:00,08:04:00,161600,12,,,,1
979031,08:12:00,08:12:00,161629,18,,,,1
979031,08:17:00,08:17:00,161594,23,,,,1
979031,08:24:00,08:24:00,161624,30,,,,1
979032,,,161570,17,,,,0
979032,,,161571,14,,,,0
979032,,,161572,13,,,,0
979032,,,161574,15,,,,0
979032,,,161578,9,,,,0
979032,,,161584,20,,,,0
979032,,,161587,22,,,,0
979032,,,161589,21,,,,0
979032,,,161591,5,,,,0
979032,,,161601,2,,,,0
979032,,,161603,19,,,,0
979032,,,161604,10,,,,0
979032,,,161605,11,,,,0
979032,,,161606,25,,,,0
979032,,,161608,3,,,,0
979032,,,161610,7,,,,0
979032,,,161613,24,,,,0
979032,,,161618,16,,,,0
979032,,,161627,29,,,,0
979032,,,161628,6,,,,0
979032,,,206771,26,,,,0
979032,,,206772,27,,,,0
979032,,,206773,28,,,,0
979032,08:36:00,08:36:00,161624,1,,,,1
979032,08:41:00,08:41:00,161598,4,,,,1
979032,08:46:00,08:46:00,161623,8,,,,1
979032,08:52:00,08:52:00,161600,12,,,,1
979032,09:00:00,09:00:00,161629,18,,,,1
979032,09:05:00,09:05:00,161594,23,,,,1
979032,09:12:00,09:12:00,161624,30,,,,1
979033,,,161570,17,,,,0
979033,,,161571,14,,,,0
979033,,,161572,13,,,,0
979033,,,161574,15,,,,0
979033,,,161578,9,,,,0
979033,,,161584,20,,,,0
979033,,,161587,22,,,,0
979033,,,161589,21,,,,0
979033,,,161591,5,,,,0
979033,,,161601,2,,,,0
979033,,,161603,19,,,,0
979033,,,161604,10,,,,0
979033,,,161605,11,,,,0
979033,,,161606,25,,,,0
979033,,,161608,3,,,,0
979033,,,161610,7,,,,0
979033,,,161613,24,,,,0
979033,,,161618,16,,,,0
979033,,,161627,29,,,,0
979033,,,161628,6,,,,0
979033,,,206771,26,,,,0
979033,,,206772,27,,,,0
979033,,,206773,28,,,,0
979033,09:24:00,09:24:00,161624,1,,,,1
979033,09:29:00,09:29:00,161598,4,,,,1
979033,09:34:00,09:34:00,161623,8,,,,1
979033,09:40:00,09:40:00,161600,12,,,,1
979033,09:48:00,09:48:00,161629,18,,,,1
979033,09:53:00,09:53:00,161594,23,,,,1
979033,10:00:00,10:00:00,161624,30,,,,1
979034,,,161570,17,,,,0
979034,,,161571,14,,,,0
979034,,,161572,13,,,,0
979034,,,161574,15,,,,0
979034,,,161578,9,,,,0
979034,,,161584,20,,,,0
979034,,,161587,22,,,,0
979034,,,161589,21,,,,0
979034,,,161591,5,,,,0
979034,,,161601,2,,,,0
979034,,,161603,19,,,,0
979034,,,161604,10,,,,0
979034,,,161605,11,,,,0
979034,,,161606,25,,,,0
979034,,,161608,3,,,,0
979034,,,161610,7,,,,0
979034,,,161613,24,,,,0
979034,,,161618,16,,,,0
979034,,,161627,29,,,,0
979034,,,161628,6,,,,0
979034,,,206771,26,,,,0
979034,,,206772,27,,,,0
979034,,,206773,28,,,,0
979034,10:12:00,10:12:00,161624,1,,,,1
979034,10:17:00,10:17:00,161598,4,,,,1
979034,10:22:00,10:22:00,161623,8,,,,1
979034,10:28:00,10:28:00,161600,12,,,,1
979034,10:36:00,10:36:00,161629,18,,,,1
979034,10:41:00,10:41:00,161594,23,,,,1
979034,10:48:00,10:48:00,161624,30,,,,1
979035,,,161570,17,,,,0
979035,,,161571,14,,,,0
979035,,,161572,13,,,,0
979035,,,161574,15,,,,0
979035,,,161578,9,,,,0
979035,,,161584,20,,,,0
979035,,,161587,22,,,,0
979035,,,161589,21,,,,0
979035,,,161591,5,,,,0
979035,,,161601,2,,,,0
979035,,,161603,19,,,,0
979035,,,161604,10,,,,0
979035,,,161605,11,,,,0
979035,,,161606,25,,,,0
979035,,,161608,3,,,,0
979035,,,161610,7,,,,0
979035,,,161613,24,,,,0
979035,,,161618,16,,,,0
979035,,,161627,29,,,,0
979035,,,161628,6,,,,0
979035,,,206771,26,,,,0
979035,,,206772,27,,,,0
979035,,,206773,28,,,,0
979035,11:00:00,11:00:00,161624,1,,,,1
979035,11:05:00,11:05:00,161598,4,,,,1
979035,11:10:00,11:10:00,161623,8,,,,1
979035,11:16:00,11:16:00,161600,12,,,,1
979035,11:24:00,11:24:00,161629,18,,,,1
979035,11:29:00,11:29:00,161594,23,,,,1
979035,11:36:00,11:36:00,161624,30,,,,1
979036,,,161570,17,,,,0
979036,,,161571,14,,,,0
979036,,,161572,13,,,,0
979036,,,161574,15,,,,0
979036,,,161578,9,,,,0
979036,,,161584,20,,,,0
979036,,,161587,22,,,,0
979036,,,161589,21,,,,0
979036,,,161591,5,,,,0
979036,,,161601,2,,,,0
979036,,,161603,19,,,,0
979036,,,161604,10,,,,0
979036,,,161605,11,,,,0
979036,,,161606,25,,,,0
979036,,,161608,3,,,,0
979036,,,161610,7,,,,0
979036,,,161613,24,,,,0
979036,,,161618,16,,,,0
979036,,,161627,29,,,,0
979036,,,161628,6,,,,0
979036,,,206771,26,,,,0
979036,,,206772,27,,,,0
979036,,,206773,28,,,,0
979036,11:48:00,11:48:00,161624,1,,,,1
979036,11:53:00,11:53:00,161598,4,,,,1
979036,11:58:00,11:58:00,161623,8,,,,1
979036,12:04:00,12:04:00,161600,12,,,,1
979036,12:12:00,12:12:00,161629,18,,,,1
979036,12:17:00,12:17:00,161594,23,,,,1
979036,12:24:00,12:24:00,161624,30,,,,1
979037,,,161570,17,,,,0
979037,,,161571,14,,,,0
979037,,,161572,13,,,,0
979037,,,161574,15,,,,0
979037,,,161578,9,,,,0
979037,,,161584,20,,,,0
979037,,,161587,22,,,,0
979037,,,161589,21,,,,0
979037,,,161591,5,,,,0
979037,,,161601,2,,,,0
979037,,,161603,19,,,,0
979037,,,161604,10,,,,0
979037,,,161605,11,,,,0
979037,,,161606,25,,,,0
979037,,,161608,3,,,,0
979037,,,161610,7,,,,0
979037,,,161613,24,,,,0
979037,,,161618,16,,,,0
979037,,,161627,29,,,,0
979037,,,161628,6,,,,0
979037,,,206771,26,,,,0
979037,,,206772,27,,,,0
979037,,,206773,28,,,,0
979037,12:36:00,12:36:00,161624,1,,,,1
979037,12:41:00,12:41:00,161598,4,,,,1
979037,12:46:00,12:46:00,161623,8,,,,1
979037,12:52:00,12:52:00,161600,12,,,,1
979037,13:00:00,13:00:00,161629,18,,,,1
979037,13:05:00,13:05:00,161594,23,,,,1
979037,13:12:00,13:12:00,161624,30,,,,1
979038,,,161570,17,,,,0
979038,,,161571,14,,,,0
979038,,,161572,13,,,,0
979038,,,161574,15,,,,0
979038,,,161578,9,,,,0
979038,,,161584,20,,,,0
979038,,,161587,22,,,,0
979038,,,161589,21,,,,0
979038,,,161591,5,,,,0
979038,,,161601,2,,,,0
979038,,,161603,19,,,,0
979038,,,161604,10,,,,0
979038,,,161605,11,,,,0
979038,,,161606,25,,,,0
979038,,,161608,3,,,,0
979038,,,161610,7,,,,0
979038,,,161613,24,,,,0
979038,,,161618,16,,,,0
979038,,,161627,29,,,,0
979038,,,161628,6,,,,0
979038,,,206771,26,,,,0
979038,,,206772,27,,,,0
979038,,,206773,28,,,,0
979038,13:24:00,13:24:00,161624,1,,,,1
979038,13:29:00,13:29:00,161598,4,,,,1
979038,13:34:00,13:34:00,161623,8,,,,1
979038,13:40:00,13:40:00,161600,12,,,,1
979038,13:48:00,13:48:00,161629,18,,,,1
979038,13:53:00,13:53:00,161594,23,,,,1
979038,14:00:00,14:00:00,161624,30,,,,1
979039,,,161570,17,,,,0
979039,,,161571,14,,,,0
979039,,,161572,13,,,,0
979039,,,161574,15,,,,0
979039,,,161578,9,,,,0
979039,,,161584,20,,,,0
979039,,,161587,22,,,,0
979039,,,161589,21,,,,0
979039,,,161591,5,,,,0
979039,,,161601,2,,,,0
979039,,,161603,19,,,,0
979039,,,161604,10,,,,0
979039,,,161605,11,,,,0
979039,,,161606,25,,,,0
979039,,,161608,3,,,,0
979039,,,161610,7,,,,0
979039,,,161613,24,,,,0
979039,,,161618,16,,,,0
979039,,,161627,29,,,,0
979039,,,161628,6,,,,0
979039,,,206771,26,,,,0
979039,,,206772,27,,,,0
979039,,,206773,28,,,,0
979039,14:12:00,14:12:00,161624,1,,,,1
979039,14:17:00,14:17:00,161598,4,,,,1
979039,14:22:00,14:22:00,161623,8,,,,1
979039,14:28:00,14:28:00,161600,12,,,,1
979039,14:36:00,14:36:00,161629,18,,,,1
979039,14:41:00,14:41:00,161594,23,,,,1
979039,14:48:00,14:48:00,161624,30,,,,1
979040,,,161570,17,,,,0
979040,,,161571,14,,,,0
979040,,,161572,13,,,,0
979040,,,161574,15,,,,0
979040,,,161578,9,,,,0
979040,,,161584,20,,,,0
979040,,,161587,22,,,,0
979040,,,161589,21,,,,0
979040,,,161591,5,,,,0
979040,,,161601,2,,,,0
979040,,,161603,19,,,,0
979040,,,161604,10,,,,0
979040,,,161605,11,,,,0
979040,,,161606,25,,,,0
979040,,,161608,3,,,,0
979040,,,161610,7,,,,0
979040,,,161613,24,,,,0
979040,,,161618,16,,,,0
979040,,,161627,29,,,,0
979040,,,161628,6,,,,0
979040,,,206771,26,,,,0
979040,,,206772,27,,,,0
979040,,,206773,28,,,,0
979040,15:00:00,15:00:00,161624,1,,,,1
979040,15:05:00,15:05:00,161598,4,,,,1
979040,15:10:00,15:10:00,161623,8,,,,1
979040,15:16:00,15:16:00,161600,12,,,,1
979040,15:24:00,15:24:00,161629,18,,,,1
979040,15:29:00,15:29:00,161594,23,,,,1
979040,15:36:00,15:36:00,161624,30,,,,1
979041,,,161570,17,,,,0
979041,,,161571,14,,,,0
979041,,,161572,13,,,,0
979041,,,161574,15,,,,0
979041,,,161578,9,,,,0
979041,,,161584,20,,,,0
979041,,,161587,22,,,,0
979041,,,161589,21,,,,0
979041,,,161591,5,,,,0
979041,,,161601,2,,,,0
979041,,,161603,19,,,,0
979041,,,161604,10,,,,0
979041,,,161605,11,,,,0
979041,,,161606,25,,,,0
979041,,,161608,3,,,,0
979041,,,161610,7,,,,0
979041,,,161613,24,,,,0
979041,,,161618,16,,,,0
979041,,,161627,29,,,,0
979041,,,161628,6,,,,0
979041,,,206771,26,,,,0
979041,,,206772,27,,,,0
979041,,,206773,28,,,,0
979041,15:48:00,15:48:00,161624,1,,,,1
979041,15:53:00,15:53:00,161598,4,,,,1
979041,15:58:00,15:58:00,161623,8,,,,1
979041,16:04:00,16:04:00,161600,12,,,,1
979041,16:12:00,16:12:00,161629,18,,,,1
979041,16:17:00,16:17:00,161594,23,,,,1
979041,16:24:00,16:24:00,161624,30,,,,1
979042,,,161570,17,,,,0
979042,,,161571,14,,,,0
979042,,,161572,13,,,,0
979042,,,161574,15,,,,0
979042,,,161578,9,,,,0
979042,,,161584,20,,,,0
979042,,,161587,22,,,,0
979042,,,161589,21,,,,0
979042,,,161591,5,,,,0
979042,,,161601,2,,,,0
979042,,,161603,19,,,,0
979042,,,161604,10,,,,0
979042,,,161605,11,,,,0
979042,,,161606,25,,,,0
979042,,,161608,3,,,,0
979042,,,161610,7,,,,0
979042,,,161613,24,,,,0
979042,,,161618,16,,,,0
979042,,,161627,29,,,,0
979042,,,161628,6,,,,0
979042,,,206771,26,,,,0
979042,,,206772,27,,,,0
979042,,,206773,28,,,,0
979042,16:36:00,16:36:00,161624,1,,,,1
979042,16:41:00,16:41:00,161598,4,,,,1
979042,16:46:00,16:46:00,161623,8,,,,1
979042,16:52:00,16:52:00,161600,12,,,,1
979042,17:00:00,17:00:00,161629,18,,,,1
979042,17:05:00,17:05:00,161594,23,,,,1
979042,17:12:00,17:12:00,161624,30,,,,1
979043,,,161570,17,,,,0
979043,,,161571,14,,,,0
979043,,,161572,13,,,,0
979043,,,161574,15,,,,0
979043,,,161578,9,,,,0
979043,,,161584,20,,,,0
979043,,,161587,22,,,,0
979043,,,161589,21,,,,0
979043,,,161591,5,,,,0
979043,,,161601,2,,,,0
979043,,,161603,19,,,,0
979043,,,161604,10,,,,0
979043,,,161605,11,,,,0
979043,,,161606,25,,,,0
979043,,,161608,3,,,,0
979043,,,161610,7,,,,0
979043,,,161613,24,,,,0
979043,,,161618,16,,,,0
979043,,,161627,29,,,,0
979043,,,161628,6,,,,0
979043,,,206771,26,,,,0
979043,,,206772,27,,,,0
979043,,,206773,28,,,,0
979043,17:24:00,17:24:00,161624,1,,,,1
979043,17:29:00,17:29:00,161598,4,,,,1
979043,17:34:00,17:34:00,161623,8,,,,1
979043,17:40:00,17:40:00,161600,12,,,,1
979043,17:48:00,17:48:00,161629,18,,,,1
979043,17:53:00,17:53:00,161594,23,,,,1
979043,18:00:00,18:00:00,161624,30,,,,1
979044,,,161570,17,,,,0
979044,,,161571,14,,,,0
979044,,,161572,13,,,,0
979044,,,161574,15,,,,0
979044,,,161578,9,,,,0
979044,,,161584,20,,,,0
979044,,,161587,22,,,,0
979044,,,161589,21,,,,0
979044,,,161591,5,,,,0
979044,,,161601,2,,,,0
979044,,,161603,19,,,,0
979044,,,161604,10,,,,0
979044,,,161605,11,,,,0
979044,,,161606,25,,,,0
979044,,,161608,3,,,,0
979044,,,161610,7,,,,0
979044,,,161613,24,,,,0
979044,,,161618,16,,,,0
979044,,,161627,29,,,,0
979044,,,161628,6,,,,0
979044,,,206771,26,,,,0
979044,,,206772,27,,,,0
979044,,,206773,28,,,,0
979044,18:12:00,18:12:00,161624,1,,,,1
979044,18:17:00,18:17:00,161598,4,,,,1
979044,18:22:00,18:22:00,161623,8,,,,1
979044,18:28:00,18:28:00,161600,12,,,,1
979044,18:36:00,18:36:00,161629,18,,,,1
979044,18:41:00,18:41:00,161594,23,,,,1
979044,18:48:00,18:48:00,161624,30,,,,1
979191,,,161573,18,,,,0
979191,,,161575,16,,,,0
979191,,,161582,15,,,,0
979191,,,161590,20,,,,0
979191,,,161592,8,,,,0
979191,,,161593,27,,,,0
979191,,,161595,21,,,,0
979191,,,161599,26,,,,0
979191,,,161602,30,,,,0
979191,,,161609,31,,,,0
979191,,,161611,22,,,,0
979191,,,161612,10,,,,0
979191,,,161614,7,,,,0
979191,,,161617,12,,,,0
979191,,,161619,13,,,,0
979191,,,161620,28,,,,0
979191,,,161621,11,,,,0
979191,,,161622,6,,,,0
979191,,,161625,2,,,,0
979191,,,161626,25,,,,0
979191,,,162477,23,,,,0
979191,,,163201,17,,,,0
979191,,,206775,3,,,,0
979191,,,206776,4,,,,0
979191,,,206777,5,,,,0
979191,07:00:00,07:00:00,161607,1,,,,1
979191,07:05:00,07:05:00,161586,9,,,,1
979191,07:12:00,07:12:00,161583,14,,,,1
979191,07:17:00,07:17:00,161585,19,,,,1
979191,07:23:00,07:23:00,161588,24,,,,1
979191,07:31:00,07:31:00,161596,29,,,,1
979191,07:36:00,07:36:00,161607,32,,,,1
979192,,,161573,18,,,,0
979192,,,161575,16,,,,0
979192,,,161582,15,,,,0
979192,,,161590,20,,,,0
979192,,,161592,8,,,,0
979192,,,161593,27,,,,0
979192,,,161595,21,,,,0
979192,,,161599,26,,,,0
979192,,,161602,30,,,,0
979192,,,161609,31,,,,0
979192,,,161611,22,,,,0
979192,,,161612,10,,,,0
979192,,,161614,7,,,,0
979192,,,161617,12,,,,0
979192,,,161619,13,,,,0
979192,,,161620,28,,,,0
979192,,,161621,11,,,,0
979192,,,161622,6,,,,0
979192,,,161625,2,,,,0
979192,,,161626,25,,,,0
979192,,,162477,23,,,,0
979192,,,163201,17,,,,0
979192,,,206775,3,,,,0
979192,,,206776,4,,,,0
979192,,,206777,5,,,,0
979192,07:48:00,07:48:00,161607,1,,,,1
979192,07:53:00,07:53:00,161586,9,,,,1
979192,08:00:00,08:00:00,161583,14,,,,1
979192,08:05:00,08:05:00,161585,19,,,,1
979192,08:11:00,08:11:00,161588,24,,,,1
979192,08:19:00,08:19:00,161596,29,,,,1
979192,08:24:00,08:24:00,161607,32,,,,1
979193,,,161573,18,,,,0
979193,,,161575,16,,,,0
979193,,,161582,15,,,,0
979193,,,161590,20,,,,0
979193,,,161592,8,,,,0
979193,,,161593,27,,,,0
979193,,,161595,21,,,,0
979193,,,161599,26,,,,0
979193,,,161602,30,,,,0
979193,,,161609,31,,,,0
979193,,,161611,22,,,,0
979193,,,161612,10,,,,0
979193,,,161614,7,,,,0
979193,,,161617,12,,,,0
979193,,,161619,13,,,,0
979193,,,161620,28,,,,0
979193,,,161621,11,,,,0
979193,,,161622,6,,,,0
979193,,,161625,2,,,,0
979193,,,161626,25,,,,0
979193,,,162477,23,,,,0
979193,,,163201,17,,,,0
979193,,,206775,3,,,,0
979193,,,206776,4,,,,0
979193,,,206777,5,,,,0
979193,08:36:00,08:36:00,161607,1,,,,1
979193,08:41:00,08:41:00,161586,9,,,,1
979193,08:48:00,08:48:00,161583,14,,,,1
979193,08:53:00,08:53:00,161585,19,,,,1
979193,08:59:00,08:59:00,161588,24,,,,1
979193,09:07:00,09:07:00,161596,29,,,,1
979193,09:12:00,09:12:00,161607,32,,,,1
979194,,,161573,18,,,,0
979194,,,161575,16,,,,0
979194,,,161582,15,,,,0
979194,,,161590,20,,,,0
979194,,,161592,8,,,,0
979194,,,161593,27,,,,0
979194,,,161595,21,,,,0
979194,,,161599,26,,,,0
979194,,,161602,30,,,,0
979194,,,161609,31,,,,0
979194,,,161611,22,,,,0
979194,,,161612,10,,,,0
979194,,,161614,7,,,,0
979194,,,161617,12,,,,0
979194,,,161619,13,,,,0
979194,,,161620,28,,,,0
979194,,,161621,11,,,,0
979194,,,161622,6,,,,0
979194,,,161625,2,,,,0
979194,,,161626,25,,,,0
979194,,,162477,23,,,,0
979194,,,163201,17,,,,0
979194,,,206775,3,,,,0
979194,,,206776,4,,,,0
979194,,,206777,5,,,,0
979194,09:24:00,09:24:00,161607,1,,,,1
979194,09:29:00,09:29:00,161586,9,,,,1
979194,09:36:00,09:36:00,161583,14,,,,1
979194,09:41:00,09:41:00,161585,19,,,,1
979194,09:47:00,09:47:00,161588,24,,,,1
979194,09:55:00,09:55:00,161596,29,,,,1
979194,10:00:00,10:00:00,161607,32,,,,1
979195,,,161573,18,,,,0
979195,,,161575,16,,,,0
979195,,,161582,15,,,,0
979195,,,161590,20,,,,0
979195,,,161592,8,,,,0
979195,,,161593,27,,,,0
979195,,,161595,21,,,,0
979195,,,161599,26,,,,0
979195,,,161602,30,,,,0
979195,,,161609,31,,,,0
979195,,,161611,22,,,,0
979195,,,161612,10,,,,0
979195,,,161614,7,,,,0
979195,,,161617,12,,,,0
979195,,,161619,13,,,,0
979195,,,161620,28,,,,0
979195,,,161621,11,,,,0
979195,,,161622,6,,,,0
979195,,,161625,2,,,,0
979195,,,161626,25,,,,0
979195,,,162477,23,,,,0
979195,,,163201,17,,,,0
979195,,,206775,3,,,,0
979195,,,206776,4,,,,0
979195,,,206777,5,,,,0
979195,10:12:00,10:12:00,161607,1,,,,1
979195,10:17:00,10:17:00,161586,9,,,,1
979195,10:24:00,10:24:00,161583,14,,,,1
979195,10:29:00,10:29:00,161585,19,,,,1
979195,10:35:00,10:35:00,161588,24,,,,1
979195,10:43:00,10:43:00,161596,29,,,,1
979195,10:48:00,10:48:00,161607,32,,,,1
979196,,,161573,18,,,,0
979196,,,161575,16,,,,0
979196,,,161582,15,,,,0
979196,,,161590,20,,,,0
979196,,,161592,8,,,,0
979196,,,161593,27,,,,0
979196,,,161595,21,,,,0
979196,,,161599,26,,,,0
979196,,,161602,30,,,,0
979196,,,161609,31,,,,0
979196,,,161611,22,,,,0
979196,,,161612,10,,,,0
979196,,,161614,7,,,,0
979196,,,161617,12,,,,0
979196,,,161619,13,,,,0
979196,,,161620,28,,,,0
979196,,,161621,11,,,,0
979196,,,161622,6,,,,0
979196,,,161625,2,,,,0
979196,,,161626,25,,,,0
979196,,,162477,23,,,,0
979196,,,163201,17,,,,0
979196,,,206775,3,,,,0
979196,,,206776,4,,,,0
979196,,,206777,5,,,,0
979196,11:00:00,11:00:00,161607,1,,,,1
979196,11:05:00,11:05:00,161586,9,,,,1
979196,11:12:00,11:12:00,161583,14,,,,1
979196,11:17:00,11:17:00,161585,19,,,,1
979196,11:23:00,11:23:00,161588,24,,,,1
979196,11:31:00,11:31:00,161596,29,,,,1
979196,11:36:00,11:36:00,161607,32,,,,1
979197,,,161573,18,,,,0
979197,,,161575,16,,,,0
979197,,,161582,15,,,,0
979197,,,161590,20,,,,0
979197,,,161592,8,,,,0
979197,,,161593,27,,,,0
979197,,,161595,21,,,,0
979197,,,161599,26,,,,0
979197,,,161602,30,,,,0
979197,,,161609,31,,,,0
979197,,,161611,22,,,,0
979197,,,161612,10,,,,0
979197,,,161614,7,,,,0
979197,,,161617,12,,,,0
979197,,,161619,13,,,,0
979197,,,161620,28,,,,0
979197,,,161621,11,,,,0
979197,,,161622,6,,,,0
979197,,,161625,2,,,,0
979197,,,161626,25,,,,0
979197,,,162477,23,,,,0
979197,,,163201,17,,,,0
979197,,,206775,3,,,,0
979197,,,206776,4,,,,0
979197,,,206777,5,,,,0
979197,11:48:00,11:48:00,161607,1,,,,1
979197,11:53:00,11:53:00,161586,9,,,,1
979197,12:00:00,12:00:00,161583,14,,,,1
979197,12:05:00,12:05:00,161585,19,,,,1
979197,12:11:00,12:11:00,161588,24,,,,1
979197,12:19:00,12:19:00,161596,29,,,,1
979197,12:24:00,12:24:00,161607,32,,,,1
979198,,,161573,18,,,,0
979198,,,161575,16,,,,0
979198,,,161582,15,,,,0
979198,,,161590,20,,,,0
979198,,,161592,8,,,,0
979198,,,161593,27,,,,0
979198,,,161595,21,,,,0
979198,,,161599,26,,,,0
979198,,,161602,30,,,,0
979198,,,161609,31,,,,0
979198,,,161611,22,,,,0
979198,,,161612,10,,,,0
979198,,,161614,7,,,,0
979198,,,161617,12,,,,0
979198,,,161619,13,,,,0
979198,,,161620,28,,,,0
979198,,,161621,11,,,,0
979198,,,161622,6,,,,0
979198,,,161625,2,,,,0
979198,,,161626,25,,,,0
979198,,,162477,23,,,,0
979198,,,163201,17,,,,0
979198,,,206775,3,,,,0
979198,,,206776,4,,,,0
979198,,,206777,5,,,,0
979198,12:36:00,12:36:00,161607,1,,,,1
979198,12:41:00,12:41:00,161586,9,,,,1
979198,12:48:00,12:48:00,161583,14,,,,1
979198,12:53:00,12:53:00,161585,19,,,,1
979198,12:59:00,12:59:00,161588,24,,,,1
979198,13:07:00,13:07:00,161596,29,,,,1
979198,13:12:00,13:12:00,161607,32,,,,1
979199,,,161573,18,,,,0
979199,,,161575,16,,,,0
979199,,,161582,15,,,,0
979199,,,161590,20,,,,0
979199,,,161592,8,,,,0
979199,,,161593,27,,,,0
979199,,,161595,21,,,,0
979199,,,161599,26,,,,0
979199,,,161602,30,,,,0
979199,,,161609,31,,,,0
979199,,,161611,22,,,,0
979199,,,161612,10,,,,0
979199,,,161614,7,,,,0
979199,,,161617,12,,,,0
979199,,,161619,13,,,,0
979199,,,161620,28,,,,0
979199,,,161621,11,,,,0
979199,,,161622,6,,,,0
979199,,,161625,2,,,,0
979199,,,161626,25,,,,0
979199,,,162477,23,,,,0
979199,,,163201,17,,,,0
979199,,,206775,3,,,,0
979199,,,206776,4,,,,0
979199,,,206777,5,,,,0
979199,13:24:00,13:24:00,161607,1,,,,1
979199,13:29:00,13:29:00,161586,9,,,,1
979199,13:36:00,13:36:00,161583,14,,,,1
979199,13:41:00,13:41:00,161585,19,,,,1
979199,13:47:00,13:47:00,161588,24,,,,1
979199,13:55:00,13:55:00,161596,29,,,,1
979199,14:00:00,14:00:00,161607,32,,,,1
979200,,,161573,18,,,,0
979200,,,161575,16,,,,0
979200,,,161582,15,,,,0
979200,,,161590,20,,,,0
979200,,,161592,8,,,,0
979200,,,161593,27,,,,0
979200,,,161595,21,,,,0
979200,,,161599,26,,,,0
979200,,,161602,30,,,,0
979200,,,161609,31,,,,0
979200,,,161611,22,,,,0
979200,,,161612,10,,,,0
979200,,,161614,7,,,,0
979200,,,161617,12,,,,0
979200,,,161619,13,,,,0
979200,,,161620,28,,,,0
979200,,,161621,11,,,,0
979200,,,161622,6,,,,0
979200,,,161625,2,,,,0
979200,,,161626,25,,,,0
979200,,,162477,23,,,,0
979200,,,163201,17,,,,0
979200,,,206775,3,,,,0
979200,,,206776,4,,,,0
979200,,,206777,5,,,,0
979200,14:12:00,14:12:00,161607,1,,,,1
979200,14:17:00,14:17:00,161586,9,,,,1
979200,14:24:00,14:24:00,161583,14,,,,1
979200,14:29:00,14:29:00,161585,19,,,,1
979200,14:35:00,14:35:00,161588,24,,,,1
979200,14:43:00,14:43:00,161596,29,,,,1
979200,14:48:00,14:48:00,161607,32,,,,1
979201,,,161573,18,,,,0
979201,,,161575,16,,,,0
979201,,,161582,15,,,,0
979201,,,161590,20,,,,0
979201,,,161592,8,,,,0
979201,,,161593,27,,,,0
979201,,,161595,21,,,,0
979201,,,161599,26,,,,0
979201,,,161602,30,,,,0
979201,,,161609,31,,,,0
979201,,,161611,22,,,,0
979201,,,161612,10,,,,0
979201,,,161614,7,,,,0
979201,,,161617,12,,,,0
979201,,,161619,13,,,,0
979201,,,161620,28,,,,0
979201,,,161621,11,,,,0
979201,,,161622,6,,,,0
979201,,,161625,2,,,,0
979201,,,161626,25,,,,0
979201,,,162477,23,,,,0
979201,,,163201,17,,,,0
979201,,,206775,3,,,,0
979201,,,206776,4,,,,0
979201,,,206777,5,,,,0
979201,15:00:00,15:00:00,161607,1,,,,1
979201,15:05:00,15:05:00,161586,9,,,,1
979201,15:12:00,15:12:00,161583,14,,,,1
979201,15:17:00,15:17:00,161585,19,,,,1
979201,15:23:00,15:23:00,161588,24,,,,1
979201,15:31:00,15:31:00,161596,29,,,,1
979201,15:36:00,15:36:00,161607,32,,,,1
979202,,,161573,18,,,,0
979202,,,161575,16,,,,0
979202,,,161582,15,,,,0
979202,,,161590,20,,,,0
979202,,,161592,8,,,,0
979202,,,161593,27,,,,0
979202,,,161595,21,,,,0
979202,,,161599,26,,,,0
979202,,,161602,30,,,,0
979202,,,161609,31,,,,0
979202,,,161611,22,,,,0
979202,,,161612,10,,,,0
979202,,,161614,7,,,,0
979202,,,161617,12,,,,0
979202,,,161619,13,,,,0
979202,,,161620,28,,,,0
979202,,,161621,11,,,,0
979202,,,161622,6,,,,0
979202,,,161625,2,,,,0
979202,,,161626,25,,,,0
979202,,,162477,23,,,,0
979202,,,163201,17,,,,0
979202,,,206775,3,,,,0
979202,,,206776,4,,,,0
979202,,,206777,5,,,,0
979202,15:48:00,15:48:00,161607,1,,,,1
979202,15:53:00,15:53:00,161586,9,,,,1
979202,16:00:00,16:00:00,161583,14,,,,1
979202,16:05:00,16:05:00,161585,19,,,,1
979202,16:11:00,16:11:00,161588,24,,,,1
979202,16:19:00,16:19:00,161596,29,,,,1
979202,16:24:00,16:24:00,161607,32,,,,1
979203,,,161573,18,,,,0
979203,,,161575,16,,,,0
979203,,,161582,15,,,,0
979203,,,161590,20,,,,0
979203,,,161592,8,,,,0
979203,,,161593,27,,,,0
979203,,,161595,21,,,,0
979203,,,161599,26,,,,0
979203,,,161602,30,,,,0
979203,,,161609,31,,,,0
979203,,,161611,22,,,,0
979203,,,161612,10,,,,0
979203,,,161614,7,,,,0
979203,,,161617,12,,,,0
979203,,,161619,13,,,,0
979203,,,161620,28,,,,0
979203,,,161621,11,,,,0
979203,,,161622,6,,,,0
979203,,,161625,2,,,,0
979203,,,161626,25,,,,0
979203,,,162477,23,,,,0
979203,,,163201,17,,,,0
979203,,,206775,3,,,,0
979203,,,206776,4,,,,0
979203,,,206777,5,,,,0
979203,16:36:00,16:36:00,161607,1,,,,1
979203,16:41:00,16:41:00,161586,9,,,,1
979203,16:48:00,16:48:00,161583,14,,,,1
979203,16:53:00,16:53:00,161585,19,,,,1
979203,16:59:00,16:59:00,161588,24,,,,1
979203,17:07:00,17:07:00,161596,29,,,,1
979203,17:12:00,17:12:00,161607,32,,,,1
979204,,,161573,18,,,,0
979204,,,161575,16,,,,0
979204,,,161582,15,,,,0
979204,,,161590,20,,,,0
979204,,,161592,8,,,,0
979204,,,161593,27,,,,0
979204,,,161595,21,,,,0
979204,,,161599,26,,,,0
979204,,,161602,30,,,,0
979204,,,161609,31,,,,0
979204,,,161611,22,,,,0
979204,,,161612,10,,,,0
979204,,,161614,7,,,,0
979204,,,161617,12,,,,0
979204,,,161619,13,,,,0
979204,,,161620,28,,,,0
979204,,,161621,11,,,,0
979204,,,161622,6,,,,0
979204,,,161625,2,,,,0
979204,,,161626,25,,,,0
979204,,,162477,23,,,,0
979204,,,163201,17,,,,0
979204,,,206775,3,,,,0
979204,,,206776,4,,,,0
979204,,,206777,5,,,,0
979204,17:24:00,17:24:00,161607,1,,,,1
979204,17:29:00,17:29:00,161586,9,,,,1
979204,17:36:00,17:36:00,161583,14,,,,1
979204,17:41:00,17:41:00,161585,19,,,,1
979204,17:47:00,17:47:00,161588,24,,,,1
979204,17:55:00,17:55:00,161596,29,,,,1
979204,18:00:00,18:00:00,161607,32,,,,1
979205,,,161573,18,,,,0
979205,,,161575,16,,,,0
979205,,,161582,15,,,,0
979205,,,161590,20,,,,0
979205,,,161592,8,,,,0
979205,,,161593,27,,,,0
979205,,,161595,21,,,,0
979205,,,161599,26,,,,0
979205,,,161602,30,,,,0
979205,,,161609,31,,,,0
979205,,,161611,22,,,,0
979205,,,161612,10,,,,0
979205,,,161614,7,,,,0
979205,,,161617,12,,,,0
979205,,,161619,13,,,,0
979205,,,161620,28,,,,0
979205,,,161621,11,,,,0
979205,,,161622,6,,,,0
979205,,,161625,2,,,,0
979205,,,161626,25,,,,0
979205,,,162477,23,,,,0
979205,,,163201,17,,,,0
979205,,,206775,3,,,,0
979205,,,206776,4,,,,0
979205,,,206777,5,,,,0
979205,18:12:00,18:12:00,161607,1,,,,1
979205,18:17:00,18:17:00,161586,9,,,,1
979205,18:24:00,18:24:00,161583,14,,,,1
979205,18:29:00,18:29:00,161585,19,,,,1
979205,18:35:00,18:35:00,161588,24,,,,1
979205,18:43:00,18:43:00,161596,29,,,,1
979205,18:48:00,18:48:00,161607,32,,,,1
979241,,,161573,18,,,,0
979241,,,161575,16,,,,0
979241,,,161582,15,,,,0
979241,,,161590,20,,,,0
979241,,,161592,8,,,,0
979241,,,161593,27,,,,0
979241,,,161595,21,,,,0
979241,,,161599,26,,,,0
979241,,,161602,30,,,,0
979241,,,161609,31,,,,0
979241,,,161611,22,,,,0
979241,,,161612,10,,,,0
979241,,,161614,7,,,,0
979241,,,161617,12,,,,0
979241,,,161619,13,,,,0
979241,,,161620,28,,,,0
979241,,,161621,11,,,,0
979241,,,161622,6,,,,0
979241,,,161625,2,,,,0
979241,,,161626,25,,,,0
979241,,,162477,23,,,,0
979241,,,163201,17,,,,0
979241,,,206775,3,,,,0
979241,,,206776,4,,,,0
979241,,,206777,5,,,,0
979241,07:12:00,07:12:00,161607,1,,,,1
979241,07:17:00,07:17:00,161586,9,,,,1
979241,07:24:00,07:24:00,161583,14,,,,1
979241,07:29:00,07:29:00,161585,19,,,,1
979241,07:35:00,07:35:00,161588,24,,,,1
979241,07:43:00,07:43:00,161596,29,,,,1
979241,07:48:00,07:48:00,161607,32,,,,1
979242,,,161573,18,,,,0
979242,,,161575,16,,,,0
979242,,,161582,15,,,,0
979242,,,161590,20,,,,0
979242,,,161592,8,,,,0
979242,,,161593,27,,,,0
979242,,,161595,21,,,,0
979242,,,161599,26,,,,0
979242,,,161602,30,,,,0
979242,,,161609,31,,,,0
979242,,,161611,22,,,,0
979242,,,161612,10,,,,0
979242,,,161614,7,,,,0
979242,,,161617,12,,,,0
979242,,,161619,13,,,,0
979242,,,161620,28,,,,0
979242,,,161621,11,,,,0
979242,,,161622,6,,,,0
979242,,,161625,2,,,,0
979242,,,161626,25,,,,0
979242,,,162477,23,,,,0
979242,,,163201,17,,,,0
979242,,,206775,3,,,,0
979242,,,206776,4,,,,0
979242,,,206777,5,,,,0
979242,08:00:00,08:00:00,161607,1,,,,1
979242,08:05:00,08:05:00,161586,9,,,,1
979242,08:12:00,08:12:00,161583,14,,,,1
979242,08:17:00,08:17:00,161585,19,,,,1
979242,08:23:00,08:23:00,161588,24,,,,1
979242,08:31:00,08:31:00,161596,29,,,,1
979242,08:36:00,08:36:00,161607,32,,,,1
979243,,,161573,18,,,,0
979243,,,161575,16,,,,0
979243,,,161582,15,,,,0
979243,,,161590,20,,,,0
979243,,,161592,8,,,,0
979243,,,161593,27,,,,0
979243,,,161595,21,,,,0
979243,,,161599,26,,,,0
979243,,,161602,30,,,,0
979243,,,161609,31,,,,0
979243,,,161611,22,,,,0
979243,,,161612,10,,,,0
979243,,,161614,7,,,,0
979243,,,161617,12,,,,0
979243,,,161619,13,,,,0
979243,,,161620,28,,,,0
979243,,,161621,11,,,,0
979243,,,161622,6,,,,0
979243,,,161625,2,,,,0
979243,,,161626,25,,,,0
979243,,,162477,23,,,,0
979243,,,163201,17,,,,0
979243,,,206775,3,,,,0
979243,,,206776,4,,,,0
979243,,,206777,5,,,,0
979243,08:48:00,08:48:00,161607,1,,,,1
979243,08:53:00,08:53:00,161586,9,,,,1
979243,09:00:00,09:00:00,161583,14,,,,1
979243,09:05:00,09:05:00,161585,19,,,,1
979243,09:11:00,09:11:00,161588,24,,,,1
979243,09:19:00,09:19:00,161596,29,,,,1
979243,09:24:00,09:24:00,161607,32,,,,1
979244,,,161573,18,,,,0
979244,,,161575,16,,,,0
979244,,,161582,15,,,,0
979244,,,161590,20,,,,0
979244,,,161592,8,,,,0
979244,,,161593,27,,,,0
979244,,,161595,21,,,,0
979244,,,161599,26,,,,0
979244,,,161602,30,,,,0
979244,,,161609,31,,,,0
979244,,,161611,22,,,,0
979244,,,161612,10,,,,0
979244,,,161614,7,,,,0
979244,,,161617,12,,,,0
979244,,,161619,13,,,,0
979244,,,161620,28,,,,0
979244,,,161621,11,,,,0
979244,,,161622,6,,,,0
979244,,,161625,2,,,,0
979244,,,161626,25,,,,0
979244,,,162477,23,,,,0
979244,,,163201,17,,,,0
979244,,,206775,3,,,,0
979244,,,206776,4,,,,0
979244,,,206777,5,,,,0
979244,09:36:00,09:36:00,161607,1,,,,1
979244,09:41:00,09:41:00,161586,9,,,,1
979244,09:48:00,09:48:00,161583,14,,,,1
979244,09:53:00,09:53:00,161585,19,,,,1
979244,09:59:00,09:59:00,161588,24,,,,1
979244,10:07:00,10:07:00,161596,29,,,,1
979244,10:12:00,10:12:00,161607,32,,,,1
979245,,,161573,18,,,,0
979245,,,161575,16,,,,0
979245,,,161582,15,,,,0
979245,,,161590,20,,,,0
979245,,,161592,8,,,,0
979245,,,161593,27,,,,0
979245,,,161595,21,,,,0
979245,,,161599,26,,,,0
979245,,,161602,30,,,,0
979245,,,161609,31,,,,0
979245,,,161611,22,,,,0
979245,,,161612,10,,,,0
979245,,,161614,7,,,,0
979245,,,161617,12,,,,0
979245,,,161619,13,,,,0
979245,,,161620,28,,,,0
979245,,,161621,11,,,,0
979245,,,161622,6,,,,0
979245,,,161625,2,,,,0
979245,,,161626,25,,,,0
979245,,,162477,23,,,,0
979245,,,163201,17,,,,0
979245,,,206775,3,,,,0
979245,,,206776,4,,,,0
979245,,,206777,5,,,,0
979245,10:24:00,10:24:00,161607,1,,,,1
979245,10:29:00,10:29:00,161586,9,,,,1
979245,10:36:00,10:36:00,161583,14,,,,1
979245,10:41:00,10:41:00,161585,19,,,,1
979245,10:47:00,10:47:00,161588,24,,,,1
979245,10:55:00,10:55:00,161596,29,,,,1
979245,11:00:00,11:00:00,161607,32,,,,1
979246,,,161573,18,,,,0
979246,,,161575,16,,,,0
979246,,,161582,15,,,,0
979246,,,161590,20,,,,0
979246,,,161592,8,,,,0
979246,,,161593,27,,,,0
979246,,,161595,21,,,,0
979246,,,161599,26,,,,0
979246,,,161602,30,,,,0
979246,,,161609,31,,,,0
979246,,,161611,22,,,,0
979246,,,161612,10,,,,0
979246,,,161614,7,,,,0
979246,,,161617,12,,,,0
979246,,,161619,13,,,,0
979246,,,161620,28,,,,0
979246,,,161621,11,,,,0
979246,,,161622,6,,,,0
979246,,,161625,2,,,,0
979246,,,161626,25,,,,0
979246,,,162477,23,,,,0
979246,,,163201,17,,,,0
979246,,,206775,3,,,,0
979246,,,206776,4,,,,0
979246,,,206777,5,,,,0
979246,11:12:00,11:12:00,161607,1,,,,1
979246,11:17:00,11:17:00,161586,9,,,,1
979246,11:24:00,11:24:00,161583,14,,,,1
979246,11:29:00,11:29:00,161585,19,,,,1
979246,11:35:00,11:35:00,161588,24,,,,1
979246,11:43:00,11:43:00,161596,29,,,,1
979246,11:48:00,11:48:00,161607,32,,,,1
979247,,,161573,18,,,,0
979247,,,161575,16,,,,0
979247,,,161582,15,,,,0
979247,,,161590,20,,,,0
979247,,,161592,8,,,,0
979247,,,161593,27,,,,0
979247,,,161595,21,,,,0
979247,,,161599,26,,,,0
979247,,,161602,30,,,,0
979247,,,161609,31,,,,0
979247,,,161611,22,,,,0
979247,,,161612,10,,,,0
979247,,,161614,7,,,,0
979247,,,161617,12,,,,0
979247,,,161619,13,,,,0
979247,,,161620,28,,,,0
979247,,,161621,11,,,,0
979247,,,161622,6,,,,0
979247,,,161625,2,,,,0
979247,,,161626,25,,,,0
979247,,,162477,23,,,,0
979247,,,163201,17,,,,0
979247,,,206775,3,,,,0
979247,,,206776,4,,,,0
979247,,,206777,5,,,,0
979247,12:00:00,12:00:00,161607,1,,,,1
979247,12:05:00,12:05:00,161586,9,,,,1
979247,12:12:00,12:12:00,161583,14,,,,1
979247,12:17:00,12:17:00,161585,19,,,,1
979247,12:23:00,12:23:00,161588,24,,,,1
979247,12:31:00,12:31:00,161596,29,,,,1
979247,12:36:00,12:36:00,161607,32,,,,1
979248,,,161573,18,,,,0
979248,,,161575,16,,,,0
979248,,,161582,15,,,,0
979248,,,161590,20,,,,0
979248,,,161592,8,,,,0
979248,,,161593,27,,,,0
979248,,,161595,21,,,,0
979248,,,161599,26,,,,0
979248,,,161602,30,,,,0
979248,,,161609,31,,,,0
979248,,,161611,22,,,,0
979248,,,161612,10,,,,0
979248,,,161614,7,,,,0
979248,,,161617,12,,,,0
979248,,,161619,13,,,,0
979248,,,161620,28,,,,0
979248,,,161621,11,,,,0
979248,,,161622,6,,,,0
979248,,,161625,2,,,,0
979248,,,161626,25,,,,0
979248,,,162477,23,,,,0
979248,,,163201,17,,,,0
979248,,,206775,3,,,,0
979248,,,206776,4,,,,0
979248,,,206777,5,,,,0
979248,12:48:00,12:48:00,161607,1,,,,1
979248,12:53:00,12:53:00,161586,9,,,,1
979248,13:00:00,13:00:00,161583,14,,,,1
979248,13:05:00,13:05:00,161585,19,,,,1
979248,13:11:00,13:11:00,161588,24,,,,1
979248,13:19:00,13:19:00,161596,29,,,,1
979248,13:24:00,13:24:00,161607,32,,,,1
979249,,,161573,18,,,,0
979249,,,161575,16,,,,0
979249,,,161582,15,,,,0
979249,,,161590,20,,,,0
979249,,,161592,8,,,,0
979249,,,161593,27,,,,0
979249,,,161595,21,,,,0
979249,,,161599,26,,,,0
979249,,,161602,30,,,,0
979249,,,161609,31,,,,0
979249,,,161611,22,,,,0
979249,,,161612,10,,,,0
979249,,,161614,7,,,,0
979249,,,161617,12,,,,0
979249,,,161619,13,,,,0
979249,,,161620,28,,,,0
979249,,,161621,11,,,,0
979249,,,161622,6,,,,0
979249,,,161625,2,,,,0
979249,,,161626,25,,,,0
979249,,,162477,23,,,,0
979249,,,163201,17,,,,0
979249,,,206775,3,,,,0
979249,,,206776,4,,,,0
979249,,,206777,5,,,,0
979249,13:36:00,13:36:00,161607,1,,,,1
979249,13:41:00,13:41:00,161586,9,,,,1
979249,13:48:00,13:48:00,161583,14,,,,1
979249,13:53:00,13:53:00,161585,19,,,,1
979249,13:59:00,13:59:00,161588,24,,,,1
979249,14:07:00,14:07:00,161596,29,,,,1
979249,14:12:00,14:12:00,161607,32,,,,1
979250,,,161573,18,,,,0
979250,,,161575,16,,,,0
979250,,,161582,15,,,,0
979250,,,161590,20,,,,0
979250,,,161592,8,,,,0
979250,,,161593,27,,,,0
979250,,,161595,21,,,,0
979250,,,161599,26,,,,0
979250,,,161602,30,,,,0
979250,,,161609,31,,,,0
979250,,,161611,22,,,,0
979250,,,161612,10,,,,0
979250,,,161614,7,,,,0
979250,,,161617,12,,,,0
979250,,,161619,13,,,,0
979250,,,161620,28,,,,0
979250,,,161621,11,,,,0
979250,,,161622,6,,,,0
979250,,,161625,2,,,,0
979250,,,161626,25,,,,0
979250,,,162477,23,,,,0
979250,,,163201,17,,,,0
979250,,,206775,3,,,,0
979250,,,206776,4,,,,0
979250,,,206777,5,,,,0
979250,14:24:00,14:24:00,161607,1,,,,1
979250,14:29:00,14:29:00,161586,9,,,,1
979250,14:36:00,14:36:00,161583,14,,,,1
979250,14:41:00,14:41:00,161585,19,,,,1
979250,14:47:00,14:47:00,161588,24,,,,1
979250,14:55:00,14:55:00,161596,29,,,,1
979250,15:00:00,15:00:00,161607,32,,,,1
979251,,,161573,18,,,,0
979251,,,161575,16,,,,0
979251,,,161582,15,,,,0
979251,,,161590,20,,,,0
979251,,,161592,8,,,,0
979251,,,161593,27,,,,0
979251,,,161595,21,,,,0
979251,,,161599,26,,,,0
979251,,,161602,30,,,,0
979251,,,161609,31,,,,0
979251,,,161611,22,,,,0
979251,,,161612,10,,,,0
979251,,,161614,7,,,,0
979251,,,161617,12,,,,0
979251,,,161619,13,,,,0
979251,,,161620,28,,,,0
979251,,,161621,11,,,,0
979251,,,161622,6,,,,0
979251,,,161625,2,,,,0
979251,,,161626,25,,,,0
979251,,,162477,23,,,,0
979251,,,163201,17,,,,0
979251,,,206775,3,,,,0
979251,,,206776,4,,,,0
979251,,,206777,5,,,,0
979251,15:12:00,15:12:00,161607,1,,,,1
979251,15:17:00,15:17:00,161586,9,,,,1
979251,15:24:00,15:24:00,161583,14,,,,1
979251,15:29:00,15:29:00,161585,19,,,,1
979251,15:35:00,15:35:00,161588,24,,,,1
979251,15:43:00,15:43:00,161596,29,,,,1
979251,15:48:00,15:48:00,161607,32,,,,1
979252,,,161573,18,,,,0
979252,,,161575,16,,,,0
979252,,,161582,15,,,,0
979252,,,161590,20,,,,0
979252,,,161592,8,,,,0
979252,,,161593,27,,,,0
979252,,,161595,21,,,,0
979252,,,161599,26,,,,0
979252,,,161602,30,,,,0
979252,,,161609,31,,,,0
979252,,,161611,22,,,,0
979252,,,161612,10,,,,0
979252,,,161614,7,,,,0
979252,,,161617,12,,,,0
979252,,,161619,13,,,,0
979252,,,161620,28,,,,0
979252,,,161621,11,,,,0
979252,,,161622,6,,,,0
979252,,,161625,2,,,,0
979252,,,161626,25,,,,0
979252,,,162477,23,,,,0
979252,,,163201,17,,,,0
979252,,,206775,3,,,,0
979252,,,206776,4,,,,0
979252,,,206777,5,,,,0
979252,16:00:00,16:00:00,161607,1,,,,1
979252,16:05:00,16:05:00,161586,9,,,,1
979252,16:12:00,16:12:00,161583,14,,,,1
979252,16:17:00,16:17:00,161585,19,,,,1
979252,16:23:00,16:23:00,161588,24,,,,1
979252,16:31:00,16:31:00,161596,29,,,,1
979252,16:36:00,16:36:00,161607,32,,,,1
979253,,,161573,18,,,,0
979253,,,161575,16,,,,0
979253,,,161582,15,,,,0
979253,,,161590,20,,,,0
979253,,,161592,8,,,,0
979253,,,161593,27,,,,0
979253,,,161595,21,,,,0
979253,,,161599,26,,,,0
979253,,,161602,30,,,,0
979253,,,161609,31,,,,0
979253,,,161611,22,,,,0
979253,,,161612,10,,,,0
979253,,,161614,7,,,,0
979253,,,161617,12,,,,0
979253,,,161619,13,,,,0
979253,,,161620,28,,,,0
979253,,,161621,11,,,,0
979253,,,161622,6,,,,0
979253,,,161625,2,,,,0
979253,,,161626,25,,,,0
979253,,,162477,23,,,,0
979253,,,163201,17,,,,0
979253,,,206775,3,,,,0
979253,,,206776,4,,,,0
979253,,,206777,5,,,,0
979253,16:48:00,16:48:00,161607,1,,,,1
979253,16:53:00,16:53:00,161586,9,,,,1
979253,17:00:00,17:00:00,161583,14,,,,1
979253,17:05:00,17:05:00,161585,19,,,,1
979253,17:11:00,17:11:00,161588,24,,,,1
979253,17:19:00,17:19:00,161596,29,,,,1
979253,17:24:00,17:24:00,161607,32,,,,1
979254,,,161573,18,,,,0
979254,,,161575,16,,,,0
979254,,,161582,15,,,,0
979254,,,161590,20,,,,0
979254,,,161592,8,,,,0
979254,,,161593,27,,,,0
979254,,,161595,21,,,,0
979254,,,161599,26,,,,0
979254,,,161602,30,,,,0
979254,,,161609,31,,,,0
979254,,,161611,22,,,,0
979254,,,161612,10,,,,0
979254,,,161614,7,,,,0
979254,,,161617,12,,,,0
979254,,,161619,13,,,,0
979254,,,161620,28,,,,0
979254,,,161621,11,,,,0
979254,,,161622,6,,,,0
979254,,,161625,2,,,,0
979254,,,161626,25,,,,0
979254,,,162477,23,,,,0
979254,,,163201,17,,,,0
979254,,,206775,3,,,,0
979254,,,206776,4,,,,0
979254,,,206777,5,,,,0
979254,17:36:00,17:36:00,161607,1,,,,1
979254,17:41:00,17:41:00,161586,9,,,,1
979254,17:48:00,17:48:00,161583,14,,,,1
979254,17:53:00,17:53:00,161585,19,,,,1
979254,17:59:00,17:59:00,161588,24,,,,1
979254,18:07:00,18:07:00,161596,29,,,,1
979254,18:12:00,18:12:00,161607,32,,,,1
979255,,,161573,18,,,,0
979255,,,161575,16,,,,0
979255,,,161582,15,,,,0
979255,,,161590,20,,,,0
979255,,,161592,8,,,,0
979255,,,161593,27,,,,0
979255,,,161595,21,,,,0
979255,,,161599,26,,,,0
979255,,,161602,30,,,,0
979255,,,161609,31,,,,0
979255,,,161611,22,,,,0
979255,,,161612,10,,,,0
979255,,,161614,7,,,,0
979255,,,161617,12,,,,0
979255,,,161619,13,,,,0
979255,,,161620,28,,,,0
979255,,,161621,11,,,,0
979255,,,161622,6,,,,0
979255,,,161625,2,,,,0
979255,,,161626,25,,,,0
979255,,,162477,23,,,,0
979255,,,163201,17,,,,0
979255,,,206775,3,,,,0
979255,,,206776,4,,,,0
979255,,,206777,5,,,,0
979255,18:24:00,18:24:00,161607,1,,,,1
979255,18:29:00,18:29:00,161586,9,,,,1
979255,18:36:00,18:36:00,161583,14,,,,1
979255,18:41:00,18:41:00,161585,19,,,,1
979255,18:47:00,18:47:00,161588,24,,,,1
979255,18:55:00,18:55:00,161596,29,,,,1
979255,19:00:00,19:00:00,161607,32,,,,1
979256,,,161573,18,,,,0
979256,,,161575,16,,,,0
979256,,,161582,15,,,,0
979256,,,161590,20,,,,0
979256,,,161592,8,,,,0
979256,,,161593,27,,,,0
979256,,,161595,21,,,,0
979256,,,161599,26,,,,0
979256,,,161602,30,,,,0
979256,,,161609,31,,,,0
979256,,,161611,22,,,,0
979256,,,161612,10,,,,0
979256,,,161614,7,,,,0
979256,,,161617,12,,,,0
979256,,,161619,13,,,,0
979256,,,161620,28,,,,0
979256,,,161621,11,,,,0
979256,,,161622,6,,,,0
979256,,,161625,2,,,,0
979256,,,161626,25,,,,0
979256,,,162477,23,,,,0
979256,,,163201,17,,,,0
979256,,,206775,3,,,,0
979256,,,206776,4,,,,0
979256,,,206777,5,,,,0
979256,19:10:00,19:10:00,161607,1,,,,1
979256,19:15:00,19:15:00,161586,9,,,,1
979256,19:22:00,19:22:00,161583,14,,,,1
979256,19:28:00,19:28:00,161585,19,,,,1
979256,19:32:00,19:32:00,161588,24,,,,1
979256,19:38:00,19:38:00,161596,29,,,,1
979256,19:42:00,19:42:00,161607,32,,,,1
979257,,,161573,18,,,,0
979257,,,161575,16,,,,0
979257,,,161582,15,,,,0
979257,,,161590,20,,,,0
979257,,,161592,8,,,,0
979257,,,161593,27,,,,0
979257,,,161595,21,,,,0
979257,,,161599,26,,,,0
979257,,,161602,30,,,,0
979257,,,161609,31,,,,0
979257,,,161611,22,,,,0
979257,,,161612,10,,,,0
979257,,,161614,7,,,,0
979257,,,161617,12,,,,0
979257,,,161619,13,,,,0
979257,,,161620,28,,,,0
979257,,,161621,11,,,,0
979257,,,161622,6,,,,0
979257,,,161625,2,,,,0
979257,,,161626,25,,,,0
979257,,,162477,23,,,,0
979257,,,163201,17,,,,0
979257,,,206775,3,,,,0
979257,,,206776,4,,,,0
979257,,,206777,5,,,,0
979257,19:54:00,19:54:00,161607,1,,,,1
979257,19:59:00,19:59:00,161586,9,,,,1
979257,20:06:00,20:06:00,161583,14,,,,1
979257,20:12:00,20:12:00,161585,19,,,,1
979257,20:16:00,20:16:00,161588,24,,,,1
979257,20:22:00,20:22:00,161596,29,,,,1
979257,20:26:00,20:26:00,161607,32,,,,1
979258,,,161573,18,,,,0
979258,,,161575,16,,,,0
979258,,,161582,15,,,,0
979258,,,161590,20,,,,0
979258,,,161592,8,,,,0
979258,,,161593,27,,,,0
979258,,,161595,21,,,,0
979258,,,161599,26,,,,0
979258,,,161602,30,,,,0
979258,,,161609,31,,,,0
979258,,,161611,22,,,,0
979258,,,161612,10,,,,0
979258,,,161614,7,,,,0
979258,,,161617,12,,,,0
979258,,,161619,13,,,,0
979258,,,161620,28,,,,0
979258,,,161621,11,,,,0
979258,,,161622,6,,,,0
979258,,,161625,2,,,,0
979258,,,161626,25,,,,0
979258,,,162477,23,,,,0
979258,,,163201,17,,,,0
979258,,,206775,3,,,,0
979258,,,206776,4,,,,0
979258,,,206777,5,,,,0
979258,20:38:00,20:38:00,161607,1,,,,1
979258,20:43:00,20:43:00,161586,9,,,,1
979258,20:50:00,20:50:00,161583,14,,,,1
979258,20:56:00,20:56:00,161585,19,,,,1
979258,21:00:00,21:00:00,161588,24,,,,1
979258,21:06:00,21:06:00,161596,29,,,,1
979258,21:10:00,21:10:00,161607,32,,,,1
979259,,,161573,18,,,,0
979259,,,161575,16,,,,0
979259,,,161582,15,,,,0
979259,,,161590,20,,,,0
979259,,,161592,8,,,,0
979259,,,161593,27,,,,0
979259,,,161595,21,,,,0
979259,,,161599,26,,,,0
979259,,,161602,30,,,,0
979259,,,161609,31,,,,0
979259,,,161611,22,,,,0
979259,,,161612,10,,,,0
979259,,,161614,7,,,,0
979259,,,161617,12,,,,0
979259,,,161619,13,,,,0
979259,,,161620,28,,,,0
979259,,,161621,11,,,,0
979259,,,161622,6,,,,0
979259,,,161625,2,,,,0
979259,,,161626,25,,,,0
979259,,,162477,23,,,,0
979259,,,163201,17,,,,0
979259,,,206775,3,,,,0
979259,,,206776,4,,,,0
979259,,,206777,5,,,,0
979259,21:22:00,21:22:00,161607,1,,,,1
979259,21:27:00,21:27:00,161586,9,,,,1
979259,21:34:00,21:34:00,161583,14,,,,1
979259,21:40:00,21:40:00,161585,19,,,,1
979259,21:44:00,21:44:00,161588,24,,,,1
979259,21:50:00,21:50:00,161596,29,,,,1
979259,21:54:00,21:54:00,161607,32,,,,1
979299,,,161573,18,,,,0
979299,,,161575,16,,,,0
979299,,,161582,15,,,,0
979299,,,161590,20,,,,0
979299,,,161592,8,,,,0
979299,,,161593,27,,,,0
979299,,,161595,21,,,,0
979299,,,161599,26,,,,0
979299,,,161602,30,,,,0
979299,,,161609,31,,,,0
979299,,,161611,22,,,,0
979299,,,161612,10,,,,0
979299,,,161614,7,,,,0
979299,,,161617,12,,,,0
979299,,,161619,13,,,,0
979299,,,161620,28,,,,0
979299,,,161621,11,,,,0
979299,,,161622,6,,,,0
979299,,,161625,2,,,,0
979299,,,161626,25,,,,0
979299,,,162477,23,,,,0
979299,,,163201,17,,,,0
979299,,,206775,3,,,,0
979299,,,206776,4,,,,0
979299,,,206777,5,,,,0
979299,07:24:00,07:24:00,161607,1,,,,1
979299,07:29:00,07:29:00,161586,9,,,,1
979299,07:36:00,07:36:00,161583,14,,,,1
979299,07:41:00,07:41:00,161585,19,,,,1
979299,07:47:00,07:47:00,161588,24,,,,1
979299,07:55:00,07:55:00,161596,29,,,,1
979299,08:00:00,08:00:00,161607,32,,,,1
979300,,,161573,18,,,,0
979300,,,161575,16,,,,0
979300,,,161582,15,,,,0
979300,,,161590,20,,,,0
979300,,,161592,8,,,,0
979300,,,161593,27,,,,0
979300,,,161595,21,,,,0
979300,,,161599,26,,,,0
979300,,,161602,30,,,,0
979300,,,161609,31,,,,0
979300,,,161611,22,,,,0
979300,,,161612,10,,,,0
979300,,,161614,7,,,,0
979300,,,161617,12,,,,0
979300,,,161619,13,,,,0
979300,,,161620,28,,,,0
979300,,,161621,11,,,,0
979300,,,161622,6,,,,0
979300,,,161625,2,,,,0
979300,,,161626,25,,,,0
979300,,,162477,23,,,,0
979300,,,163201,17,,,,0
979300,,,206775,3,,,,0
979300,,,206776,4,,,,0
979300,,,206777,5,,,,0
979300,08:12:00,08:12:00,161607,1,,,,1
979300,08:17:00,08:17:00,161586,9,,,,1
979300,08:24:00,08:24:00,161583,14,,,,1
979300,08:29:00,08:29:00,161585,19,,,,1
979300,08:35:00,08:35:00,161588,24,,,,1
979300,08:43:00,08:43:00,161596,29,,,,1
979300,08:48:00,08:48:00,161607,32,,,,1
979301,,,161573,18,,,,0
979301,,,161575,16,,,,0
979301,,,161582,15,,,,0
979301,,,161590,20,,,,0
979301,,,161592,8,,,,0
979301,,,161593,27,,,,0
979301,,,161595,21,,,,0
979301,,,161599,26,,,,0
979301,,,161602,30,,,,0
979301,,,161609,31,,,,0
979301,,,161611,22,,,,0
979301,,,161612,10,,,,0
979301,,,161614,7,,,,0
979301,,,161617,12,,,,0
979301,,,161619,13,,,,0
979301,,,161620,28,,,,0
979301,,,161621,11,,,,0
979301,,,161622,6,,,,0
979301,,,161625,2,,,,0
979301,,,161626,25,,,,0
979301,,,162477,23,,,,0
979301,,,163201,17,,,,0
979301,,,206775,3,,,,0
979301,,,206776,4,,,,0
979301,,,206777,5,,,,0
979301,09:00:00,09:00:00,161607,1,,,,1
979301,09:05:00,09:05:00,161586,9,,,,1
979301,09:12:00,09:12:00,161583,14,,,,1
979301,09:17:00,09:17:00,161585,19,,,,1
979301,09:23:00,09:23:00,161588,24,,,,1
979301,09:31:00,09:31:00,161596,29,,,,1
979301,09:36:00,09:36:00,161607,32,,,,1
979302,,,161573,18,,,,0
979302,,,161575,16,,,,0
979302,,,161582,15,,,,0
979302,,,161590,20,,,,0
979302,,,161592,8,,,,0
979302,,,161593,27,,,,0
979302,,,161595,21,,,,0
979302,,,161599,26,,,,0
979302,,,161602,30,,,,0
979302,,,161609,31,,,,0
979302,,,161611,22,,,,0
979302,,,161612,10,,,,0
979302,,,161614,7,,,,0
979302,,,161617,12,,,,0
979302,,,161619,13,,,,0
979302,,,161620,28,,,,0
979302,,,161621,11,,,,0
979302,,,161622,6,,,,0
979302,,,161625,2,,,,0
979302,,,161626,25,,,,0
979302,,,162477,23,,,,0
979302,,,163201,17,,,,0
979302,,,206775,3,,,,0
979302,,,206776,4,,,,0
979302,,,206777,5,,,,0
979302,09:48:00,09:48:00,161607,1,,,,1
979302,09:53:00,09:53:00,161586,9,,,,1
979302,10:00:00,10:00:00,161583,14,,,,1
979302,10:05:00,10:05:00,161585,19,,,,1
979302,10:11:00,10:11:00,161588,24,,,,1
979302,10:19:00,10:19:00,161596,29,,,,1
979302,10:24:00,10:24:00,161607,32,,,,1
979303,,,161573,18,,,,0
979303,,,161575,16,,,,0
979303,,,161582,15,,,,0
979303,,,161590,20,,,,0
979303,,,161592,8,,,,0
979303,,,161593,27,,,,0
979303,,,161595,21,,,,0
979303,,,161599,26,,,,0
979303,,,161602,30,,,,0
979303,,,161609,31,,,,0
979303,,,161611,22,,,,0
979303,,,161612,10,,,,0
979303,,,161614,7,,,,0
979303,,,161617,12,,,,0
979303,,,161619,13,,,,0
979303,,,161620,28,,,,0
979303,,,161621,11,,,,0
979303,,,161622,6,,,,0
979303,,,161625,2,,,,0
979303,,,161626,25,,,,0
979303,,,162477,23,,,,0
979303,,,163201,17,,,,0
979303,,,206775,3,,,,0
979303,,,206776,4,,,,0
979303,,,206777,5,,,,0
979303,10:36:00,10:36:00,161607,1,,,,1
979303,10:41:00,10:41:00,161586,9,,,,1
979303,10:48:00,10:48:00,161583,14,,,,1
979303,10:53:00,10:53:00,161585,19,,,,1
979303,10:59:00,10:59:00,161588,24,,,,1
979303,11:07:00,11:07:00,161596,29,,,,1
979303,11:12:00,11:12:00,161607,32,,,,1
979304,,,161573,18,,,,0
979304,,,161575,16,,,,0
979304,,,161582,15,,,,0
979304,,,161590,20,,,,0
979304,,,161592,8,,,,0
979304,,,161593,27,,,,0
979304,,,161595,21,,,,0
979304,,,161599,26,,,,0
979304,,,161602,30,,,,0
979304,,,161609,31,,,,0
979304,,,161611,22,,,,0
979304,,,161612,10,,,,0
979304,,,161614,7,,,,0
979304,,,161617,12,,,,0
979304,,,161619,13,,,,0
979304,,,161620,28,,,,0
979304,,,161621,11,,,,0
979304,,,161622,6,,,,0
979304,,,161625,2,,,,0
979304,,,161626,25,,,,0
979304,,,162477,23,,,,0
979304,,,163201,17,,,,0
979304,,,206775,3,,,,0
979304,,,206776,4,,,,0
979304,,,206777,5,,,,0
979304,11:24:00,11:24:00,161607,1,,,,1
979304,11:29:00,11:29:00,161586,9,,,,1
979304,11:36:00,11:36:00,161583,14,,,,1
979304,11:41:00,11:41:00,161585,19,,,,1
979304,11:47:00,11:47:00,161588,24,,,,1
979304,11:55:00,11:55:00,161596,29,,,,1
979304,12:00:00,12:00:00,161607,32,,,,1
979305,,,161573,18,,,,0
979305,,,161575,16,,,,0
979305,,,161582,15,,,,0
979305,,,161590,20,,,,0
979305,,,161592,8,,,,0
979305,,,161593,27,,,,0
979305,,,161595,21,,,,0
979305,,,161599,26,,,,0
979305,,,161602,30,,,,0
979305,,,161609,31,,,,0
979305,,,161611,22,,,,0
979305,,,161612,10,,,,0
979305,,,161614,7,,,,0
979305,,,161617,12,,,,0
979305,,,161619,13,,,,0
979305,,,161620,28,,,,0
979305,,,161621,11,,,,0
979305,,,161622,6,,,,0
979305,,,161625,2,,,,0
979305,,,161626,25,,,,0
979305,,,162477,23,,,,0
979305,,,163201,17,,,,0
979305,,,206775,3,,,,0
979305,,,206776,4,,,,0
979305,,,206777,5,,,,0
979305,12:12:00,12:12:00,161607,1,,,,1
979305,12:17:00,12:17:00,161586,9,,,,1
979305,12:24:00,12:24:00,161583,14,,,,1
979305,12:29:00,12:29:00,161585,19,,,,1
979305,12:35:00,12:35:00,161588,24,,,,1
979305,12:43:00,12:43:00,161596,29,,,,1
979305,12:48:00,12:48:00,161607,32,,,,1
979306,,,161573,18,,,,0
979306,,,161575,16,,,,0
979306,,,161582,15,,,,0
979306,,,161590,20,,,,0
979306,,,161592,8,,,,0
979306,,,161593,27,,,,0
979306,,,161595,21,,,,0
979306,,,161599,26,,,,0
979306,,,161602,30,,,,0
979306,,,161609,31,,,,0
979306,,,161611,22,,,,0
979306,,,161612,10,,,,0
979306,,,161614,7,,,,0
979306,,,161617,12,,,,0
979306,,,161619,13,,,,0
979306,,,161620,28,,,,0
979306,,,161621,11,,,,0
979306,,,161622,6,,,,0
979306,,,161625,2,,,,0
979306,,,161626,25,,,,0
979306,,,162477,23,,,,0
979306,,,163201,17,,,,0
979306,,,206775,3,,,,0
979306,,,206776,4,,,,0
979306,,,206777,5,,,,0
979306,13:00:00,13:00:00,161607,1,,,,1
979306,13:05:00,13:05:00,161586,9,,,,1
979306,13:12:00,13:12:00,161583,14,,,,1
979306,13:17:00,13:17:00,161585,19,,,,1
979306,13:23:00,13:23:00,161588,24,,,,1
979306,13:31:00,13:31:00,161596,29,,,,1
979306,13:36:00,13:36:00,161607,32,,,,1
979307,,,161573,18,,,,0
979307,,,161575,16,,,,0
979307,,,161582,15,,,,0
979307,,,161590,20,,,,0
979307,,,161592,8,,,,0
979307,,,161593,27,,,,0
979307,,,161595,21,,,,0
979307,,,161599,26,,,,0
979307,,,161602,30,,,,0
979307,,,161609,31,,,,0
979307,,,161611,22,,,,0
979307,,,161612,10,,,,0
979307,,,161614,7,,,,0
979307,,,161617,12,,,,0
979307,,,161619,13,,,,0
979307,,,161620,28,,,,0
979307,,,161621,11,,,,0
979307,,,161622,6,,,,0
979307,,,161625,2,,,,0
979307,,,161626,25,,,,0
979307,,,162477,23,,,,0
979307,,,163201,17,,,,0
979307,,,206775,3,,,,0
979307,,,206776,4,,,,0
979307,,,206777,5,,,,0
979307,13:48:00,13:48:00,161607,1,,,,1
979307,13:53:00,13:53:00,161586,9,,,,1
979307,14:00:00,14:00:00,161583,14,,,,1
979307,14:05:00,14:05:00,161585,19,,,,1
979307,14:11:00,14:11:00,161588,24,,,,1
979307,14:19:00,14:19:00,161596,29,,,,1
979307,14:24:00,14:24:00,161607,32,,,,1
979308,,,161573,18,,,,0
979308,,,161575,16,,,,0
979308,,,161582,15,,,,0
979308,,,161590,20,,,,0
979308,,,161592,8,,,,0
979308,,,161593,27,,,,0
979308,,,161595,21,,,,0
979308,,,161599,26,,,,0
979308,,,161602,30,,,,0
979308,,,161609,31,,,,0
979308,,,161611,22,,,,0
979308,,,161612,10,,,,0
979308,,,161614,7,,,,0
979308,,,161617,12,,,,0
979308,,,161619,13,,,,0
979308,,,161620,28,,,,0
979308,,,161621,11,,,,0
979308,,,161622,6,,,,0
979308,,,161625,2,,,,0
979308,,,161626,25,,,,0
979308,,,162477,23,,,,0
979308,,,163201,17,,,,0
979308,,,206775,3,,,,0
979308,,,206776,4,,,,0
979308,,,206777,5,,,,0
979308,14:36:00,14:36:00,161607,1,,,,1
979308,14:41:00,14:41:00,161586,9,,,,1
979308,14:48:00,14:48:00,161583,14,,,,1
979308,14:53:00,14:53:00,161585,19,,,,1
979308,14:59:00,14:59:00,161588,24,,,,1
979308,15:07:00,15:07:00,161596,29,,,,1
979308,15:12:00,15:12:00,161607,32,,,,1
979309,,,161573,18,,,,0
979309,,,161575,16,,,,0
979309,,,161582,15,,,,0
979309,,,161590,20,,,,0
979309,,,161592,8,,,,0
979309,,,161593,27,,,,0
979309,,,161595,21,,,,0
979309,,,161599,26,,,,0
979309,,,161602,30,,,,0
979309,,,161609,31,,,,0
979309,,,161611,22,,,,0
979309,,,161612,10,,,,0
979309,,,161614,7,,,,0
979309,,,161617,12,,,,0
979309,,,161619,13,,,,0
979309,,,161620,28,,,,0
979309,,,161621,11,,,,0
979309,,,161622,6,,,,0
979309,,,161625,2,,,,0
979309,,,161626,25,,,,0
979309,,,162477,23,,,,0
979309,,,163201,17,,,,0
979309,,,206775,3,,,,0
979309,,,206776,4,,,,0
979309,,,206777,5,,,,0
979309,15:24:00,15:24:00,161607,1,,,,1
979309,15:29:00,15:29:00,161586,9,,,,1
979309,15:36:00,15:36:00,161583,14,,,,1
979309,15:41:00,15:41:00,161585,19,,,,1
979309,15:47:00,15:47:00,161588,24,,,,1
979309,15:55:00,15:55:00,161596,29,,,,1
979309,16:00:00,16:00:00,161607,32,,,,1
979310,,,161573,18,,,,0
979310,,,161575,16,,,,0
979310,,,161582,15,,,,0
979310,,,161590,20,,,,0
979310,,,161592,8,,,,0
979310,,,161593,27,,,,0
979310,,,161595,21,,,,0
979310,,,161599,26,,,,0
979310,,,161602,30,,,,0
979310,,,161609,31,,,,0
979310,,,161611,22,,,,0
979310,,,161612,10,,,,0
979310,,,161614,7,,,,0
979310,,,161617,12,,,,0
979310,,,161619,13,,,,0
979310,,,161620,28,,,,0
979310,,,161621,11,,,,0
979310,,,161622,6,,,,0
979310,,,161625,2,,,,0
979310,,,161626,25,,,,0
979310,,,162477,23,,,,0
979310,,,163201,17,,,,0
979310,,,206775,3,,,,0
979310,,,206776,4,,,,0
979310,,,206777,5,,,,0
979310,16:12:00,16:12:00,161607,1,,,,1
979310,16:17:00,16:17:00,161586,9,,,,1
979310,16:24:00,16:24:00,161583,14,,,,1
979310,16:29:00,16:29:00,161585,19,,,,1
979310,16:35:00,16:35:00,161588,24,,,,1
979310,16:43:00,16:43:00,161596,29,,,,1
979310,16:48:00,16:48:00,161607,32,,,,1
979311,,,161573,18,,,,0
979311,,,161575,16,,,,0
979311,,,161582,15,,,,0
979311,,,161590,20,,,,0
979311,,,161592,8,,,,0
979311,,,161593,27,,,,0
979311,,,161595,21,,,,0
979311,,,161599,26,,,,0
979311,,,161602,30,,,,0
979311,,,161609,31,,,,0
979311,,,161611,22,,,,0
979311,,,161612,10,,,,0
979311,,,161614,7,,,,0
979311,,,161617,12,,,,0
979311,,,161619,13,,,,0
979311,,,161620,28,,,,0
979311,,,161621,11,,,,0
979311,,,161622,6,,,,0
979311,,,161625,2,,,,0
979311,,,161626,25,,,,0
979311,,,162477,23,,,,0
979311,,,163201,17,,,,0
979311,,,206775,3,,,,0
979311,,,206776,4,,,,0
979311,,,206777,5,,,,0
979311,17:00:00,17:00:00,161607,1,,,,1
979311,17:05:00,17:05:00,161586,9,,,,1
979311,17:12:00,17:12:00,161583,14,,,,1
979311,17:17:00,17:17:00,161585,19,,,,1
979311,17:23:00,17:23:00,161588,24,,,,1
979311,17:31:00,17:31:00,161596,29,,,,1
979311,17:36:00,17:36:00,161607,32,,,,1
979312,,,161573,18,,,,0
979312,,,161575,16,,,,0
979312,,,161582,15,,,,0
979312,,,161590,20,,,,0
979312,,,161592,8,,,,0
979312,,,161593,27,,,,0
979312,,,161595,21,,,,0
979312,,,161599,26,,,,0
979312,,,161602,30,,,,0
979312,,,161609,31,,,,0
979312,,,161611,22,,,,0
979312,,,161612,10,,,,0
979312,,,161614,7,,,,0
979312,,,161617,12,,,,0
979312,,,161619,13,,,,0
979312,,,161620,28,,,,0
979312,,,161621,11,,,,0
979312,,,161622,6,,,,0
979312,,,161625,2,,,,0
979312,,,161626,25,,,,0
979312,,,162477,23,,,,0
979312,,,163201,17,,,,0
979312,,,206775,3,,,,0
979312,,,206776,4,,,,0
979312,,,206777,5,,,,0
979312,17:48:00,17:48:00,161607,1,,,,1
979312,17:53:00,17:53:00,161586,9,,,,1
979312,18:00:00,18:00:00,161583,14,,,,1
979312,18:05:00,18:05:00,161585,19,,,,1
979312,18:11:00,18:11:00,161588,24,,,,1
979312,18:19:00,18:19:00,161596,29,,,,1
979312,18:24:00,18:24:00,161607,32,,,,1
979313,,,161573,18,,,,0
979313,,,161575,16,,,,0
979313,,,161582,15,,,,0
979313,,,161590,20,,,,0
979313,,,161592,8,,,,0
979313,,,161593,27,,,,0
979313,,,161595,21,,,,0
979313,,,161599,26,,,,0
979313,,,161602,30,,,,0
979313,,,161609,31,,,,0
979313,,,161611,22,,,,0
979313,,,161612,10,,,,0
979313,,,161614,7,,,,0
979313,,,161617,12,,,,0
979313,,,161619,13,,,,0
979313,,,161620,28,,,,0
979313,,,161621,11,,,,0
979313,,,161622,6,,,,0
979313,,,161625,2,,,,0
979313,,,161626,25,,,,0
979313,,,162477,23,,,,0
979313,,,163201,17,,,,0
979313,,,206775,3,,,,0
979313,,,206776,4,,,,0
979313,,,206777,5,,,,0
979313,18:36:00,18:36:00,161607,1,,,,1
979313,18:41:00,18:41:00,161586,9,,,,1
979313,18:48:00,18:48:00,161583,14,,,,1
979313,18:53:00,18:53:00,161585,19,,,,1
979313,18:59:00,18:59:00,161588,24,,,,1
979313,19:07:00,19:07:00,161596,29,,,,1
979313,19:12:00,19:12:00,161607,32,,,,1
979330,,,161573,18,,,,0
979330,,,161575,16,,,,0
979330,,,161582,15,,,,0
979330,,,161590,20,,,,0
979330,,,161592,8,,,,0
979330,,,161593,27,,,,0
979330,,,161595,21,,,,0
979330,,,161599,26,,,,0
979330,,,161602,30,,,,0
979330,,,161609,31,,,,0
979330,,,161611,22,,,,0
979330,,,161612,10,,,,0
979330,,,161614,7,,,,0
979330,,,161617,12,,,,0
979330,,,161619,13,,,,0
979330,,,161620,28,,,,0
979330,,,161621,11,,,,0
979330,,,161622,6,,,,0
979330,,,161625,2,,,,0
979330,,,161626,25,,,,0
979330,,,162477,23,,,,0
979330,,,163201,17,,,,0
979330,,,206775,3,,,,0
979330,,,206776,4,,,,0
979330,,,206777,5,,,,0
979330,07:36:00,07:36:00,161607,1,,,,1
979330,07:41:27,07:41:27,161586,9,,,,1
979330,07:48:00,07:48:00,161583,14,,,,1
979330,07:53:00,07:53:00,161585,19,,,,1
979330,07:59:00,07:59:00,161588,24,,,,1
979330,08:07:00,08:07:00,161596,29,,,,1
979330,08:12:00,08:12:00,161607,32,,,,1
979331,,,161573,18,,,,0
979331,,,161575,16,,,,0
979331,,,161582,15,,,,0
979331,,,161590,20,,,,0
979331,,,161592,8,,,,0
979331,,,161593,27,,,,0
979331,,,161595,21,,,,0
979331,,,161599,26,,,,0
979331,,,161602,30,,,,0
979331,,,161609,31,,,,0
979331,,,161611,22,,,,0
979331,,,161612,10,,,,0
979331,,,161614,7,,,,0
979331,,,161617,12,,,,0
979331,,,161619,13,,,,0
979331,,,161620,28,,,,0
979331,,,161621,11,,,,0
979331,,,161622,6,,,,0
979331,,,161625,2,,,,0
979331,,,161626,25,,,,0
979331,,,162477,23,,,,0
979331,,,163201,17,,,,0
979331,,,206775,3,,,,0
979331,,,206776,4,,,,0
979331,,,206777,5,,,,0
979331,08:24:00,08:24:00,161607,1,,,,1
979331,08:29:27,08:29:27,161586,9,,,,1
979331,08:36:00,08:36:00,161583,14,,,,1
979331,08:41:00,08:41:00,161585,19,,,,1
979331,08:47:00,08:47:00,161588,24,,,,1
979331,08:55:00,08:55:00,161596,29,,,,1
979331,09:00:00,09:00:00,161607,32,,,,1
979332,,,161573,18,,,,0
979332,,,161575,16,,,,0
979332,,,161582,15,,,,0
979332,,,161590,20,,,,0
979332,,,161592,8,,,,0
979332,,,161593,27,,,,0
979332,,,161595,21,,,,0
979332,,,161599,26,,,,0
979332,,,161602,30,,,,0
979332,,,161609,31,,,,0
979332,,,161611,22,,,,0
979332,,,161612,10,,,,0
979332,,,161614,7,,,,0
979332,,,161617,12,,,,0
979332,,,161619,13,,,,0
979332,,,161620,28,,,,0
979332,,,161621,11,,,,0
979332,,,161622,6,,,,0
979332,,,161625,2,,,,0
979332,,,161626,25,,,,0
979332,,,162477,23,,,,0
979332,,,163201,17,,,,0
979332,,,206775,3,,,,0
979332,,,206776,4,,,,0
979332,,,206777,5,,,,0
979332,09:12:00,09:12:00,161607,1,,,,1
979332,09:17:27,09:17:27,161586,9,,,,1
979332,09:24:00,09:24:00,161583,14,,,,1
979332,09:29:00,09:29:00,161585,19,,,,1
979332,09:35:00,09:35:00,161588,24,,,,1
979332,09:43:00,09:43:00,161596,29,,,,1
979332,09:48:00,09:48:00,161607,32,,,,1
979333,,,161573,18,,,,0
979333,,,161575,16,,,,0
979333,,,161582,15,,,,0
979333,,,161590,20,,,,0
979333,,,161592,8,,,,0
979333,,,161593,27,,,,0
979333,,,161595,21,,,,0
979333,,,161599,26,,,,0
979333,,,161602,30,,,,0
979333,,,161609,31,,,,0
979333,,,161611,22,,,,0
979333,,,161612,10,,,,0
979333,,,161614,7,,,,0
979333,,,161617,12,,,,0
979333,,,161619,13,,,,0
979333,,,161620,28,,,,0
979333,,,161621,11,,,,0
979333,,,161622,6,,,,0
979333,,,161625,2,,,,0
979333,,,161626,25,,,,0
979333,,,162477,23,,,,0
979333,,,163201,17,,,,0
979333,,,206775,3,,,,0
979333,,,206776,4,,,,0
979333,,,206777,5,,,,0
979333,10:00:00,10:00:00,161607,1,,,,1
979333,10:05:27,10:05:27,161586,9,,,,1
979333,10:12:00,10:12:00,161583,14,,,,1
979333,10:17:00,10:17:00,161585,19,,,,1
979333,10:23:00,10:23:00,161588,24,,,,1
979333,10:31:00,10:31:00,161596,29,,,,1
979333,10:36:00,10:36:00,161607,32,,,,1
979334,,,161573,18,,,,0
979334,,,161575,16,,,,0
979334,,,161582,15,,,,0
979334,,,161590,20,,,,0
979334,,,161592,8,,,,0
979334,,,161593,27,,,,0
979334,,,161595,21,,,,0
979334,,,161599,26,,,,0
979334,,,161602,30,,,,0
979334,,,161609,31,,,,0
979334,,,161611,22,,,,0
979334,,,161612,10,,,,0
979334,,,161614,7,,,,0
979334,,,161617,12,,,,0
979334,,,161619,13,,,,0
979334,,,161620,28,,,,0
979334,,,161621,11,,,,0
979334,,,161622,6,,,,0
979334,,,161625,2,,,,0
979334,,,161626,25,,,,0
979334,,,162477,23,,,,0
979334,,,163201,17,,,,0
979334,,,206775,3,,,,0
979334,,,206776,4,,,,0
979334,,,206777,5,,,,0
979334,10:48:00,10:48:00,161607,1,,,,1
979334,10:53:27,10:53:27,161586,9,,,,1
979334,11:00:00,11:00:00,161583,14,,,,1
979334,11:05:00,11:05:00,161585,19,,,,1
979334,11:11:00,11:11:00,161588,24,,,,1
979334,11:19:00,11:19:00,161596,29,,,,1
979334,11:24:00,11:24:00,161607,32,,,,1
979335,,,161573,18,,,,0
979335,,,161575,16,,,,0
979335,,,161582,15,,,,0
979335,,,161590,20,,,,0
979335,,,161592,8,,,,0
979335,,,161593,27,,,,0
979335,,,161595,21,,,,0
979335,,,161599,26,,,,0
979335,,,161602,30,,,,0
979335,,,161609,31,,,,0
979335,,,161611,22,,,,0
979335,,,161612,10,,,,0
979335,,,161614,7,,,,0
979335,,,161617,12,,,,0
979335,,,161619,13,,,,0
979335,,,161620,28,,,,0
979335,,,161621,11,,,,0
979335,,,161622,6,,,,0
979335,,,161625,2,,,,0
979335,,,161626,25,,,,0
979335,,,162477,23,,,,0
979335,,,163201,17,,,,0
979335,,,206775,3,,,,0
979335,,,206776,4,,,,0
979335,,,206777,5,,,,0
979335,11:36:00,11:36:00,161607,1,,,,1
979335,11:41:27,11:41:27,161586,9,,,,1
979335,11:48:00,11:48:00,161583,14,,,,1
979335,11:53:00,11:53:00,161585,19,,,,1
979335,11:59:00,11:59:00,161588,24,,,,1
979335,12:07:00,12:07:00,161596,29,,,,1
979335,12:12:00,12:12:00,161607,32,,,,1
979336,,,161573,18,,,,0
979336,,,161575,16,,,,0
979336,,,161582,15,,,,0
979336,,,161590,20,,,,0
979336,,,161592,8,,,,0
979336,,,161593,27,,,,0
979336,,,161595,21,,,,0
979336,,,161599,26,,,,0
979336,,,161602,30,,,,0
979336,,,161609,31,,,,0
979336,,,161611,22,,,,0
979336,,,161612,10,,,,0
979336,,,161614,7,,,,0
979336,,,161617,12,,,,0
979336,,,161619,13,,,,0
979336,,,161620,28,,,,0
979336,,,161621,11,,,,0
979336,,,161622,6,,,,0
979336,,,161625,2,,,,0
979336,,,161626,25,,,,0
979336,,,162477,23,,,,0
979336,,,163201,17,,,,0
979336,,,206775,3,,,,0
979336,,,206776,4,,,,0
979336,,,206777,5,,,,0
979336,12:24:00,12:24:00,161607,1,,,,1
979336,12:29:27,12:29:27,161586,9,,,,1
979336,12:36:00,12:36:00,161583,14,,,,1
979336,12:41:00,12:41:00,161585,19,,,,1
979336,12:47:00,12:47:00,161588,24,,,,1
979336,12:55:00,12:55:00,161596,29,,,,1
979336,13:00:00,13:00:00,161607,32,,,,1
979337,,,161573,18,,,,0
979337,,,161575,16,,,,0
979337,,,161582,15,,,,0
979337,,,161590,20,,,,0
979337,,,161592,8,,,,0
979337,,,161593,27,,,,0
979337,,,161595,21,,,,0
979337,,,161599,26,,,,0
979337,,,161602,30,,,,0
979337,,,161609,31,,,,0
979337,,,161611,22,,,,0
979337,,,161612,10,,,,0
979337,,,161614,7,,,,0
979337,,,161617,12,,,,0
979337,,,161619,13,,,,0
979337,,,161620,28,,,,0
979337,,,161621,11,,,,0
979337,,,161622,6,,,,0
979337,,,161625,2,,,,0
979337,,,161626,25,,,,0
979337,,,162477,23,,,,0
979337,,,163201,17,,,,0
979337,,,206775,3,,,,0
979337,,,206776,4,,,,0
979337,,,206777,5,,,,0
979337,13:12:00,13:12:00,161607,1,,,,1
979337,13:17:27,13:17:27,161586,9,,,,1
979337,13:24:00,13:24:00,161583,14,,,,1
979337,13:29:00,13:29:00,161585,19,,,,1
979337,13:35:00,13:35:00,161588,24,,,,1
979337,13:43:00,13:43:00,161596,29,,,,1
979337,13:48:00,13:48:00,161607,32,,,,1
979338,,,161573,18,,,,0
979338,,,161575,16,,,,0
979338,,,161582,15,,,,0
979338,,,161590,20,,,,0
979338,,,161592,8,,,,0
979338,,,161593,27,,,,0
979338,,,161595,21,,,,0
979338,,,161599,26,,,,0
979338,,,161602,30,,,,0
979338,,,161609,31,,,,0
979338,,,161611,22,,,,0
979338,,,161612,10,,,,0
979338,,,161614,7,,,,0
979338,,,161617,12,,,,0
979338,,,161619,13,,,,0
979338,,,161620,28,,,,0
979338,,,161621,11,,,,0
979338,,,161622,6,,,,0
979338,,,161625,2,,,,0
979338,,,161626,25,,,,0
979338,,,162477,23,,,,0
979338,,,163201,17,,,,0
979338,,,206775,3,,,,0
979338,,,206776,4,,,,0
979338,,,206777,5,,,,0
979338,14:00:00,14:00:00,161607,1,,,,1
979338,14:05:27,14:05:27,161586,9,,,,1
979338,14:12:00,14:12:00,161583,14,,,,1
979338,14:17:00,14:17:00,161585,19,,,,1
979338,14:23:00,14:23:00,161588,24,,,,1
979338,14:31:00,14:31:00,161596,29,,,,1
979338,14:36:00,14:36:00,161607,32,,,,1
979339,,,161573,18,,,,0
979339,,,161575,16,,,,0
979339,,,161582,15,,,,0
979339,,,161590,20,,,,0
979339,,,161592,8,,,,0
979339,,,161593,27,,,,0
979339,,,161595,21,,,,0
979339,,,161599,26,,,,0
979339,,,161602,30,,,,0
979339,,,161609,31,,,,0
979339,,,161611,22,,,,0
979339,,,161612,10,,,,0
979339,,,161614,7,,,,0
979339,,,161617,12,,,,0
979339,,,161619,13,,,,0
979339,,,161620,28,,,,0
979339,,,161621,11,,,,0
979339,,,161622,6,,,,0
979339,,,161625,2,,,,0
979339,,,161626,25,,,,0
979339,,,162477,23,,,,0
979339,,,163201,17,,,,0
979339,,,206775,3,,,,0
979339,,,206776,4,,,,0
979339,,,206777,5,,,,0
979339,14:48:00,14:48:00,161607,1,,,,1
979339,14:53:27,14:53:27,161586,9,,,,1
979339,15:00:00,15:00:00,161583,14,,,,1
979339,15:05:00,15:05:00,161585,19,,,,1
979339,15:11:00,15:11:00,161588,24,,,,1
979339,15:19:00,15:19:00,161596,29,,,,1
979339,15:24:00,15:24:00,161607,32,,,,1
979340,,,161573,18,,,,0
979340,,,161575,16,,,,0
979340,,,161582,15,,,,0
979340,,,161590,20,,,,0
979340,,,161592,8,,,,0
979340,,,161593,27,,,,0
979340,,,161595,21,,,,0
979340,,,161599,26,,,,0
979340,,,161602,30,,,,0
979340,,,161609,31,,,,0
979340,,,161611,22,,,,0
979340,,,161612,10,,,,0
979340,,,161614,7,,,,0
979340,,,161617,12,,,,0
979340,,,161619,13,,,,0
979340,,,161620,28,,,,0
979340,,,161621,11,,,,0
979340,,,161622,6,,,,0
979340,,,161625,2,,,,0
979340,,,161626,25,,,,0
979340,,,162477,23,,,,0
979340,,,163201,17,,,,0
979340,,,206775,3,,,,0
979340,,,206776,4,,,,0
979340,,,206777,5,,,,0
979340,15:36:00,15:36:00,161607,1,,,,1
979340,15:41:27,15:41:27,161586,9,,,,1
979340,15:48:00,15:48:00,161583,14,,,,1
979340,15:53:00,15:53:00,161585,19,,,,1
979340,15:59:00,15:59:00,161588,24,,,,1
979340,16:07:00,16:07:00,161596,29,,,,1
979340,16:12:00,16:12:00,161607,32,,,,1
979341,,,161573,18,,,,0
979341,,,161575,16,,,,0
979341,,,161582,15,,,,0
979341,,,161590,20,,,,0
979341,,,161592,8,,,,0
979341,,,161593,27,,,,0
979341,,,161595,21,,,,0
979341,,,161599,26,,,,0
979341,,,161602,30,,,,0
979341,,,161609,31,,,,0
979341,,,161611,22,,,,0
979341,,,161612,10,,,,0
979341,,,161614,7,,,,0
979341,,,161617,12,,,,0
979341,,,161619,13,,,,0
979341,,,161620,28,,,,0
979341,,,161621,11,,,,0
979341,,,161622,6,,,,0
979341,,,161625,2,,,,0
979341,,,161626,25,,,,0
979341,,,162477,23,,,,0
979341,,,163201,17,,,,0
979341,,,206775,3,,,,0
979341,,,206776,4,,,,0
979341,,,206777,5,,,,0
979341,16:24:00,16:24:00,161607,1,,,,1
979341,16:29:27,16:29:27,161586,9,,,,1
979341,16:36:00,16:36:00,161583,14,,,,1
979341,16:41:00,16:41:00,161585,19,,,,1
979341,16:47:00,16:47:00,161588,24,,,,1
979341,16:55:00,16:55:00,161596,29,,,,1
979341,17:00:00,17:00:00,161607,32,,,,1
979342,,,161573,18,,,,0
979342,,,161575,16,,,,0
979342,,,161582,15,,,,0
979342,,,161590,20,,,,0
979342,,,161592,8,,,,0
979342,,,161593,27,,,,0
979342,,,161595,21,,,,0
979342,,,161599,26,,,,0
979342,,,161602,30,,,,0
979342,,,161609,31,,,,0
979342,,,161611,22,,,,0
979342,,,161612,10,,,,0
979342,,,161614,7,,,,0
979342,,,161617,12,,,,0
979342,,,161619,13,,,,0
979342,,,161620,28,,,,0
979342,,,161621,11,,,,0
979342,,,161622,6,,,,0
979342,,,161625,2,,,,0
979342,,,161626,25,,,,0
979342,,,162477,23,,,,0
979342,,,163201,17,,,,0
979342,,,206775,3,,,,0
979342,,,206776,4,,,,0
979342,,,206777,5,,,,0
979342,17:12:00,17:12:00,161607,1,,,,1
979342,17:17:27,17:17:27,161586,9,,,,1
979342,17:24:00,17:24:00,161583,14,,,,1
979342,17:29:00,17:29:00,161585,19,,,,1
979342,17:35:00,17:35:00,161588,24,,,,1
979342,17:43:00,17:43:00,161596,29,,,,1
979342,17:48:00,17:48:00,161607,32,,,,1
979343,,,161573,18,,,,0
979343,,,161575,16,,,,0
979343,,,161582,15,,,,0
979343,,,161590,20,,,,0
979343,,,161592,8,,,,0
979343,,,161593,27,,,,0
979343,,,161595,21,,,,0
979343,,,161599,26,,,,0
979343,,,161602,30,,,,0
979343,,,161609,31,,,,0
979343,,,161611,22,,,,0
979343,,,161612,10,,,,0
979343,,,161614,7,,,,0
979343,,,161617,12,,,,0
979343,,,161619,13,,,,0
979343,,,161620,28,,,,0
979343,,,161621,11,,,,0
979343,,,161622,6,,,,0
979343,,,161625,2,,,,0
979343,,,161626,25,,,,0
979343,,,162477,23,,,,0
979343,,,163201,17,,,,0
979343,,,206775,3,,,,0
979343,,,206776,4,,,,0
979343,,,206777,5,,,,0
979343,18:00:00,18:00:00,161607,1,,,,1
979343,18:05:27,18:05:27,161586,9,,,,1
979343,18:12:00,18:12:00,161583,14,,,,1
979343,18:17:00,18:17:00,161585,19,,,,1
979343,18:23:00,18:23:00,161588,24,,,,1
979343,18:31:00,18:31:00,161596,29,,,,1
979343,18:36:00,18:36:00,161607,32,,,,1
979344,,,161573,18,,,,0
979344,,,161575,16,,,,0
979344,,,161582,15,,,,0
979344,,,161590,20,,,,0
979344,,,161592,8,,,,0
979344,,,161593,27,,,,0
979344,,,161595,21,,,,0
979344,,,161599,26,,,,0
979344,,,161602,30,,,,0
979344,,,161609,31,,,,0
979344,,,161611,22,,,,0
979344,,,161612,10,,,,0
979344,,,161614,7,,,,0
979344,,,161617,12,,,,0
979344,,,161619,13,,,,0
979344,,,161620,28,,,,0
979344,,,161621,11,,,,0
979344,,,161622,6,,,,0
979344,,,161625,2,,,,0
979344,,,161626,25,,,,0
979344,,,162477,23,,,,0
979344,,,163201,17,,,,0
979344,,,206775,3,,,,0
979344,,,206776,4,,,,0
979344,,,206777,5,,,,0
979344,18:48:00,18:48:00,161607,1,,,,1
979344,18:53:27,18:53:27,161586,9,,,,1
979344,19:00:00,19:00:00,161583,14,,,,1
979344,19:05:00,19:05:00,161585,19,,,,1
979344,19:11:00,19:11:00,161588,24,,,,1
979344,19:19:00,19:19:00,161596,29,,,,1
979344,19:24:00,19:24:00,161607,32,,,,1
979349,,,161573,18,,,,0
979349,,,161575,16,,,,0
979349,,,161582,15,,,,0
979349,,,161590,20,,,,0
979349,,,161592,8,,,,0
979349,,,161593,27,,,,0
979349,,,161595,21,,,,0
979349,,,161599,26,,,,0
979349,,,161602,30,,,,0
979349,,,161609,31,,,,0
979349,,,161611,22,,,,0
979349,,,161612,10,,,,0
979349,,,161614,7,,,,0
979349,,,161617,12,,,,0
979349,,,161619,13,,,,0
979349,,,161620,28,,,,0
979349,,,161621,11,,,,0
979349,,,161622,6,,,,0
979349,,,161625,2,,,,0
979349,,,161626,25,,,,0
979349,,,162477,23,,,,0
979349,,,163201,17,,,,0
979349,,,206775,3,,,,0
979349,,,206776,4,,,,0
979349,,,206777,5,,,,0
979349,19:32:00,19:32:00,161607,1,,,,1
979349,19:37:00,19:37:00,161586,9,,,,1
979349,19:44:00,19:44:00,161583,14,,,,1
979349,19:49:00,19:49:00,161585,19,,,,1
979349,19:55:00,19:55:00,161588,24,,,,1
979349,20:00:00,20:00:00,161596,29,,,,1
979349,20:05:00,20:05:00,161607,32,,,,1
979350,,,161573,18,,,,0
979350,,,161575,16,,,,0
979350,,,161582,15,,,,0
979350,,,161590,20,,,,0
979350,,,161592,8,,,,0
979350,,,161593,27,,,,0
979350,,,161595,21,,,,0
979350,,,161599,26,,,,0
979350,,,161602,30,,,,0
979350,,,161609,31,,,,0
979350,,,161611,22,,,,0
979350,,,161612,10,,,,0
979350,,,161614,7,,,,0
979350,,,161617,12,,,,0
979350,,,161619,13,,,,0
979350,,,161620,28,,,,0
979350,,,161621,11,,,,0
979350,,,161622,6,,,,0
979350,,,161625,2,,,,0
979350,,,161626,25,,,,0
979350,,,162477,23,,,,0
979350,,,163201,17,,,,0
979350,,,206775,3,,,,0
979350,,,206776,4,,,,0
979350,,,206777,5,,,,0
979350,20:16:00,20:16:00,161607,1,,,,1
979350,20:21:00,20:21:00,161586,9,,,,1
979350,20:28:00,20:28:00,161583,14,,,,1
979350,20:33:00,20:33:00,161585,19,,,,1
979350,20:39:00,20:39:00,161588,24,,,,1
979350,20:44:00,20:44:00,161596,29,,,,1
979350,20:49:00,20:49:00,161607,32,,,,1
979351,,,161573,18,,,,0
979351,,,161575,16,,,,0
979351,,,161582,15,,,,0
979351,,,161590,20,,,,0
979351,,,161592,8,,,,0
979351,,,161593,27,,,,0
979351,,,161595,21,,,,0
979351,,,161599,26,,,,0
979351,,,161602,30,,,,0
979351,,,161609,31,,,,0
979351,,,161611,22,,,,0
979351,,,161612,10,,,,0
979351,,,161614,7,,,,0
979351,,,161617,12,,,,0
979351,,,161619,13,,,,0
979351,,,161620,28,,,,0
979351,,,161621,11,,,,0
979351,,,161622,6,,,,0
979351,,,161625,2,,,,0
979351,,,161626,25,,,,0
979351,,,162477,23,,,,0
979351,,,163201,17,,,,0
979351,,,206775,3,,,,0
979351,,,206776,4,,,,0
979351,,,206777,5,,,,0
979351,21:00:00,21:00:00,161607,1,,,,1
979351,21:05:00,21:05:00,161586,9,,,,1
979351,21:12:00,21:12:00,161583,14,,,,1
979351,21:17:00,21:17:00,161585,19,,,,1
979351,21:23:00,21:23:00,161588,24,,,,1
979351,21:28:00,21:28:00,161596,29,,,,1
979351,21:33:00,21:33:00,161607,32,,,,1
